timestamp,hour,outdoor_temp_c,radiation_w_m2,pv_kwh_per_kwp,marek_home,ania_home,kuba_home,zosia_home,people_home,marek_shift,home_office,school_day,free_day,heat_pump_kwh,refrigerator_kwh,kettle_kwh,coffee_machine_kwh,oven_kwh,hob_kwh,washing_machine_kwh,dishwasher_kwh,tv_kwh,gaming_console_kwh,desktop_computer_kwh,laptop_kwh,wifi_router_kwh,lighting_kwh,charging_kwh,standby_kwh,predicted_total_kwh,low_total_kwh,safe_predicted_total_kwh,peak_kw,actual_total_kwh,pv_kwp,comfort_level,pv_kwh,electricity_price,heating_usual_kwh,heating_opt_kwh,indoor_temp_usual,indoor_temp_opt,indoor_temp_opt_end,washing_machine_usual_kwh,washing_machine_opt_kwh,dishwasher_usual_kwh,dishwasher_opt_kwh,fixed_load_kwh,usual_load_kwh,opt_load_kwh,usual_grid_kwh,opt_grid_kwh
2026-09-28 00:00:00,0,13.7,0.0,0.0,2,2,2,2,4,2,0,1,0,0.0,0.0345,0.0,0.0001,0.0,0.0,0.0,0.0006,0.0,0.0001,0.0,0.0,0.0099,0.0007,0.0002,0.0497,0.0958,0.0,0.1168,0.204,,0,warm,0.0,0.18,0.0,0.0,21.0,21.0,21.0,0.0,0.0,0.0,1.0083873786407767,0.09519999999999999,0.09519999999999999,1.1035873786407766,0.09519999999999999,1.1035873786407766
2026-09-28 01:00:00,1,13.4,0.0,0.0,2,2,2,2,4,2,0,1,0,0.0,0.0375,0.0002,0.0,0.0022,0.0,0.0,0.0,0.0,0.0,0.0,0.0001,0.0103,0.0001,0.0003,0.0507,0.1015,0.0,0.1545,0.317,,0,warm,0.0,0.18,0.0,7.993605777301127e-15,21.0,21.0,21.0,0.0,0.0,0.0,0.0,0.1015,0.1015,0.101500000000008,0.1015,0.101500000000008
2026-09-28 02:00:00,2,12.9,0.0,0.0,2,2,2,2,4,2,0,1,0,0.0,0.0427,0.0001,0.0,0.0,0.0,0.0,0.0,0.0001,0.0,0.0,0.0,0.0121,0.0,0.0001,0.0525,0.1077,0.0,0.1707,0.447,,0,warm,0.0,0.18,0.0,7.993605777301127e-15,21.0,21.0,21.0,0.0,0.0,0.0,0.0,0.1077,0.1077,0.107700000000008,0.1077,0.107700000000008
2026-09-28 03:00:00,3,12.4,0.0,0.0,2,2,2,2,4,2,0,1,0,0.0097,0.0386,0.0,0.0,0.0053,0.0046,0.0447,0.0,0.0,0.0,0.0,0.0,0.0109,0.0001,0.0,0.0468,0.1605,0.0,0.2235,0.701,,0,warm,0.0,0.18,0.0097,-1.3322676295501878e-15,21.0,21.0,20.996119999999998,0.0,0.0,0.0,0.0,0.1061,0.1158,0.10609999999999867,0.1158,0.10609999999999867
2026-09-28 04:00:00,4,12.0,0.0,0.0,2,2,2,2,4,2,0,1,0,0.1006,0.0415,0.0,0.0002,0.0027,0.0,0.0022,0.0,0.0,0.0,0.0,0.0,0.0117,0.0,0.0,0.0516,0.2106,0.0586,0.3526,1.179,,0,warm,0.0,0.18,0.1006,0.3731250738589509,21.0,20.996119999999998,21.105269709543574,0.0,0.7956114893617022,0.0,0.0,0.10780000000000002,0.20840000000000003,1.2765365632206531,0.20840000000000003,1.2765365632206531
2026-09-28 05:00:00,5,11.6,0.0,0.0,2,2,2,2,4,2,0,1,0,0.1914,0.037,0.0,0.0004,0.0,0.0,0.0015,0.0,0.0,0.0,0.0,0.0,0.0107,0.0,0.0,0.0451,0.286,0.032,0.43,1.494,,0,warm,0.0,0.18,0.1914,2.4377,21.0,21.105269709543574,22.0,0.0,0.0,0.0,0.0,0.09309999999999999,0.2845,2.5308,0.2845,2.5308
2026-09-28 06:00:00,6,11.1,0.0,0.0,2,1,1,1,4,2,0,1,0,2.1697,0.0461,0.3669,0.1197,0.0004,0.0539,0.0328,0.0,0.0001,0.0,0.0,0.0001,0.0126,0.2078,0.0083,0.0481,3.0667,2.2827,3.3437,6.796,,0,warm,0.0,0.28,2.1697,0.0,21.0,22.0,21.09612,0.7956114893617022,0.0,0.0,0.0,0.8641999999999997,3.8295114893617024,0.8641999999999997,3.8295114893617024,0.8641999999999997
2026-09-28 07:00:00,7,11.1,3.0,0.0024,2,1,1,1,4,2,0,1,0,1.1475,0.043,0.0084,0.0066,0.0,0.0023,0.0443,0.0,0.0,0.0006,0.0,0.0005,0.0111,0.1897,0.0113,0.0487,1.5139,0.9639,2.0059,4.025,,0,warm,0.0,0.28,1.1475,0.9158508000000065,21.0,21.09612,21.0,0.0,0.0,0.0,0.0,0.32210000000000005,1.4696,1.2379508000000066,1.4696,1.2379508000000066
2026-09-28 08:00:00,8,12.0,81.0,0.0868,1,0,0,0,1,2,0,1,0,0.8368,0.0424,0.1393,0.1352,0.0,0.1822,0.0,0.0,0.0113,0.0,0.0,0.0007,0.0114,0.0045,0.0032,0.057,1.424,0.965,1.662,7.089,,0,warm,0.0,0.28,0.8368,0.8368000000000009,21.0,21.0,21.0,0.0,0.0,0.0,0.0,0.5871999999999999,1.424,1.4240000000000008,1.424,1.4240000000000008
2026-09-28 09:00:00,9,13.7,217.0,0.2509,1,0,0,0,1,2,0,1,0,0.5286,0.042,0.0035,0.0,0.0,0.0147,0.0126,0.0003,0.046,0.0028,0.0,0.0,0.0112,0.0,0.0,0.0542,0.7158,0.4218,1.0528,2.196,,0,warm,0.0,0.28,0.5286,0.5286000000000007,21.0,21.0,21.0,0.0,0.0,0.0,0.0,0.17430000000000004,0.7029,0.7029000000000007,0.7029,0.7029000000000007
2026-09-28 10:00:00,10,15.9,356.0,0.4251,1,0,0,0,1,2,0,1,0,0.2887,0.0363,0.0,0.0,0.0,0.0,0.0382,0.0139,0.0347,0.0,0.0,0.0,0.011,0.0,0.0002,0.0497,0.4726,0.2766,0.8966,2.119,,0,warm,0.0,0.28,0.2887,0.2887000000000009,21.0,21.0,21.0,0.0,0.0,0.0,0.0,0.13180000000000003,0.42050000000000004,0.42050000000000093,0.42050000000000004,0.42050000000000093
2026-09-28 11:00:00,11,18.0,472.0,0.5707,1,0,0,0,1,2,0,1,0,0.0802,0.0441,0.0019,0.0017,0.0,0.008,0.0004,0.0,0.0706,0.0127,0.0001,0.0011,0.012,0.0003,0.0,0.0561,0.2892,0.0,0.3692,2.201,,0,warm,0.0,0.28,0.0802,0.08020000000000493,21.0,21.0,21.0,0.0,0.0,0.0,0.0,0.2086,0.2888,0.28880000000000494,0.2888,0.28880000000000494
2026-09-28 12:00:00,12,19.6,548.0,0.6674,1,0,0,0,1,2,0,1,0,0.03,0.045,0.0379,0.0807,0.0148,0.09,0.0314,0.0,0.0344,0.0,0.0,0.0,0.012,0.0,0.0001,0.0598,0.4361,0.0,1.2061,4.602,,0,warm,0.0,0.28,0.03,0.030000000000008242,21.0,21.0,21.0,0.0,0.0,0.0,0.0,0.37470000000000003,0.40470000000000006,0.4047000000000083,0.40470000000000006,0.4047000000000083
2026-09-28 13:00:00,13,20.6,578.0,0.7055,1,0,0,0,1,2,0,1,0,0.0,0.0435,0.0207,0.0345,0.0126,0.1419,0.0024,0.0,0.0314,0.0,0.0132,0.0002,0.0118,0.0,0.0002,0.0486,0.3609,0.0,0.8339,4.168,,0,warm,0.0,0.28,0.0,9.325873406851315e-15,21.0,21.0,21.0,0.0,0.0,0.0,0.0,0.3585,0.3585,0.3585000000000093,0.3585,0.3585000000000093
2026-09-28 14:00:00,14,21.3,557.0,0.6792,0,0,0,1,1,2,0,1,0,0.0025,0.0482,0.0082,0.0021,0.1278,0.0119,0.0,0.011,0.0326,0.0,0.0008,0.0,0.0116,0.0,0.0002,0.0512,0.3081,0.0,0.5781,2.546,,0,warm,0.0,0.28,0.0025,0.0025000000000048317,21.0,21.0,21.0,0.0,0.0,0.0,0.0,0.2946,0.2971,0.2971000000000048,0.2971,0.2971000000000048
2026-09-28 15:00:00,15,21.5,488.0,0.5916,0,0,1,1,2,2,0,1,0,0.0024,0.0548,0.0234,0.0012,0.1511,0.0,0.0006,0.0,0.046,0.023,0.0738,0.0,0.0144,0.0,0.0,0.0635,0.4542,0.0,0.7572,2.794,,0,warm,0.0,0.28,0.0024,0.0024000000000086175,21.0,21.0,21.0,0.0,0.0,0.0,0.0,0.4512,0.4536,0.4536000000000086,0.4536,0.4536000000000086
2026-09-28 16:00:00,16,21.5,378.0,0.4528,0,0,0,1,1,2,0,1,0,0.0685,0.06,0.0301,0.0033,0.0366,0.0,0.0,0.0,0.0752,0.0549,0.0023,0.0,0.0144,0.0,0.0026,0.0757,0.4237,0.0957,0.7927,2.719,,0,warm,0.0,0.28,0.0685,0.18380848711094444,21.0,21.0,21.046123394844376,0.0,0.0,0.0,0.0,0.3552,0.4237,0.5390084871109444,0.4237,0.5390084871109444
2026-09-28 17:00:00,17,21.1,240.0,0.2802,0,1,0,1,2,2,0,1,0,0.0599,0.0513,0.0205,0.0,0.0448,0.3279,0.0,0.0002,0.0732,0.1199,0.0067,0.004,0.0126,0.0,0.0056,0.0522,0.7788,0.1198,1.8258,4.781,,0,warm,0.0,0.4,0.0599,0.0,21.0,21.046123394844376,21.020502952629975,0.0,0.0,0.0,0.0,0.7187000000000001,0.7786000000000001,0.7187000000000001,0.7786000000000001,0.7187000000000001
2026-09-28 18:00:00,18,20.2,100.0,0.1093,0,1,1,1,3,2,0,1,0,0.0121,0.0482,0.0376,0.0,1.4215,0.8084,0.0,0.0,0.0324,0.0266,0.0561,0.0388,0.012,0.0,0.0026,0.0464,2.5429,0.9829,3.5869,5.684,,0,warm,0.0,0.4,0.0121,0.0,21.0,21.020502952629975,21.014924846335294,0.0,0.0,0.0,0.0,2.5308,2.5429000000000004,2.5308,2.5429000000000004,2.5308
2026-09-28 19:00:00,19,18.7,7.0,0.0067,0,1,1,1,3,2,0,1,0,0.0285,0.0418,0.0046,0.0003,0.319,0.5039,0.032,0.3525,0.0312,0.0601,0.0728,0.0235,0.011,0.1445,0.0057,0.0421,1.6734,0.1424,2.9284,5.642,,0,warm,0.0,0.4,0.0285,0.0,21.0,21.014924846335294,21.00298755186722,0.0,0.0,0.0,0.0,1.2604000000000002,1.2889000000000002,1.2604000000000002,1.2889000000000002,1.2604000000000002
2026-09-28 20:00:00,20,17.5,0.0,0.0,0,1,1,1,3,2,0,1,0,0.0072,0.0434,0.0001,0.0,0.1198,0.201,0.0249,0.5163,0.0609,0.0269,0.0704,0.0228,0.0115,0.19,0.006,0.0456,1.3468,0.1888,2.1068,4.318,,0,warm,0.0,0.4,0.0072,0.0,21.0,21.00298755186722,21.0,0.0,0.0,1.0083873786407767,0.0,0.7983999999999999,1.8139873786407765,0.7983999999999999,1.8139873786407765,0.7983999999999999
2026-09-28 21:00:00,21,16.5,0.0,0.0,0,1,1,1,3,2,0,1,0,0.0113,0.0513,0.0008,0.0,0.0,0.0,0.007,0.1161,0.0667,0.0,0.1033,0.0311,0.0133,0.2222,0.0041,0.0613,0.6884,0.0604,1.5084,3.462,,0,warm,0.0,0.4,0.0113,7.105427357601002e-15,21.0,21.0,20.99548,0.0,0.0,0.0,0.0,0.554,0.5653,0.5540000000000072,0.5653,0.5540000000000072
2026-09-28 22:00:00,22,15.8,0.0,0.0,0,1,1,2,3,2,0,1,0,0.0,0.0435,0.0,0.0,0.0,0.0,0.0,0.0,0.0628,0.0007,0.0002,0.0,0.0111,0.1567,0.0034,0.0513,0.3297,0.1057,0.3867,0.515,,0,warm,0.0,0.28,0.0,7.105427357601002e-15,21.0,20.99548,20.99564272,0.0,0.0,0.0,0.0,0.3297,0.3297,0.3297000000000071,0.3297,0.3297000000000071
2026-09-28 23:00:00,23,15.4,0.0,0.0,1,2,2,2,4,2,0,1,0,0.0035,0.042,0.104,0.0506,0.0,0.1981,0.0,0.0097,0.0,0.001,0.0,0.0031,0.0119,0.1186,0.0001,0.053,0.5954,0.4054,0.7464,4.185,,0,warm,0.0,0.28,0.0035,0.014001044800000528,21.0,20.99564272,21.0,0.0,0.0,0.0,0.0,0.5822,0.5857,0.5962010448000006,0.5857,0.5962010448000006
2026-09-28 00:00:00,0,13.7,0.0,0.0,2,2,2,2,4,2,0,1,0,0.0,0.0345,0.0,0.0001,0.0,0.0,0.0,0.0006,0.0,0.0001,0.0,0.0,0.0099,0.0007,0.0002,0.0497,0.0958,0.0,0.1168,0.204,,0,standard,0.0,0.18,0.0,0.0,21.0,21.0,21.0,0.0,0.0,0.0,1.0083873786407767,0.09519999999999999,0.09519999999999999,1.1035873786407766,0.09519999999999999,1.1035873786407766
2026-09-28 01:00:00,1,13.4,0.0,0.0,2,2,2,2,4,2,0,1,0,0.0,0.0375,0.0002,0.0,0.0022,0.0,0.0,0.0,0.0,0.0,0.0,0.0001,0.0103,0.0001,0.0003,0.0507,0.1015,0.0,0.1545,0.317,,0,standard,0.0,0.18,0.0,7.993605777301127e-15,21.0,21.0,21.0,0.0,0.0,0.0,0.0,0.1015,0.1015,0.101500000000008,0.1015,0.101500000000008
2026-09-28 02:00:00,2,12.9,0.0,0.0,2,2,2,2,4,2,0,1,0,0.0,0.0427,0.0001,0.0,0.0,0.0,0.0,0.0,0.0001,0.0,0.0,0.0,0.0121,0.0,0.0001,0.0525,0.1077,0.0,0.1707,0.447,,0,standard,0.0,0.18,0.0,7.993605777301127e-15,21.0,21.0,21.0,0.0,0.0,0.0,0.0,0.1077,0.1077,0.107700000000008,0.1077,0.107700000000008
2026-09-28 03:00:00,3,12.4,0.0,0.0,2,2,2,2,4,2,0,1,0,0.0097,0.0386,0.0,0.0,0.0053,0.0046,0.0447,0.0,0.0,0.0,0.0,0.0,0.0109,0.0001,0.0,0.0468,0.1605,0.0,0.2235,0.701,,0,standard,0.0,0.18,0.0097,-1.3322676295501878e-15,21.0,21.0,20.996119999999998,0.0,0.0,0.0,0.0,0.1061,0.1158,0.10609999999999867,0.1158,0.10609999999999867
2026-09-28 04:00:00,4,12.0,0.0,0.0,2,2,2,2,4,2,0,1,0,0.1006,0.0415,0.0,0.0002,0.0027,0.0,0.0022,0.0,0.0,0.0,0.0,0.0,0.0117,0.0,0.0,0.0516,0.2106,0.0586,0.3526,1.179,,0,standard,0.0,0.18,0.1006,0.3731250738589509,21.0,20.996119999999998,21.105269709543574,0.0,0.7956114893617022,0.0,0.0,0.10780000000000002,0.20840000000000003,1.2765365632206531,0.20840000000000003,1.2765365632206531
2026-09-28 05:00:00,5,11.6,0.0,0.0,2,2,2,2,4,2,0,1,0,0.1914,0.037,0.0,0.0004,0.0,0.0,0.0015,0.0,0.0,0.0,0.0,0.0,0.0107,0.0,0.0,0.0451,0.286,0.032,0.43,1.494,,0,standard,0.0,0.18,0.1914,2.4377,21.0,21.105269709543574,22.0,0.0,0.0,0.0,0.0,0.09309999999999999,0.2845,2.5308,0.2845,2.5308
2026-09-28 06:00:00,6,11.1,0.0,0.0,2,1,1,1,4,2,0,1,0,2.1697,0.0461,0.3669,0.1197,0.0004,0.0539,0.0328,0.0,0.0001,0.0,0.0,0.0001,0.0126,0.2078,0.0083,0.0481,3.0667,2.2827,3.3437,6.796,,0,standard,0.0,0.28,2.1697,0.0,21.0,22.0,21.09612,0.7956114893617022,0.0,0.0,0.0,0.8641999999999997,3.8295114893617024,0.8641999999999997,3.8295114893617024,0.8641999999999997
2026-09-28 07:00:00,7,11.1,3.0,0.0024,2,1,1,1,4,2,0,1,0,1.1475,0.043,0.0084,0.0066,0.0,0.0023,0.0443,0.0,0.0,0.0006,0.0,0.0005,0.0111,0.1897,0.0113,0.0487,1.5139,0.9639,2.0059,4.025,,0,standard,0.0,0.28,1.1475,0.0,21.0,21.09612,20.633659679999997,0.0,0.0,0.0,0.0,0.32210000000000005,1.4696,0.32210000000000005,1.4696,0.32210000000000005
2026-09-28 08:00:00,8,12.0,81.0,0.0868,1,0,0,0,1,2,0,1,0,0.8368,0.0424,0.1393,0.1352,0.0,0.1822,0.0,0.0,0.0113,0.0,0.0,0.0007,0.0114,0.0045,0.0032,0.057,1.424,0.965,1.662,7.089,,0,standard,0.0,0.28,0.8368,0.46968017120001093,21.0,20.633659679999997,20.5,0.0,0.0,0.0,0.0,0.5871999999999999,1.424,1.0568801712000109,1.424,1.0568801712000109
2026-09-28 09:00:00,9,13.7,217.0,0.2509,1,0,0,0,1,2,0,1,0,0.5286,0.042,0.0035,0.0,0.0,0.0147,0.0126,0.0003,0.046,0.0028,0.0,0.0,0.0112,0.0,0.0,0.0542,0.7158,0.4218,1.0528,2.196,,0,standard,0.0,0.28,0.5286,0.48359999999999737,21.0,20.5,20.5,0.0,0.0,0.0,0.0,0.17430000000000004,0.7029,0.6578999999999974,0.7029,0.6578999999999974
2026-09-28 10:00:00,10,15.9,356.0,0.4251,1,0,0,0,1,2,0,1,0,0.2887,0.0363,0.0,0.0,0.0,0.0,0.0382,0.0139,0.0347,0.0,0.0,0.0,0.011,0.0,0.0002,0.0497,0.4726,0.2766,0.8966,2.119,,0,standard,0.0,0.28,0.2887,0.24370000000000225,21.0,20.5,20.5,0.0,0.0,0.0,0.0,0.13180000000000003,0.42050000000000004,0.3755000000000023,0.42050000000000004,0.3755000000000023
2026-09-28 11:00:00,11,18.0,472.0,0.5707,1,0,0,0,1,2,0,1,0,0.0802,0.0441,0.0019,0.0017,0.0,0.008,0.0004,0.0,0.0706,0.0127,0.0001,0.0011,0.012,0.0003,0.0,0.0561,0.2892,0.0,0.3692,2.201,,0,standard,0.0,0.28,0.0802,0.035199999999999676,21.0,20.5,20.5,0.0,0.0,0.0,0.0,0.2086,0.2888,0.24379999999999968,0.2888,0.24379999999999968
2026-09-28 12:00:00,12,19.6,548.0,0.6674,1,0,0,0,1,2,0,1,0,0.03,0.045,0.0379,0.0807,0.0148,0.09,0.0314,0.0,0.0344,0.0,0.0,0.0,0.012,0.0,0.0001,0.0598,0.4361,0.0,1.2061,4.602,,0,standard,0.0,0.28,0.03,0.0,21.0,20.5,20.506,0.0,0.0,0.0,0.0,0.37470000000000003,0.40470000000000006,0.37470000000000003,0.40470000000000006,0.37470000000000003
2026-09-28 13:00:00,13,20.6,578.0,0.7055,1,0,0,0,1,2,0,1,0,0.0,0.0435,0.0207,0.0345,0.0126,0.1419,0.0024,0.0,0.0314,0.0,0.0132,0.0002,0.0118,0.0,0.0002,0.0486,0.3609,0.0,0.8339,4.168,,0,standard,0.0,0.28,0.0,0.0,21.0,20.506,20.523784,0.0,0.0,0.0,0.0,0.3585,0.3585,0.3585,0.3585,0.3585
2026-09-28 14:00:00,14,21.3,557.0,0.6792,0,0,0,1,1,2,0,1,0,0.0025,0.0482,0.0082,0.0021,0.1278,0.0119,0.0,0.011,0.0326,0.0,0.0008,0.0,0.0116,0.0,0.0002,0.0512,0.3081,0.0,0.5781,2.546,,0,standard,0.0,0.28,0.0025,0.0,21.0,20.523784,20.539927776,0.0,0.0,0.0,0.0,0.2946,0.2971,0.2946,0.2971,0.2946
2026-09-28 15:00:00,15,21.5,488.0,0.5916,0,0,1,1,2,2,0,1,0,0.0024,0.0548,0.0234,0.0012,0.1511,0.0,0.0006,0.0,0.046,0.023,0.0738,0.0,0.0144,0.0,0.0,0.0635,0.4542,0.0,0.7572,2.794,,0,standard,0.0,0.28,0.0024,0.0,21.0,20.539927776,20.555530376064,0.0,0.0,0.0,0.0,0.4512,0.4536,0.4512,0.4536,0.4512
2026-09-28 16:00:00,16,21.5,378.0,0.4528,0,0,0,1,1,2,0,1,0,0.0685,0.06,0.0301,0.0033,0.0366,0.0,0.0,0.0,0.0752,0.0549,0.0023,0.0,0.0144,0.0,0.0026,0.0757,0.4237,0.0957,0.7927,2.719,,0,standard,0.0,0.28,0.0685,0.0,21.0,20.555530376064,20.544131282525694,0.0,0.0,0.0,0.0,0.3552,0.4237,0.3552,0.4237,0.3552
2026-09-28 17:00:00,17,21.1,240.0,0.2802,0,1,0,1,2,2,0,1,0,0.0599,0.0513,0.0205,0.0,0.0448,0.3279,0.0,0.0002,0.0732,0.1199,0.0067,0.004,0.0126,0.0,0.0056,0.0522,0.7788,0.1198,1.8258,4.781,,0,standard,0.0,0.4,0.0599,0.0,21.0,20.544131282525694,20.53658255635477,0.0,0.0,0.0,0.0,0.7187000000000001,0.7786000000000001,0.7187000000000001,0.7786000000000001,0.7187000000000001
2026-09-28 18:00:00,18,20.2,100.0,0.1093,0,1,1,1,3,2,0,1,0,0.0121,0.0482,0.0376,0.0,1.4215,0.8084,0.0,0.0,0.0324,0.0266,0.0561,0.0388,0.012,0.0,0.0026,0.0464,2.5429,0.9829,3.5869,5.684,,0,standard,0.0,0.4,0.0121,0.0,21.0,20.53658255635477,20.548425584325997,0.0,0.0,0.0,0.0,2.5308,2.5429000000000004,2.5308,2.5429000000000004,2.5308
2026-09-28 19:00:00,19,18.7,7.0,0.0067,0,1,1,1,3,2,0,1,0,0.0285,0.0418,0.0046,0.0003,0.319,0.5039,0.032,0.3525,0.0312,0.0601,0.0728,0.0235,0.011,0.1445,0.0057,0.0421,1.6734,0.1424,2.9284,5.642,,0,standard,0.0,0.4,0.0285,0.0,21.0,20.548425584325997,20.55328226329026,0.0,0.0,0.0,0.0,1.2604000000000002,1.2889000000000002,1.2604000000000002,1.2889000000000002,1.2604000000000002
2026-09-28 20:00:00,20,17.5,0.0,0.0,0,1,1,1,3,2,0,1,0,0.0072,0.0434,0.0001,0.0,0.1198,0.201,0.0249,0.5163,0.0609,0.0269,0.0704,0.0228,0.0115,0.19,0.006,0.0456,1.3468,0.1888,2.1068,4.318,,0,standard,0.0,0.4,0.0072,0.0,21.0,20.55328226329026,20.56648410181181,0.0,0.0,1.0083873786407767,0.0,0.7983999999999999,1.8139873786407765,0.7983999999999999,1.8139873786407765,0.7983999999999999
2026-09-28 21:00:00,21,16.5,0.0,0.0,0,1,1,1,3,2,0,1,0,0.0113,0.0513,0.0008,0.0,0.0,0.0,0.007,0.1161,0.0667,0.0,0.1033,0.0311,0.0133,0.2222,0.0041,0.0613,0.6884,0.0604,1.5084,3.462,,0,standard,0.0,0.4,0.0113,0.0,21.0,20.56648410181181,20.577570674146585,0.0,0.0,0.0,0.0,0.554,0.5653,0.554,0.5653,0.554
2026-09-28 22:00:00,22,15.8,0.0,0.0,0,1,1,2,3,2,0,1,0,0.0,0.0435,0.0,0.0,0.0,0.0,0.0,0.0,0.0628,0.0007,0.0002,0.0,0.0111,0.1567,0.0034,0.0513,0.3297,0.1057,0.3867,0.515,,0,standard,0.0,0.28,0.0,0.0,21.0,20.577570674146585,20.592778129877306,0.0,0.0,0.0,0.0,0.3297,0.3297,0.3297,0.3297,0.3297
2026-09-28 23:00:00,23,15.4,0.0,0.0,1,2,2,2,4,2,0,1,0,0.0035,0.042,0.104,0.0506,0.0,0.1981,0.0,0.0097,0.0,0.001,0.0,0.0031,0.0119,0.1186,0.0001,0.053,0.5954,0.4054,0.7464,4.185,,0,standard,0.0,0.28,0.0035,0.9849047069956907,21.0,20.592778129877306,21.0,0.0,0.0,0.0,0.0,0.5822,0.5857,1.5671047069956907,0.5857,1.5671047069956907
2026-09-28 00:00:00,0,13.7,0.0,0.0,2,2,2,2,4,2,0,1,0,0.0,0.0345,0.0,0.0001,0.0,0.0,0.0,0.0006,0.0,0.0001,0.0,0.0,0.0099,0.0007,0.0002,0.0497,0.0958,0.0,0.1168,0.204,,0,balanced,0.0,0.18,0.0,0.0,21.0,21.0,21.0,0.0,0.0,0.0,1.0083873786407767,0.09519999999999999,0.09519999999999999,1.1035873786407766,0.09519999999999999,1.1035873786407766
2026-09-28 01:00:00,1,13.4,0.0,0.0,2,2,2,2,4,2,0,1,0,0.0,0.0375,0.0002,0.0,0.0022,0.0,0.0,0.0,0.0,0.0,0.0,0.0001,0.0103,0.0001,0.0003,0.0507,0.1015,0.0,0.1545,0.317,,0,balanced,0.0,0.18,0.0,0.0,21.0,21.0,21.0,0.0,0.0,0.0,0.0,0.1015,0.1015,0.1015,0.1015,0.1015
2026-09-28 02:00:00,2,12.9,0.0,0.0,2,2,2,2,4,2,0,1,0,0.0,0.0427,0.0001,0.0,0.0,0.0,0.0,0.0,0.0001,0.0,0.0,0.0,0.0121,0.0,0.0001,0.0525,0.1077,0.0,0.1707,0.447,,0,balanced,0.0,0.18,0.0,0.0,21.0,21.0,21.0,0.0,0.0,0.0,0.0,0.1077,0.1077,0.1077,0.1077,0.1077
2026-09-28 03:00:00,3,12.4,0.0,0.0,2,2,2,2,4,2,0,1,0,0.0097,0.0386,0.0,0.0,0.0053,0.0046,0.0447,0.0,0.0,0.0,0.0,0.0,0.0109,0.0001,0.0,0.0468,0.1605,0.0,0.2235,0.701,,0,balanced,0.0,0.18,0.0097,0.0,21.0,21.0,20.99612,0.0,0.0,0.0,0.0,0.1061,0.1158,0.1061,0.1158,0.1061
2026-09-28 04:00:00,4,12.0,0.0,0.0,2,2,2,2,4,2,0,1,0,0.1006,0.0415,0.0,0.0002,0.0027,0.0,0.0022,0.0,0.0,0.0,0.0,0.0,0.0117,0.0,0.0,0.0516,0.2106,0.0586,0.3526,1.179,,0,balanced,0.0,0.18,0.1006,0.24398663127072062,21.0,20.99612,21.05361433250829,0.0,0.7956114893617022,0.0,0.0,0.10780000000000002,0.20840000000000003,1.1473981206324229,0.20840000000000003,1.1473981206324229
2026-09-28 05:00:00,5,11.6,0.0,0.0,2,2,2,2,4,2,0,1,0,0.1914,0.037,0.0,0.0004,0.0,0.0,0.0015,0.0,0.0,0.0,0.0,0.0,0.0107,0.0,0.0,0.0451,0.286,0.032,0.43,1.494,,0,balanced,0.0,0.18,0.1914,2.4377,21.0,21.05361433250829,21.950204216537987,0.0,0.0,0.0,0.0,0.09309999999999999,0.2845,2.5308,0.2845,2.5308
2026-09-28 06:00:00,6,11.1,0.0,0.0,2,1,1,1,4,2,0,1,0,2.1697,0.0461,0.3669,0.1197,0.0004,0.0539,0.0328,0.0,0.0001,0.0,0.0,0.0001,0.0126,0.2078,0.0083,0.0481,3.0667,2.2827,3.3437,6.796,,0,balanced,0.0,0.28,2.1697,0.0,21.0,21.950204216537987,21.048116864742617,0.7956114893617022,0.0,0.0,0.0,0.8641999999999997,3.8295114893617024,0.8641999999999997,3.8295114893617024,0.8641999999999997
2026-09-28 07:00:00,7,11.1,3.0,0.0024,2,1,1,1,4,2,0,1,0,1.1475,0.043,0.0084,0.0066,0.0,0.0023,0.0443,0.0,0.0,0.0006,0.0,0.0005,0.0111,0.1897,0.0113,0.0487,1.5139,0.9639,2.0059,4.025,,0,balanced,0.0,0.28,1.1475,0.0,21.0,21.048116864742617,20.58738465761188,0.0,0.0,0.0,0.0,0.32210000000000005,1.4696,0.32210000000000005,1.4696,0.32210000000000005
2026-09-28 08:00:00,8,12.0,81.0,0.0868,1,0,0,0,1,2,0,1,0,0.8368,0.0424,0.1393,0.1352,0.0,0.1822,0.0,0.0,0.0113,0.0,0.0,0.0007,0.0114,0.0045,0.0032,0.057,1.424,0.965,1.662,7.089,,0,balanced,0.0,0.28,0.8368,0.0,21.0,20.58738465761188,20.26751880993785,0.0,0.0,0.0,0.0,0.5871999999999999,1.424,0.5871999999999999,1.424,0.5871999999999999
2026-09-28 09:00:00,9,13.7,217.0,0.2509,1,0,0,0,1,2,0,1,0,0.5286,0.042,0.0035,0.0,0.0,0.0147,0.0126,0.0003,0.046,0.0028,0.0,0.0,0.0112,0.0,0.0,0.0542,0.7158,0.4218,1.0528,2.196,,0,balanced,0.0,0.28,0.5286,0.0,21.0,20.26751880993785,20.082448132780087,0.0,0.0,0.0,0.0,0.17430000000000004,0.7029,0.17430000000000004,0.7029,0.17430000000000004
2026-09-28 10:00:00,10,15.9,356.0,0.4251,1,0,0,0,1,2,0,1,0,0.2887,0.0363,0.0,0.0,0.0,0.0,0.0382,0.0139,0.0347,0.0,0.0,0.0,0.011,0.0,0.0002,0.0497,0.4726,0.2766,0.8966,2.119,,0,balanced,0.0,0.28,0.2887,0.0,21.0,20.082448132780087,20.0,0.0,0.0,0.0,0.0,0.13180000000000003,0.42050000000000004,0.13180000000000003,0.42050000000000004,0.13180000000000003
2026-09-28 11:00:00,11,18.0,472.0,0.5707,1,0,0,0,1,2,0,1,0,0.0802,0.0441,0.0019,0.0017,0.0,0.008,0.0004,0.0,0.0706,0.0127,0.0001,0.0011,0.012,0.0003,0.0,0.0561,0.2892,0.0,0.3692,2.201,,0,balanced,0.0,0.28,0.0802,0.0,21.0,20.0,20.00392,0.0,0.0,0.0,0.0,0.2086,0.2888,0.2086,0.2888,0.2086
2026-09-28 12:00:00,12,19.6,548.0,0.6674,1,0,0,0,1,2,0,1,0,0.03,0.045,0.0379,0.0807,0.0148,0.09,0.0314,0.0,0.0344,0.0,0.0,0.0,0.012,0.0,0.0001,0.0598,0.4361,0.0,1.2061,4.602,,0,balanced,0.0,0.28,0.03,0.0,21.0,20.00392,20.02777888,0.0,0.0,0.0,0.0,0.37470000000000003,0.40470000000000006,0.37470000000000003,0.40470000000000006,0.37470000000000003
2026-09-28 13:00:00,13,20.6,578.0,0.7055,1,0,0,0,1,2,0,1,0,0.0,0.0435,0.0207,0.0345,0.0126,0.1419,0.0024,0.0,0.0314,0.0,0.0132,0.0002,0.0118,0.0,0.0002,0.0486,0.3609,0.0,0.8339,4.168,,0,balanced,0.0,0.28,0.0,0.0,21.0,20.02777888,20.06277884032,0.0,0.0,0.0,0.0,0.3585,0.3585,0.3585,0.3585,0.3585
2026-09-28 14:00:00,14,21.3,557.0,0.6792,0,0,0,1,1,2,0,1,0,0.0025,0.0482,0.0082,0.0021,0.1278,0.0119,0.0,0.011,0.0326,0.0,0.0008,0.0,0.0116,0.0,0.0002,0.0512,0.3081,0.0,0.5781,2.546,,0,balanced,0.0,0.28,0.0025,0.0,21.0,20.06277884032,20.09551880206848,0.0,0.0,0.0,0.0,0.2946,0.2971,0.2946,0.2971,0.2946
2026-09-28 15:00:00,15,21.5,488.0,0.5916,0,0,1,1,2,2,0,1,0,0.0024,0.0548,0.0234,0.0012,0.1511,0.0,0.0006,0.0,0.046,0.023,0.0738,0.0,0.0144,0.0,0.0,0.0635,0.4542,0.0,0.7572,2.794,,0,balanced,0.0,0.28,0.0024,0.0,21.0,20.09551880206848,20.127120125194015,0.0,0.0,0.0,0.0,0.4512,0.4536,0.4512,0.4536,0.4512
2026-09-28 16:00:00,16,21.5,378.0,0.4528,0,0,0,1,1,2,0,1,0,0.0685,0.06,0.0301,0.0033,0.0366,0.0,0.0,0.0,0.0752,0.0549,0.0023,0.0,0.0144,0.0,0.0026,0.0757,0.4237,0.0957,0.7927,2.719,,0,balanced,0.0,0.28,0.0685,0.0,21.0,20.127120125194015,20.13114380068703,0.0,0.0,0.0,0.0,0.3552,0.4237,0.3552,0.4237,0.3552
2026-09-28 17:00:00,17,21.1,240.0,0.2802,0,1,0,1,2,2,0,1,0,0.0599,0.0513,0.0205,0.0,0.0448,0.3279,0.0,0.0002,0.0732,0.1199,0.0067,0.004,0.0126,0.0,0.0056,0.0522,0.7788,0.1198,1.8258,4.781,,0,balanced,0.0,0.4,0.0599,0.0,21.0,20.13114380068703,20.1384626238623,0.0,0.0,0.0,0.0,0.7187000000000001,0.7786000000000001,0.7187000000000001,0.7786000000000001,0.7187000000000001
2026-09-28 18:00:00,18,20.2,100.0,0.1093,0,1,1,1,3,2,0,1,0,0.0121,0.0482,0.0376,0.0,1.4215,0.8084,0.0,0.0,0.0324,0.0266,0.0561,0.0388,0.012,0.0,0.0026,0.0464,2.5429,0.9829,3.5869,5.684,,0,balanced,0.0,0.4,0.0121,0.0,21.0,20.1384626238623,20.164637969403255,0.0,0.0,0.0,0.0,2.5308,2.5429000000000004,2.5308,2.5429000000000004,2.5308
2026-09-28 19:00:00,19,18.7,7.0,0.0067,0,1,1,1,3,2,0,1,0,0.0285,0.0418,0.0046,0.0003,0.319,0.5039,0.032,0.3525,0.0312,0.0601,0.0728,0.0235,0.011,0.1445,0.0057,0.0421,1.6734,0.1424,2.9284,5.642,,0,balanced,0.0,0.4,0.0285,0.0,21.0,20.164637969403255,20.183311002504738,0.0,0.0,0.0,0.0,1.2604000000000002,1.2889000000000002,1.2604000000000002,1.2889000000000002,1.2604000000000002
2026-09-28 20:00:00,20,17.5,0.0,0.0,0,1,1,1,3,2,0,1,0,0.0072,0.0434,0.0001,0.0,0.1198,0.201,0.0249,0.5163,0.0609,0.0269,0.0704,0.0228,0.0115,0.19,0.006,0.0456,1.3468,0.1888,2.1068,4.318,,0,balanced,0.0,0.4,0.0072,0.0,21.0,20.183311002504738,20.209831806414567,0.0,0.0,1.0083873786407767,0.0,0.7983999999999999,1.8139873786407765,0.7983999999999999,1.8139873786407765,0.7983999999999999
2026-09-28 21:00:00,21,16.5,0.0,0.0,0,1,1,1,3,2,0,1,0,0.0113,0.0513,0.0008,0.0,0.0,0.0,0.007,0.1161,0.0667,0.0,0.1033,0.0311,0.0133,0.2222,0.0041,0.0613,0.6884,0.0604,1.5084,3.462,,0,balanced,0.0,0.4,0.0113,0.0,21.0,20.209831806414567,20.23375786138364,0.0,0.0,0.0,0.0,0.554,0.5653,0.554,0.5653,0.554
2026-09-28 22:00:00,22,15.8,0.0,0.0,0,1,1,2,3,2,0,1,0,0.0,0.0435,0.0,0.0,0.0,0.0,0.0,0.0,0.0628,0.0007,0.0002,0.0,0.0111,0.1567,0.0034,0.0513,0.3297,0.1057,0.3867,0.515,,0,balanced,0.0,0.28,0.0,0.0,21.0,20.23375786138364,20.261342578373828,0.0,0.0,0.0,0.0,0.3297,0.3297,0.3297,0.3297,0.3297
2026-09-28 23:00:00,23,15.4,0.0,0.0,1,2,2,2,4,2,0,1,0,0.0035,0.042,0.104,0.0506,0.0,0.1981,0.0,0.0097,0.0,0.001,0.0,0.0031,0.0119,0.1186,0.0001,0.053,0.5954,0.4054,0.7464,4.185,,0,balanced,0.0,0.28,0.0035,1.7836643861190726,21.0,20.261342578373828,21.0,0.0,0.0,0.0,0.0,0.5822,0.5857,2.365864386119073,0.5857,2.365864386119073
2026-09-28 00:00:00,0,13.7,0.0,0.0,2,2,2,2,4,2,0,1,0,0.0,0.0345,0.0,0.0001,0.0,0.0,0.0,0.0006,0.0,0.0001,0.0,0.0,0.0099,0.0007,0.0002,0.0497,0.0958,0.0,0.1168,0.204,,0,saver,0.0,0.18,0.0,0.0,21.0,21.0,21.0,0.0,0.0,0.0,1.0083873786407767,0.09519999999999999,0.09519999999999999,1.1035873786407766,0.09519999999999999,1.1035873786407766
2026-09-28 01:00:00,1,13.4,0.0,0.0,2,2,2,2,4,2,0,1,0,0.0,0.0375,0.0002,0.0,0.0022,0.0,0.0,0.0,0.0,0.0,0.0,0.0001,0.0103,0.0001,0.0003,0.0507,0.1015,0.0,0.1545,0.317,,0,saver,0.0,0.18,0.0,0.0,21.0,21.0,21.0,0.0,0.0,0.0,0.0,0.1015,0.1015,0.1015,0.1015,0.1015
2026-09-28 02:00:00,2,12.9,0.0,0.0,2,2,2,2,4,2,0,1,0,0.0,0.0427,0.0001,0.0,0.0,0.0,0.0,0.0,0.0001,0.0,0.0,0.0,0.0121,0.0,0.0001,0.0525,0.1077,0.0,0.1707,0.447,,0,saver,0.0,0.18,0.0,0.0,21.0,21.0,21.0,0.0,0.0,0.0,0.0,0.1077,0.1077,0.1077,0.1077,0.1077
2026-09-28 03:00:00,3,12.4,0.0,0.0,2,2,2,2,4,2,0,1,0,0.0097,0.0386,0.0,0.0,0.0053,0.0046,0.0447,0.0,0.0,0.0,0.0,0.0,0.0109,0.0001,0.0,0.0468,0.1605,0.0,0.2235,0.701,,0,saver,0.0,0.18,0.0097,0.0,21.0,21.0,20.99612,0.0,0.0,0.0,0.0,0.1061,0.1158,0.1061,0.1158,0.1061
2026-09-28 04:00:00,4,12.0,0.0,0.0,2,2,2,2,4,2,0,1,0,0.1006,0.0415,0.0,0.0002,0.0027,0.0,0.0022,0.0,0.0,0.0,0.0,0.0,0.0117,0.0,0.0,0.0516,0.2106,0.0586,0.3526,1.179,,0,saver,0.0,0.18,0.1006,0.0,21.0,20.99612,20.95601968,0.0,0.7956114893617022,0.0,0.0,0.10780000000000002,0.20840000000000003,0.9034114893617022,0.20840000000000003,0.9034114893617022
2026-09-28 05:00:00,5,11.6,0.0,0.0,2,2,2,2,4,2,0,1,0,0.1914,0.037,0.0,0.0004,0.0,0.0,0.0015,0.0,0.0,0.0,0.0,0.0,0.0107,0.0,0.0,0.0451,0.286,0.032,0.43,1.494,,0,saver,0.0,0.18,0.1914,1.171404817150501,21.0,20.95601968,21.3496048983802,0.0,0.0,0.0,0.0,0.09309999999999999,0.2845,1.264504817150501,0.2845,1.264504817150501
2026-09-28 06:00:00,6,11.1,0.0,0.0,2,1,1,1,4,2,0,1,0,2.1697,0.0461,0.3669,0.1197,0.0004,0.0539,0.0328,0.0,0.0001,0.0,0.0,0.0001,0.0126,0.2078,0.0083,0.0481,3.0667,2.2827,3.3437,6.796,,0,saver,0.0,0.28,2.1697,0.0,21.0,21.3496048983802,20.469139122038513,0.7956114893617022,0.0,0.0,0.0,0.8641999999999997,3.8295114893617024,0.8641999999999997,3.8295114893617024,0.8641999999999997
2026-09-28 07:00:00,7,11.1,3.0,0.0024,2,1,1,1,4,2,0,1,0,1.1475,0.043,0.0084,0.0066,0.0,0.0023,0.0443,0.0,0.0,0.0006,0.0,0.0005,0.0111,0.1897,0.0113,0.0487,1.5139,0.9639,2.0059,4.025,,0,saver,0.0,0.28,1.1475,0.0,21.0,20.469139122038513,20.029250113645126,0.0,0.0,0.0,0.0,0.32210000000000005,1.4696,0.32210000000000005,1.4696,0.32210000000000005
2026-09-28 08:00:00,8,12.0,81.0,0.0868,1,0,0,0,1,2,0,1,0,0.8368,0.0424,0.1393,0.1352,0.0,0.1822,0.0,0.0,0.0113,0.0,0.0,0.0007,0.0114,0.0045,0.0032,0.057,1.424,0.965,1.662,7.089,,0,saver,0.0,0.28,0.8368,0.0,21.0,20.029250113645126,19.7294771095539,0.0,0.0,0.0,0.0,0.5871999999999999,1.424,0.5871999999999999,1.424,0.5871999999999999
2026-09-28 09:00:00,9,13.7,217.0,0.2509,1,0,0,0,1,2,0,1,0,0.5286,0.042,0.0035,0.0,0.0,0.0147,0.0126,0.0003,0.046,0.0028,0.0,0.0,0.0112,0.0,0.0,0.0542,0.7158,0.4218,1.0528,2.196,,0,saver,0.0,0.28,0.5286,0.0,21.0,19.7294771095539,19.56377593360996,0.0,0.0,0.0,0.0,0.17430000000000004,0.7029,0.17430000000000004,0.7029,0.17430000000000004
2026-09-28 10:00:00,10,15.9,356.0,0.4251,1,0,0,0,1,2,0,1,0,0.2887,0.0363,0.0,0.0,0.0,0.0,0.0382,0.0139,0.0347,0.0,0.0,0.0,0.011,0.0,0.0002,0.0497,0.4726,0.2766,0.8966,2.119,,0,saver,0.0,0.28,0.2887,0.0,21.0,19.56377593360996,19.5,0.0,0.0,0.0,0.0,0.13180000000000003,0.42050000000000004,0.13180000000000003,0.42050000000000004,0.13180000000000003
2026-09-28 11:00:00,11,18.0,472.0,0.5707,1,0,0,0,1,2,0,1,0,0.0802,0.0441,0.0019,0.0017,0.0,0.008,0.0004,0.0,0.0706,0.0127,0.0001,0.0011,0.012,0.0003,0.0,0.0561,0.2892,0.0,0.3692,2.201,,0,saver,0.0,0.28,0.0802,0.0,21.0,19.5,19.521919999999998,0.0,0.0,0.0,0.0,0.2086,0.2888,0.2086,0.2888,0.2086
2026-09-28 12:00:00,12,19.6,548.0,0.6674,1,0,0,0,1,2,0,1,0,0.03,0.045,0.0379,0.0807,0.0148,0.09,0.0314,0.0,0.0344,0.0,0.0,0.0,0.012,0.0,0.0001,0.0598,0.4361,0.0,1.2061,4.602,,0,saver,0.0,0.28,0.03,0.0,21.0,19.521919999999998,19.563130879999996,0.0,0.0,0.0,0.0,0.37470000000000003,0.40470000000000006,0.37470000000000003,0.40470000000000006,0.37470000000000003
2026-09-28 13:00:00,13,20.6,578.0,0.7055,1,0,0,0,1,2,0,1,0,0.0,0.0435,0.0207,0.0345,0.0126,0.1419,0.0024,0.0,0.0314,0.0,0.0132,0.0002,0.0118,0.0,0.0002,0.0486,0.3609,0.0,0.8339,4.168,,0,saver,0.0,0.28,0.0,0.0,21.0,19.563130879999996,19.614858168319994,0.0,0.0,0.0,0.0,0.3585,0.3585,0.3585,0.3585,0.3585
2026-09-28 14:00:00,14,21.3,557.0,0.6792,0,0,0,1,1,2,0,1,0,0.0025,0.0482,0.0082,0.0021,0.1278,0.0119,0.0,0.011,0.0326,0.0,0.0008,0.0,0.0116,0.0,0.0002,0.0512,0.3081,0.0,0.5781,2.546,,0,saver,0.0,0.28,0.0025,0.0,21.0,19.614858168319994,19.663723274260473,0.0,0.0,0.0,0.0,0.2946,0.2971,0.2946,0.2971,0.2946
2026-09-28 15:00:00,15,21.5,488.0,0.5916,0,0,1,1,2,2,0,1,0,0.0024,0.0548,0.0234,0.0012,0.1511,0.0,0.0006,0.0,0.046,0.023,0.0738,0.0,0.0144,0.0,0.0,0.0635,0.4542,0.0,0.7572,2.794,,0,saver,0.0,0.28,0.0024,0.0,21.0,19.663723274260473,19.710869236387097,0.0,0.0,0.0,0.0,0.4512,0.4536,0.4512,0.4536,0.4512
2026-09-28 16:00:00,16,21.5,378.0,0.4528,0,0,0,1,1,2,0,1,0,0.0685,0.06,0.0301,0.0033,0.0366,0.0,0.0,0.0,0.0752,0.0549,0.0023,0.0,0.0144,0.0,0.0026,0.0757,0.4237,0.0957,0.7927,2.719,,0,saver,0.0,0.28,0.0685,0.0,21.0,19.710869236387097,19.72987794387716,0.0,0.0,0.0,0.0,0.3552,0.4237,0.3552,0.4237,0.3552
2026-09-28 17:00:00,17,21.1,240.0,0.2802,0,1,0,1,2,2,0,1,0,0.0599,0.0513,0.0205,0.0,0.0448,0.3279,0.0,0.0002,0.0732,0.1199,0.0067,0.004,0.0126,0.0,0.0056,0.0522,0.7788,0.1198,1.8258,4.781,,0,saver,0.0,0.4,0.0599,0.0,21.0,19.72987794387716,19.751642337897582,0.0,0.0,0.0,0.0,0.7187000000000001,0.7786000000000001,0.7187000000000001,0.7786000000000001,0.7187000000000001
2026-09-28 18:00:00,18,20.2,100.0,0.1093,0,1,1,1,3,2,0,1,0,0.0121,0.0482,0.0376,0.0,1.4215,0.8084,0.0,0.0,0.0324,0.0266,0.0561,0.0388,0.012,0.0,0.0026,0.0464,2.5429,0.9829,3.5869,5.684,,0,saver,0.0,0.4,0.0121,0.0,21.0,19.751642337897582,19.791743213733266,0.0,0.0,0.0,0.0,2.5308,2.5429000000000004,2.5308,2.5429000000000004,2.5308
2026-09-28 19:00:00,19,18.7,7.0,0.0067,0,1,1,1,3,2,0,1,0,0.0285,0.0418,0.0046,0.0003,0.319,0.5039,0.032,0.3525,0.0312,0.0601,0.0728,0.0235,0.011,0.1445,0.0057,0.0421,1.6734,0.1424,2.9284,5.642,,0,saver,0.0,0.4,0.0285,0.0,21.0,19.791743213733266,19.823840458038866,0.0,0.0,0.0,0.0,1.2604000000000002,1.2889000000000002,1.2604000000000002,1.2889000000000002,1.2604000000000002
2026-09-28 20:00:00,20,17.5,0.0,0.0,0,1,1,1,3,2,0,1,0,0.0072,0.0434,0.0001,0.0,0.1198,0.201,0.0249,0.5163,0.0609,0.0269,0.0704,0.0228,0.0115,0.19,0.006,0.0456,1.3468,0.1888,2.1068,4.318,,0,saver,0.0,0.4,0.0072,0.0,21.0,19.823840458038866,19.863302201549466,0.0,0.0,1.0083873786407767,0.0,0.7983999999999999,1.8139873786407765,0.7983999999999999,1.8139873786407765,0.7983999999999999
2026-09-28 21:00:00,21,16.5,0.0,0.0,0,1,1,1,3,2,0,1,0,0.0113,0.0513,0.0008,0.0,0.0,0.0,0.007,0.1161,0.0667,0.0,0.1033,0.0311,0.0133,0.2222,0.0041,0.0613,0.6884,0.0604,1.5084,3.462,,0,saver,0.0,0.4,0.0113,0.0,21.0,19.863302201549466,19.899703322293686,0.0,0.0,0.0,0.0,0.554,0.5653,0.554,0.5653,0.554
2026-09-28 22:00:00,22,15.8,0.0,0.0,0,1,1,2,3,2,0,1,0,0.0,0.0435,0.0,0.0,0.0,0.0,0.0,0.0,0.0628,0.0007,0.0002,0.0,0.0111,0.1567,0.0034,0.0513,0.3297,0.1057,0.3867,0.515,,0,saver,0.0,0.28,0.0,0.6339764040605989,21.0,19.899703322293686,20.192904564315352,0.0,0.0,0.0,0.0,0.3297,0.3297,0.9636764040605988,0.3297,0.9636764040605988
2026-09-28 23:00:00,23,15.4,0.0,0.0,1,2,2,2,4,2,0,1,0,0.0035,0.042,0.104,0.0506,0.0,0.1981,0.0,0.0097,0.0,0.001,0.0,0.0031,0.0119,0.1186,0.0001,0.053,0.5954,0.4054,0.7464,4.185,,0,saver,0.0,0.28,0.0035,1.9486,21.0,20.192904564315352,21.0,0.0,0.0,0.0,0.0,0.5822,0.5857,2.5308,0.5857,2.5308
2026-09-28 00:00:00,0,13.7,0.0,0.0,2,2,2,2,4,2,0,1,0,0.0,0.0345,0.0,0.0001,0.0,0.0,0.0,0.0006,0.0,0.0001,0.0,0.0,0.0099,0.0007,0.0002,0.0497,0.0958,0.0,0.1168,0.204,,3,warm,0.0,0.18,0.0,0.0,21.0,21.0,21.0,0.0,0.0,0.0,1.0083873786407767,0.09519999999999999,0.09519999999999999,1.1035873786407766,0.09519999999999999,1.1035873786407766
2026-09-28 01:00:00,1,13.4,0.0,0.0,2,2,2,2,4,2,0,1,0,0.0,0.0375,0.0002,0.0,0.0022,0.0,0.0,0.0,0.0,0.0,0.0,0.0001,0.0103,0.0001,0.0003,0.0507,0.1015,0.0,0.1545,0.317,,3,warm,0.0,0.18,0.0,8.326672684688674e-16,21.0,21.0,21.0,0.0,0.0,0.0,0.0,0.1015,0.1015,0.10150000000000084,0.1015,0.10150000000000084
2026-09-28 02:00:00,2,12.9,0.0,0.0,2,2,2,2,4,2,0,1,0,0.0,0.0427,0.0001,0.0,0.0,0.0,0.0,0.0,0.0001,0.0,0.0,0.0,0.0121,0.0,0.0001,0.0525,0.1077,0.0,0.1707,0.447,,3,warm,0.0,0.18,0.0,0.0,21.0,21.0,21.0,0.0,0.0,0.0,0.0,0.1077,0.1077,0.1077,0.1077,0.1077
2026-09-28 03:00:00,3,12.4,0.0,0.0,2,2,2,2,4,2,0,1,0,0.0097,0.0386,0.0,0.0,0.0053,0.0046,0.0447,0.0,0.0,0.0,0.0,0.0,0.0109,0.0001,0.0,0.0468,0.1605,0.0,0.2235,0.701,,3,warm,0.0,0.18,0.0097,0.0,21.0,21.0,20.99612,0.0,0.0,0.0,0.0,0.1061,0.1158,0.1061,0.1158,0.1061
2026-09-28 04:00:00,4,12.0,0.0,0.0,2,2,2,2,4,2,0,1,0,0.1006,0.0415,0.0,0.0002,0.0027,0.0,0.0022,0.0,0.0,0.0,0.0,0.0,0.0117,0.0,0.0,0.0516,0.2106,0.0586,0.3526,1.179,,3,warm,0.0,0.18,0.1006,0.7132703020746867,21.0,20.99612,21.241327800829875,0.0,0.0,0.0,0.0,0.10780000000000002,0.20840000000000003,0.8210703020746867,0.20840000000000003,0.8210703020746867
2026-09-28 05:00:00,5,11.6,0.0,0.0,2,2,2,2,4,2,0,1,0,0.1914,0.037,0.0,0.0004,0.0,0.0,0.0015,0.0,0.0,0.0,0.0,0.0,0.0107,0.0,0.0,0.0451,0.286,0.032,0.43,1.494,,3,warm,0.0,0.18,0.1914,2.1098,21.0,21.241327800829875,22.0,0.0,0.0,0.0,0.0,0.09309999999999999,0.2845,2.2029,0.2845,2.2029
2026-09-28 06:00:00,6,11.1,0.0,0.0,2,1,1,1,4,2,0,1,0,2.1697,0.0461,0.3669,0.1197,0.0004,0.0539,0.0328,0.0,0.0001,0.0,0.0,0.0001,0.0126,0.2078,0.0083,0.0481,3.0667,2.2827,3.3437,6.796,,3,warm,0.0,0.28,2.1697,0.0,21.0,22.0,21.09612,0.7956114893617022,0.0,0.0,0.0,0.8641999999999997,3.8295114893617024,0.8641999999999997,3.8295114893617024,0.8641999999999997
2026-09-28 07:00:00,7,11.1,3.0,0.0024,2,1,1,1,4,2,0,1,0,1.1475,0.043,0.0084,0.0066,0.0,0.0023,0.0443,0.0,0.0,0.0006,0.0,0.0005,0.0111,0.1897,0.0113,0.0487,1.5139,0.9639,2.0059,4.025,,3,warm,0.0072,0.28,1.1475,0.9158508000000065,21.0,21.09612,21.0,0.0,0.0,0.0,0.0,0.32210000000000005,1.4696,1.2379508000000066,1.4624,1.2307508000000065
2026-09-28 08:00:00,8,12.0,81.0,0.0868,1,0,0,0,1,2,0,1,0,0.8368,0.0424,0.1393,0.1352,0.0,0.1822,0.0,0.0,0.0113,0.0,0.0,0.0007,0.0114,0.0045,0.0032,0.057,1.424,0.965,1.662,7.089,,3,warm,0.2604,0.28,0.8368,0.8368000000000009,21.0,21.0,21.0,0.0,0.0,0.0,0.0,0.5871999999999999,1.424,1.4240000000000008,1.1636,1.1636000000000009
2026-09-28 09:00:00,9,13.7,217.0,0.2509,1,0,0,0,1,2,0,1,0,0.5286,0.042,0.0035,0.0,0.0,0.0147,0.0126,0.0003,0.046,0.0028,0.0,0.0,0.0112,0.0,0.0,0.0542,0.7158,0.4218,1.0528,2.196,,3,warm,0.7527,0.28,0.5286,0.5286000000000007,21.0,21.0,21.0,0.0,0.0,0.0,0.0,0.17430000000000004,0.7029,0.7029000000000007,0.0,0.0
2026-09-28 10:00:00,10,15.9,356.0,0.4251,1,0,0,0,1,2,0,1,0,0.2887,0.0363,0.0,0.0,0.0,0.0,0.0382,0.0139,0.0347,0.0,0.0,0.0,0.011,0.0,0.0002,0.0497,0.4726,0.2766,0.8966,2.119,,3,warm,1.2752999999999999,0.28,0.2887,0.2887000000000009,21.0,21.0,21.0,0.0,0.0,0.0,0.0,0.13180000000000003,0.42050000000000004,0.42050000000000093,0.0,0.0
2026-09-28 11:00:00,11,18.0,472.0,0.5707,1,0,0,0,1,2,0,1,0,0.0802,0.0441,0.0019,0.0017,0.0,0.008,0.0004,0.0,0.0706,0.0127,0.0001,0.0011,0.012,0.0003,0.0,0.0561,0.2892,0.0,0.3692,2.201,,3,warm,1.7121,0.28,0.0802,0.08020000000000083,21.0,21.0,21.0,0.0,0.0,0.0,0.0,0.2086,0.2888,0.28880000000000083,0.0,0.0
2026-09-28 12:00:00,12,19.6,548.0,0.6674,1,0,0,0,1,2,0,1,0,0.03,0.045,0.0379,0.0807,0.0148,0.09,0.0314,0.0,0.0344,0.0,0.0,0.0,0.012,0.0,0.0001,0.0598,0.4361,0.0,1.2061,4.602,,3,warm,2.0022,0.28,0.03,0.03000000000000086,21.0,21.0,21.0,0.0,0.0,0.0,0.0,0.37470000000000003,0.40470000000000006,0.4047000000000009,0.0,0.0
2026-09-28 13:00:00,13,20.6,578.0,0.7055,1,0,0,0,1,2,0,1,0,0.0,0.0435,0.0207,0.0345,0.0126,0.1419,0.0024,0.0,0.0314,0.0,0.0132,0.0002,0.0118,0.0,0.0002,0.0486,0.3609,0.0,0.8339,4.168,,3,warm,2.1165000000000003,0.28,0.0,0.0,21.0,21.0,21.0,0.0,0.0,0.0,0.0,0.3585,0.3585,0.3585,0.0,0.0
2026-09-28 14:00:00,14,21.3,557.0,0.6792,0,0,0,1,1,2,0,1,0,0.0025,0.0482,0.0082,0.0021,0.1278,0.0119,0.0,0.011,0.0326,0.0,0.0008,0.0,0.0116,0.0,0.0002,0.0512,0.3081,0.0,0.5781,2.546,,3,warm,2.0376000000000003,0.28,0.0025,0.002500000000000835,21.0,21.0,21.0,0.0,0.0,0.0,0.0,0.2946,0.2971,0.2971000000000008,0.0,0.0
2026-09-28 15:00:00,15,21.5,488.0,0.5916,0,0,1,1,2,2,0,1,0,0.0024,0.0548,0.0234,0.0012,0.1511,0.0,0.0006,0.0,0.046,0.023,0.0738,0.0,0.0144,0.0,0.0,0.0635,0.4542,0.0,0.7572,2.794,,3,warm,1.7748,0.28,0.0024,0.002400000000000735,21.0,21.0,21.0,0.0,0.0,0.0,0.0,0.4512,0.4536,0.4536000000000007,0.0,0.0
2026-09-28 16:00:00,16,21.5,378.0,0.4528,0,0,0,1,1,2,0,1,0,0.0685,0.06,0.0301,0.0033,0.0366,0.0,0.0,0.0,0.0752,0.0549,0.0023,0.0,0.0144,0.0,0.0026,0.0757,0.4237,0.0957,0.7927,2.719,,3,warm,1.3584,0.28,0.0685,0.07545381424112207,21.0,21.0,21.00278152569645,0.0,0.7956114893617022,0.0,0.0,0.3552,0.4237,1.2262653036028244,0.0,0.0
2026-09-28 17:00:00,17,21.1,240.0,0.2802,0,1,0,1,2,2,0,1,0,0.0599,0.0513,0.0205,0.0,0.0448,0.3279,0.0,0.0002,0.0732,0.1199,0.0067,0.004,0.0126,0.0,0.0056,0.0522,0.7788,0.1198,1.8258,4.781,,3,warm,0.8406,0.4,0.0599,0.1218999999999999,21.0,21.00278152569645,21.027481390771378,0.0,0.0,0.0,0.0,0.7187000000000001,0.7786000000000001,0.8406,0.0,0.0
2026-09-28 18:00:00,18,20.2,100.0,0.1093,0,1,1,1,3,2,0,1,0,0.0121,0.0482,0.0376,0.0,1.4215,0.8084,0.0,0.0,0.0324,0.0266,0.0561,0.0388,0.012,0.0,0.0026,0.0464,2.5429,0.9829,3.5869,5.684,,3,warm,0.32789999999999997,0.4,0.0121,0.0,21.0,21.027481390771378,21.021652060703605,0.0,0.0,0.0,0.0,2.5308,2.5429000000000004,2.5308,2.2150000000000003,2.2029
2026-09-28 19:00:00,19,18.7,7.0,0.0067,0,1,1,1,3,2,0,1,0,0.0285,0.0418,0.0046,0.0003,0.319,0.5039,0.032,0.3525,0.0312,0.0601,0.0728,0.0235,0.011,0.1445,0.0057,0.0421,1.6734,0.1424,2.9284,5.642,,3,warm,0.0201,0.4,0.0285,0.0,21.0,21.021652060703605,21.00947258651827,0.0,0.0,0.0,0.0,1.2604000000000002,1.2889000000000002,1.2604000000000002,1.2688000000000001,1.2403000000000002
2026-09-28 20:00:00,20,17.5,0.0,0.0,0,1,1,1,3,2,0,1,0,0.0072,0.0434,0.0001,0.0,0.1198,0.201,0.0249,0.5163,0.0609,0.0269,0.0704,0.0228,0.0115,0.19,0.006,0.0456,1.3468,0.1888,2.1068,4.318,,3,warm,0.0,0.4,0.0072,-7.105427357601002e-15,21.0,21.00947258651827,21.00625157340361,0.0,0.0,1.0083873786407767,0.0,0.7983999999999999,1.8139873786407765,0.7983999999999928,1.8139873786407765,0.7983999999999928
2026-09-28 21:00:00,21,16.5,0.0,0.0,0,1,1,1,3,2,0,1,0,0.0113,0.0513,0.0008,0.0,0.0,0.0,0.007,0.1161,0.0667,0.0,0.1033,0.0311,0.0133,0.2222,0.0041,0.0613,0.6884,0.0604,1.5084,3.462,,3,warm,0.0,0.4,0.0113,7.105427357601002e-15,21.0,21.00625157340361,21.00150651676108,0.0,0.0,0.0,0.0,0.554,0.5653,0.5540000000000072,0.5653,0.5540000000000072
2026-09-28 22:00:00,22,15.8,0.0,0.0,0,1,1,2,3,2,0,1,0,0.0,0.0435,0.0,0.0,0.0,0.0,0.0,0.0,0.0628,0.0007,0.0002,0.0,0.0111,0.1567,0.0034,0.0513,0.3297,0.1057,0.3867,0.515,,3,warm,0.0,0.28,0.0,7.105427357601002e-15,21.0,21.00150651676108,21.00145228215768,0.0,0.0,0.0,0.0,0.3297,0.3297,0.3297000000000071,0.3297,0.3297000000000071
2026-09-28 23:00:00,23,15.4,0.0,0.0,1,2,2,2,4,2,0,1,0,0.0035,0.042,0.104,0.0506,0.0,0.1981,0.0,0.0097,0.0,0.001,0.0,0.0031,0.0119,0.1186,0.0001,0.053,0.5954,0.4054,0.7464,4.185,,3,warm,0.0,0.28,0.0035,0.0,21.0,21.00145228215768,21.000000000000004,0.0,0.0,0.0,0.0,0.5822,0.5857,0.5822,0.5857,0.5822
2026-09-28 00:00:00,0,13.7,0.0,0.0,2,2,2,2,4,2,0,1,0,0.0,0.0345,0.0,0.0001,0.0,0.0,0.0,0.0006,0.0,0.0001,0.0,0.0,0.0099,0.0007,0.0002,0.0497,0.0958,0.0,0.1168,0.204,,3,standard,0.0,0.18,0.0,0.0,21.0,21.0,21.0,0.0,0.0,0.0,1.0083873786407767,0.09519999999999999,0.09519999999999999,1.1035873786407766,0.09519999999999999,1.1035873786407766
2026-09-28 01:00:00,1,13.4,0.0,0.0,2,2,2,2,4,2,0,1,0,0.0,0.0375,0.0002,0.0,0.0022,0.0,0.0,0.0,0.0,0.0,0.0,0.0001,0.0103,0.0001,0.0003,0.0507,0.1015,0.0,0.1545,0.317,,3,standard,0.0,0.18,0.0,0.0,21.0,21.0,21.0,0.0,0.0,0.0,0.0,0.1015,0.1015,0.1015,0.1015,0.1015
2026-09-28 02:00:00,2,12.9,0.0,0.0,2,2,2,2,4,2,0,1,0,0.0,0.0427,0.0001,0.0,0.0,0.0,0.0,0.0,0.0001,0.0,0.0,0.0,0.0121,0.0,0.0001,0.0525,0.1077,0.0,0.1707,0.447,,3,standard,0.0,0.18,0.0,0.0,21.0,21.0,21.0,0.0,0.0,0.0,0.0,0.1077,0.1077,0.1077,0.1077,0.1077
2026-09-28 03:00:00,3,12.4,0.0,0.0,2,2,2,2,4,2,0,1,0,0.0097,0.0386,0.0,0.0,0.0053,0.0046,0.0447,0.0,0.0,0.0,0.0,0.0,0.0109,0.0001,0.0,0.0468,0.1605,0.0,0.2235,0.701,,3,standard,0.0,0.18,0.0097,0.0,21.0,21.0,20.99612,0.0,0.0,0.0,0.0,0.1061,0.1158,0.1061,0.1158,0.1061
2026-09-28 04:00:00,4,12.0,0.0,0.0,2,2,2,2,4,2,0,1,0,0.1006,0.0415,0.0,0.0002,0.0027,0.0,0.0022,0.0,0.0,0.0,0.0,0.0,0.0117,0.0,0.0,0.0516,0.2106,0.0586,0.3526,1.179,,3,standard,0.0,0.18,0.1006,0.7132703020746867,21.0,20.99612,21.241327800829875,0.0,0.0,0.0,0.0,0.10780000000000002,0.20840000000000003,0.8210703020746867,0.20840000000000003,0.8210703020746867
2026-09-28 05:00:00,5,11.6,0.0,0.0,2,2,2,2,4,2,0,1,0,0.1914,0.037,0.0,0.0004,0.0,0.0,0.0015,0.0,0.0,0.0,0.0,0.0,0.0107,0.0,0.0,0.0451,0.286,0.032,0.43,1.494,,3,standard,0.0,0.18,0.1914,2.1098,21.0,21.241327800829875,22.0,0.0,0.0,0.0,0.0,0.09309999999999999,0.2845,2.2029,0.2845,2.2029
2026-09-28 06:00:00,6,11.1,0.0,0.0,2,1,1,1,4,2,0,1,0,2.1697,0.0461,0.3669,0.1197,0.0004,0.0539,0.0328,0.0,0.0001,0.0,0.0,0.0001,0.0126,0.2078,0.0083,0.0481,3.0667,2.2827,3.3437,6.796,,3,standard,0.0,0.28,2.1697,0.0,21.0,22.0,21.09612,0.7956114893617022,0.0,0.0,0.0,0.8641999999999997,3.8295114893617024,0.8641999999999997,3.8295114893617024,0.8641999999999997
2026-09-28 07:00:00,7,11.1,3.0,0.0024,2,1,1,1,4,2,0,1,0,1.1475,0.043,0.0084,0.0066,0.0,0.0023,0.0443,0.0,0.0,0.0006,0.0,0.0005,0.0111,0.1897,0.0113,0.0487,1.5139,0.9639,2.0059,4.025,,3,standard,0.0072,0.28,1.1475,0.0,21.0,21.09612,20.633659679999997,0.0,0.0,0.0,0.0,0.32210000000000005,1.4696,0.32210000000000005,1.4624,0.31490000000000007
2026-09-28 08:00:00,8,12.0,81.0,0.0868,1,0,0,0,1,2,0,1,0,0.8368,0.0424,0.1393,0.1352,0.0,0.1822,0.0,0.0,0.0113,0.0,0.0,0.0007,0.0114,0.0045,0.0032,0.057,1.424,0.965,1.662,7.089,,3,standard,0.2604,0.28,0.8368,0.46968017120001093,21.0,20.633659679999997,20.5,0.0,0.0,0.0,0.0,0.5871999999999999,1.424,1.0568801712000109,1.1636,0.7964801712000109
2026-09-28 09:00:00,9,13.7,217.0,0.2509,1,0,0,0,1,2,0,1,0,0.5286,0.042,0.0035,0.0,0.0,0.0147,0.0126,0.0003,0.046,0.0028,0.0,0.0,0.0112,0.0,0.0,0.0542,0.7158,0.4218,1.0528,2.196,,3,standard,0.7527,0.28,0.5286,0.5784,21.0,20.5,20.53792,0.0,0.0,0.0,0.0,0.17430000000000004,0.7029,0.7527,0.0,0.0
2026-09-28 10:00:00,10,15.9,356.0,0.4251,1,0,0,0,1,2,0,1,0,0.2887,0.0363,0.0,0.0,0.0,0.0,0.0382,0.0139,0.0347,0.0,0.0,0.0,0.011,0.0,0.0002,0.0497,0.4726,0.2766,0.8966,2.119,,3,standard,1.2752999999999999,0.28,0.2887,1.1435,21.0,20.53792,20.896474879999996,0.0,0.0,0.0,0.0,0.13180000000000003,0.42050000000000004,1.2753,0.0,2.220446049250313e-16
2026-09-28 11:00:00,11,18.0,472.0,0.5707,1,0,0,0,1,2,0,1,0,0.0802,0.0441,0.0019,0.0017,0.0,0.008,0.0004,0.0,0.0706,0.0127,0.0001,0.0011,0.012,0.0003,0.0,0.0561,0.2892,0.0,0.3692,2.201,,3,standard,1.7121,0.28,0.0802,0.32969553920001005,21.0,20.896474879999996,21.0,0.0,0.7956114893617022,0.0,0.0,0.2086,0.2888,1.3339070285617123,0.0,0.0
2026-09-28 12:00:00,12,19.6,548.0,0.6674,1,0,0,0,1,2,0,1,0,0.03,0.045,0.0379,0.0807,0.0148,0.09,0.0314,0.0,0.0344,0.0,0.0,0.0,0.012,0.0,0.0001,0.0598,0.4361,0.0,1.2061,4.602,,3,standard,2.0022,0.28,0.03,0.030000000000001137,21.0,21.0,21.0,0.0,0.0,0.0,0.0,0.37470000000000003,0.40470000000000006,0.40470000000000117,0.0,0.0
2026-09-28 13:00:00,13,20.6,578.0,0.7055,1,0,0,0,1,2,0,1,0,0.0,0.0435,0.0207,0.0345,0.0126,0.1419,0.0024,0.0,0.0314,0.0,0.0132,0.0002,0.0118,0.0,0.0002,0.0486,0.3609,0.0,0.8339,4.168,,3,standard,2.1165000000000003,0.28,0.0,0.0,21.0,21.0,21.0,0.0,0.0,0.0,0.0,0.3585,0.3585,0.3585,0.0,0.0
2026-09-28 14:00:00,14,21.3,557.0,0.6792,0,0,0,1,1,2,0,1,0,0.0025,0.0482,0.0082,0.0021,0.1278,0.0119,0.0,0.011,0.0326,0.0,0.0008,0.0,0.0116,0.0,0.0002,0.0512,0.3081,0.0,0.5781,2.546,,3,standard,2.0376000000000003,0.28,0.0025,0.0025000000000030553,21.0,21.0,21.0,0.0,0.0,0.0,0.0,0.2946,0.2971,0.29710000000000303,0.0,0.0
2026-09-28 15:00:00,15,21.5,488.0,0.5916,0,0,1,1,2,2,0,1,0,0.0024,0.0548,0.0234,0.0012,0.1511,0.0,0.0006,0.0,0.046,0.023,0.0738,0.0,0.0144,0.0,0.0,0.0635,0.4542,0.0,0.7572,2.794,,3,standard,1.7748,0.28,0.0024,0.0023999999999979593,21.0,21.0,21.0,0.0,0.0,0.0,0.0,0.4512,0.4536,0.45359999999999795,0.0,0.0
2026-09-28 16:00:00,16,21.5,378.0,0.4528,0,0,0,1,1,2,0,1,0,0.0685,0.06,0.0301,0.0033,0.0366,0.0,0.0,0.0,0.0752,0.0549,0.0023,0.0,0.0144,0.0,0.0026,0.0757,0.4237,0.0957,0.7927,2.719,,3,standard,1.3584,0.28,0.0685,0.07545381424112207,21.0,21.0,21.00278152569645,0.0,0.0,0.0,0.0,0.3552,0.4237,0.4306538142411221,0.0,0.0
2026-09-28 17:00:00,17,21.1,240.0,0.2802,0,1,0,1,2,2,0,1,0,0.0599,0.0513,0.0205,0.0,0.0448,0.3279,0.0,0.0002,0.0732,0.1199,0.0067,0.004,0.0126,0.0,0.0056,0.0522,0.7788,0.1198,1.8258,4.781,,3,standard,0.8406,0.4,0.0599,0.1218999999999999,21.0,21.00278152569645,21.027481390771378,0.0,0.0,0.0,0.0,0.7187000000000001,0.7786000000000001,0.8406,0.0,0.0
2026-09-28 18:00:00,18,20.2,100.0,0.1093,0,1,1,1,3,2,0,1,0,0.0121,0.0482,0.0376,0.0,1.4215,0.8084,0.0,0.0,0.0324,0.0266,0.0561,0.0388,0.012,0.0,0.0026,0.0464,2.5429,0.9829,3.5869,5.684,,3,standard,0.32789999999999997,0.4,0.0121,0.0,21.0,21.027481390771378,21.021652060703605,0.0,0.0,0.0,0.0,2.5308,2.5429000000000004,2.5308,2.2150000000000003,2.2029
2026-09-28 19:00:00,19,18.7,7.0,0.0067,0,1,1,1,3,2,0,1,0,0.0285,0.0418,0.0046,0.0003,0.319,0.5039,0.032,0.3525,0.0312,0.0601,0.0728,0.0235,0.011,0.1445,0.0057,0.0421,1.6734,0.1424,2.9284,5.642,,3,standard,0.0201,0.4,0.0285,0.0,21.0,21.021652060703605,21.00947258651827,0.0,0.0,0.0,0.0,1.2604000000000002,1.2889000000000002,1.2604000000000002,1.2688000000000001,1.2403000000000002
2026-09-28 20:00:00,20,17.5,0.0,0.0,0,1,1,1,3,2,0,1,0,0.0072,0.0434,0.0001,0.0,0.1198,0.201,0.0249,0.5163,0.0609,0.0269,0.0704,0.0228,0.0115,0.19,0.006,0.0456,1.3468,0.1888,2.1068,4.318,,3,standard,0.0,0.4,0.0072,0.0,21.0,21.00947258651827,21.00625157340361,0.0,0.0,1.0083873786407767,0.0,0.7983999999999999,1.8139873786407765,0.7983999999999999,1.8139873786407765,0.7983999999999999
2026-09-28 21:00:00,21,16.5,0.0,0.0,0,1,1,1,3,2,0,1,0,0.0113,0.0513,0.0008,0.0,0.0,0.0,0.007,0.1161,0.0667,0.0,0.1033,0.0311,0.0133,0.2222,0.0041,0.0613,0.6884,0.0604,1.5084,3.462,,3,standard,0.0,0.4,0.0113,0.0,21.0,21.00625157340361,21.00150651676108,0.0,0.0,0.0,0.0,0.554,0.5653,0.554,0.5653,0.554
2026-09-28 22:00:00,22,15.8,0.0,0.0,0,1,1,2,3,2,0,1,0,0.0,0.0435,0.0,0.0,0.0,0.0,0.0,0.0,0.0628,0.0007,0.0002,0.0,0.0111,0.1567,0.0034,0.0513,0.3297,0.1057,0.3867,0.515,,3,standard,0.0,0.28,0.0,0.0,21.0,21.00150651676108,21.00145228215768,0.0,0.0,0.0,0.0,0.3297,0.3297,0.3297,0.3297,0.3297
2026-09-28 23:00:00,23,15.4,0.0,0.0,1,2,2,2,4,2,0,1,0,0.0035,0.042,0.104,0.0506,0.0,0.1981,0.0,0.0097,0.0,0.001,0.0,0.0031,0.0119,0.1186,0.0001,0.053,0.5954,0.4054,0.7464,4.185,,3,standard,0.0,0.28,0.0035,0.0,21.0,21.00145228215768,21.000000000000004,0.0,0.0,0.0,0.0,0.5822,0.5857,0.5822,0.5857,0.5822
2026-09-28 00:00:00,0,13.7,0.0,0.0,2,2,2,2,4,2,0,1,0,0.0,0.0345,0.0,0.0001,0.0,0.0,0.0,0.0006,0.0,0.0001,0.0,0.0,0.0099,0.0007,0.0002,0.0497,0.0958,0.0,0.1168,0.204,,3,balanced,0.0,0.18,0.0,0.0,21.0,21.0,21.0,0.0,0.0,0.0,1.0083873786407767,0.09519999999999999,0.09519999999999999,1.1035873786407766,0.09519999999999999,1.1035873786407766
2026-09-28 01:00:00,1,13.4,0.0,0.0,2,2,2,2,4,2,0,1,0,0.0,0.0375,0.0002,0.0,0.0022,0.0,0.0,0.0,0.0,0.0,0.0,0.0001,0.0103,0.0001,0.0003,0.0507,0.1015,0.0,0.1545,0.317,,3,balanced,0.0,0.18,0.0,0.0,21.0,21.0,21.0,0.0,0.0,0.0,0.0,0.1015,0.1015,0.1015,0.1015,0.1015
2026-09-28 02:00:00,2,12.9,0.0,0.0,2,2,2,2,4,2,0,1,0,0.0,0.0427,0.0001,0.0,0.0,0.0,0.0,0.0,0.0001,0.0,0.0,0.0,0.0121,0.0,0.0001,0.0525,0.1077,0.0,0.1707,0.447,,3,balanced,0.0,0.18,0.0,0.0,21.0,21.0,21.0,0.0,0.0,0.0,0.0,0.1077,0.1077,0.1077,0.1077,0.1077
2026-09-28 03:00:00,3,12.4,0.0,0.0,2,2,2,2,4,2,0,1,0,0.0097,0.0386,0.0,0.0,0.0053,0.0046,0.0447,0.0,0.0,0.0,0.0,0.0,0.0109,0.0001,0.0,0.0468,0.1605,0.0,0.2235,0.701,,3,balanced,0.0,0.18,0.0097,0.0,21.0,21.0,20.99612,0.0,0.0,0.0,0.0,0.1061,0.1158,0.1061,0.1158,0.1061
2026-09-28 04:00:00,4,12.0,0.0,0.0,2,2,2,2,4,2,0,1,0,0.1006,0.0415,0.0,0.0002,0.0027,0.0,0.0022,0.0,0.0,0.0,0.0,0.0,0.0117,0.0,0.0,0.0516,0.2106,0.0586,0.3526,1.179,,3,balanced,0.0,0.18,0.1006,0.0,21.0,20.99612,20.95601968,0.0,0.0,0.0,0.0,0.10780000000000002,0.20840000000000003,0.10780000000000002,0.20840000000000003,0.10780000000000002
2026-09-28 05:00:00,5,11.6,0.0,0.0,2,2,2,2,4,2,0,1,0,0.1914,0.037,0.0,0.0004,0.0,0.0,0.0015,0.0,0.0,0.0,0.0,0.0,0.0107,0.0,0.0,0.0451,0.286,0.032,0.43,1.494,,3,balanced,0.0,0.18,0.1914,1.926345667609013,21.0,20.95601968,21.651581238563605,0.0,0.0,0.0,0.0,0.09309999999999999,0.2845,2.019445667609013,0.2845,2.019445667609013
2026-09-28 06:00:00,6,11.1,0.0,0.0,2,1,1,1,4,2,0,1,0,2.1697,0.0461,0.3669,0.1197,0.0004,0.0539,0.0328,0.0,0.0001,0.0,0.0,0.0001,0.0126,0.2078,0.0083,0.0481,3.0667,2.2827,3.3437,6.796,,3,balanced,0.0,0.28,2.1697,0.0,21.0,21.651581238563605,20.760244313975313,0.7956114893617022,0.0,0.0,0.0,0.8641999999999997,3.8295114893617024,0.8641999999999997,3.8295114893617024,0.8641999999999997
2026-09-28 07:00:00,7,11.1,3.0,0.0024,2,1,1,1,4,2,0,1,0,1.1475,0.043,0.0084,0.0066,0.0,0.0023,0.0443,0.0,0.0,0.0006,0.0,0.0005,0.0111,0.1897,0.0113,0.0487,1.5139,0.9639,2.0059,4.025,,3,balanced,0.0072,0.28,1.1475,0.0,21.0,20.760244313975313,20.3098755186722,0.0,0.0,0.0,0.0,0.32210000000000005,1.4696,0.32210000000000005,1.4624,0.31490000000000007
2026-09-28 08:00:00,8,12.0,81.0,0.0868,1,0,0,0,1,2,0,1,0,0.8368,0.0424,0.1393,0.1352,0.0,0.1822,0.0,0.0,0.0113,0.0,0.0,0.0007,0.0114,0.0045,0.0032,0.057,1.424,0.965,1.662,7.089,,3,balanced,0.2604,0.28,0.8368,0.0,21.0,20.3098755186722,20.0,0.0,0.0,0.0,0.0,0.5871999999999999,1.424,0.5871999999999999,1.1636,0.3267999999999999
2026-09-28 09:00:00,9,13.7,217.0,0.2509,1,0,0,0,1,2,0,1,0,0.5286,0.042,0.0035,0.0,0.0,0.0147,0.0126,0.0003,0.046,0.0028,0.0,0.0,0.0112,0.0,0.0,0.0542,0.7158,0.4218,1.0528,2.196,,3,balanced,0.7527,0.28,0.5286,0.5784,21.0,20.0,20.05592,0.0,0.0,0.0,0.0,0.17430000000000004,0.7029,0.7527,0.0,0.0
2026-09-28 10:00:00,10,15.9,356.0,0.4251,1,0,0,0,1,2,0,1,0,0.2887,0.0363,0.0,0.0,0.0,0.0,0.0382,0.0139,0.0347,0.0,0.0,0.0,0.011,0.0,0.0002,0.0497,0.4726,0.2766,0.8966,2.119,,3,balanced,1.2752999999999999,0.28,0.2887,1.1435,21.0,20.05592,20.43182688,0.0,0.0,0.0,0.0,0.13180000000000003,0.42050000000000004,1.2753,0.0,2.220446049250313e-16
2026-09-28 11:00:00,11,18.0,472.0,0.5707,1,0,0,0,1,2,0,1,0,0.0802,0.0441,0.0019,0.0017,0.0,0.008,0.0004,0.0,0.0706,0.0127,0.0001,0.0011,0.012,0.0003,0.0,0.0561,0.2892,0.0,0.3692,2.201,,3,balanced,1.7121,0.28,0.0802,1.4494972192000066,21.0,20.43182688,21.0,0.0,0.0,0.0,0.0,0.2086,0.2888,1.6580972192000067,0.0,0.0
2026-09-28 12:00:00,12,19.6,548.0,0.6674,1,0,0,0,1,2,0,1,0,0.03,0.045,0.0379,0.0807,0.0148,0.09,0.0314,0.0,0.0344,0.0,0.0,0.0,0.012,0.0,0.0001,0.0598,0.4361,0.0,1.2061,4.602,,3,balanced,2.0022,0.28,0.03,0.030000000000001137,21.0,21.0,21.0,0.0,0.7956114893617022,0.0,0.0,0.37470000000000003,0.40470000000000006,1.2003114893617033,0.0,0.0
2026-09-28 13:00:00,13,20.6,578.0,0.7055,1,0,0,0,1,2,0,1,0,0.0,0.0435,0.0207,0.0345,0.0126,0.1419,0.0024,0.0,0.0314,0.0,0.0132,0.0002,0.0118,0.0,0.0002,0.0486,0.3609,0.0,0.8339,4.168,,3,balanced,2.1165000000000003,0.28,0.0,0.0,21.0,21.0,21.0,0.0,0.0,0.0,0.0,0.3585,0.3585,0.3585,0.0,0.0
2026-09-28 14:00:00,14,21.3,557.0,0.6792,0,0,0,1,1,2,0,1,0,0.0025,0.0482,0.0082,0.0021,0.1278,0.0119,0.0,0.011,0.0326,0.0,0.0008,0.0,0.0116,0.0,0.0002,0.0512,0.3081,0.0,0.5781,2.546,,3,balanced,2.0376000000000003,0.28,0.0025,0.0025000000000030553,21.0,21.0,21.0,0.0,0.0,0.0,0.0,0.2946,0.2971,0.29710000000000303,0.0,0.0
2026-09-28 15:00:00,15,21.5,488.0,0.5916,0,0,1,1,2,2,0,1,0,0.0024,0.0548,0.0234,0.0012,0.1511,0.0,0.0006,0.0,0.046,0.023,0.0738,0.0,0.0144,0.0,0.0,0.0635,0.4542,0.0,0.7572,2.794,,3,balanced,1.7748,0.28,0.0024,0.0023999999999979593,21.0,21.0,21.0,0.0,0.0,0.0,0.0,0.4512,0.4536,0.45359999999999795,0.0,0.0
2026-09-28 16:00:00,16,21.5,378.0,0.4528,0,0,0,1,1,2,0,1,0,0.0685,0.06,0.0301,0.0033,0.0366,0.0,0.0,0.0,0.0752,0.0549,0.0023,0.0,0.0144,0.0,0.0026,0.0757,0.4237,0.0957,0.7927,2.719,,3,balanced,1.3584,0.28,0.0685,0.07545381424112207,21.0,21.0,21.00278152569645,0.0,0.0,0.0,0.0,0.3552,0.4237,0.4306538142411221,0.0,0.0
2026-09-28 17:00:00,17,21.1,240.0,0.2802,0,1,0,1,2,2,0,1,0,0.0599,0.0513,0.0205,0.0,0.0448,0.3279,0.0,0.0002,0.0732,0.1199,0.0067,0.004,0.0126,0.0,0.0056,0.0522,0.7788,0.1198,1.8258,4.781,,3,balanced,0.8406,0.4,0.0599,0.1218999999999999,21.0,21.00278152569645,21.027481390771378,0.0,0.0,0.0,0.0,0.7187000000000001,0.7786000000000001,0.8406,0.0,0.0
2026-09-28 18:00:00,18,20.2,100.0,0.1093,0,1,1,1,3,2,0,1,0,0.0121,0.0482,0.0376,0.0,1.4215,0.8084,0.0,0.0,0.0324,0.0266,0.0561,0.0388,0.012,0.0,0.0026,0.0464,2.5429,0.9829,3.5869,5.684,,3,balanced,0.32789999999999997,0.4,0.0121,0.0,21.0,21.027481390771378,21.021652060703605,0.0,0.0,0.0,0.0,2.5308,2.5429000000000004,2.5308,2.2150000000000003,2.2029
2026-09-28 19:00:00,19,18.7,7.0,0.0067,0,1,1,1,3,2,0,1,0,0.0285,0.0418,0.0046,0.0003,0.319,0.5039,0.032,0.3525,0.0312,0.0601,0.0728,0.0235,0.011,0.1445,0.0057,0.0421,1.6734,0.1424,2.9284,5.642,,3,balanced,0.0201,0.4,0.0285,0.0,21.0,21.021652060703605,21.00947258651827,0.0,0.0,0.0,0.0,1.2604000000000002,1.2889000000000002,1.2604000000000002,1.2688000000000001,1.2403000000000002
2026-09-28 20:00:00,20,17.5,0.0,0.0,0,1,1,1,3,2,0,1,0,0.0072,0.0434,0.0001,0.0,0.1198,0.201,0.0249,0.5163,0.0609,0.0269,0.0704,0.0228,0.0115,0.19,0.006,0.0456,1.3468,0.1888,2.1068,4.318,,3,balanced,0.0,0.4,0.0072,0.0,21.0,21.00947258651827,21.00625157340361,0.0,0.0,1.0083873786407767,0.0,0.7983999999999999,1.8139873786407765,0.7983999999999999,1.8139873786407765,0.7983999999999999
2026-09-28 21:00:00,21,16.5,0.0,0.0,0,1,1,1,3,2,0,1,0,0.0113,0.0513,0.0008,0.0,0.0,0.0,0.007,0.1161,0.0667,0.0,0.1033,0.0311,0.0133,0.2222,0.0041,0.0613,0.6884,0.0604,1.5084,3.462,,3,balanced,0.0,0.4,0.0113,0.0,21.0,21.00625157340361,21.00150651676108,0.0,0.0,0.0,0.0,0.554,0.5653,0.554,0.5653,0.554
2026-09-28 22:00:00,22,15.8,0.0,0.0,0,1,1,2,3,2,0,1,0,0.0,0.0435,0.0,0.0,0.0,0.0,0.0,0.0,0.0628,0.0007,0.0002,0.0,0.0111,0.1567,0.0034,0.0513,0.3297,0.1057,0.3867,0.515,,3,balanced,0.0,0.28,0.0,0.0,21.0,21.00150651676108,21.00145228215768,0.0,0.0,0.0,0.0,0.3297,0.3297,0.3297,0.3297,0.3297
2026-09-28 23:00:00,23,15.4,0.0,0.0,1,2,2,2,4,2,0,1,0,0.0035,0.042,0.104,0.0506,0.0,0.1981,0.0,0.0097,0.0,0.001,0.0,0.0031,0.0119,0.1186,0.0001,0.053,0.5954,0.4054,0.7464,4.185,,3,balanced,0.0,0.28,0.0035,0.0,21.0,21.00145228215768,21.000000000000004,0.0,0.0,0.0,0.0,0.5822,0.5857,0.5822,0.5857,0.5822
2026-09-28 00:00:00,0,13.7,0.0,0.0,2,2,2,2,4,2,0,1,0,0.0,0.0345,0.0,0.0001,0.0,0.0,0.0,0.0006,0.0,0.0001,0.0,0.0,0.0099,0.0007,0.0002,0.0497,0.0958,0.0,0.1168,0.204,,3,saver,0.0,0.18,0.0,0.0,21.0,21.0,21.0,0.0,0.0,0.0,1.0083873786407767,0.09519999999999999,0.09519999999999999,1.1035873786407766,0.09519999999999999,1.1035873786407766
2026-09-28 01:00:00,1,13.4,0.0,0.0,2,2,2,2,4,2,0,1,0,0.0,0.0375,0.0002,0.0,0.0022,0.0,0.0,0.0,0.0,0.0,0.0,0.0001,0.0103,0.0001,0.0003,0.0507,0.1015,0.0,0.1545,0.317,,3,saver,0.0,0.18,0.0,0.0,21.0,21.0,21.0,0.0,0.0,0.0,0.0,0.1015,0.1015,0.1015,0.1015,0.1015
2026-09-28 02:00:00,2,12.9,0.0,0.0,2,2,2,2,4,2,0,1,0,0.0,0.0427,0.0001,0.0,0.0,0.0,0.0,0.0,0.0001,0.0,0.0,0.0,0.0121,0.0,0.0001,0.0525,0.1077,0.0,0.1707,0.447,,3,saver,0.0,0.18,0.0,0.0,21.0,21.0,21.0,0.0,0.0,0.0,0.0,0.1077,0.1077,0.1077,0.1077,0.1077
2026-09-28 03:00:00,3,12.4,0.0,0.0,2,2,2,2,4,2,0,1,0,0.0097,0.0386,0.0,0.0,0.0053,0.0046,0.0447,0.0,0.0,0.0,0.0,0.0,0.0109,0.0001,0.0,0.0468,0.1605,0.0,0.2235,0.701,,3,saver,0.0,0.18,0.0097,0.0,21.0,21.0,20.99612,0.0,0.0,0.0,0.0,0.1061,0.1158,0.1061,0.1158,0.1061
2026-09-28 04:00:00,4,12.0,0.0,0.0,2,2,2,2,4,2,0,1,0,0.1006,0.0415,0.0,0.0002,0.0027,0.0,0.0022,0.0,0.0,0.0,0.0,0.0,0.0117,0.0,0.0,0.0516,0.2106,0.0586,0.3526,1.179,,3,saver,0.0,0.18,0.1006,0.0,21.0,20.99612,20.95601968,0.0,0.0,0.0,0.0,0.10780000000000002,0.20840000000000003,0.10780000000000002,0.20840000000000003,0.10780000000000002
2026-09-28 05:00:00,5,11.6,0.0,0.0,2,2,2,2,4,2,0,1,0,0.1914,0.037,0.0,0.0004,0.0,0.0,0.0015,0.0,0.0,0.0,0.0,0.0,0.0107,0.0,0.0,0.0451,0.286,0.032,0.43,1.494,,3,saver,0.0,0.18,0.1914,0.5310093076921429,21.0,20.95601968,21.093446694596857,0.0,0.0,0.0,0.0,0.09309999999999999,0.2845,0.6241093076921429,0.2845,0.6241093076921429
2026-09-28 06:00:00,6,11.1,0.0,0.0,2,1,1,1,4,2,0,1,0,2.1697,0.0461,0.3669,0.1197,0.0004,0.0539,0.0328,0.0,0.0001,0.0,0.0,0.0001,0.0126,0.2078,0.0083,0.0481,3.0667,2.2827,3.3437,6.796,,3,saver,0.0,0.28,2.1697,0.0,21.0,21.093446694596857,20.222202613591367,0.7956114893617022,0.0,0.0,0.0,0.8641999999999997,3.8295114893617024,0.8641999999999997,3.8295114893617024,0.8641999999999997
2026-09-28 07:00:00,7,11.1,3.0,0.0024,2,1,1,1,4,2,0,1,0,1.1475,0.043,0.0084,0.0066,0.0,0.0023,0.0443,0.0,0.0,0.0006,0.0,0.0005,0.0111,0.1897,0.0113,0.0487,1.5139,0.9639,2.0059,4.025,,3,saver,0.0072,0.28,1.1475,0.0,21.0,20.222202613591367,19.791203319502078,0.0,0.0,0.0,0.0,0.32210000000000005,1.4696,0.32210000000000005,1.4624,0.31490000000000007
2026-09-28 08:00:00,8,12.0,81.0,0.0868,1,0,0,0,1,2,0,1,0,0.8368,0.0424,0.1393,0.1352,0.0,0.1822,0.0,0.0,0.0113,0.0,0.0,0.0007,0.0114,0.0045,0.0032,0.057,1.424,0.965,1.662,7.089,,3,saver,0.2604,0.28,0.8368,0.0,21.0,19.791203319502078,19.5,0.0,0.0,0.0,0.0,0.5871999999999999,1.424,0.5871999999999999,1.1636,0.3267999999999999
2026-09-28 09:00:00,9,13.7,217.0,0.2509,1,0,0,0,1,2,0,1,0,0.5286,0.042,0.0035,0.0,0.0,0.0147,0.0126,0.0003,0.046,0.0028,0.0,0.0,0.0112,0.0,0.0,0.0542,0.7158,0.4218,1.0528,2.196,,3,saver,0.7527,0.28,0.5286,0.5784,21.0,19.5,19.573919999999998,0.0,0.0,0.0,0.0,0.17430000000000004,0.7029,0.7527,0.0,0.0
2026-09-28 10:00:00,10,15.9,356.0,0.4251,1,0,0,0,1,2,0,1,0,0.2887,0.0363,0.0,0.0,0.0,0.0,0.0382,0.0139,0.0347,0.0,0.0,0.0,0.011,0.0,0.0002,0.0497,0.4726,0.2766,0.8966,2.119,,3,saver,1.2752999999999999,0.28,0.2887,1.1435,21.0,19.573919999999998,19.967178879999995,0.0,0.0,0.0,0.0,0.13180000000000003,0.42050000000000004,1.2753,0.0,2.220446049250313e-16
2026-09-28 11:00:00,11,18.0,472.0,0.5707,1,0,0,0,1,2,0,1,0,0.0802,0.0441,0.0019,0.0017,0.0,0.008,0.0004,0.0,0.0706,0.0127,0.0001,0.0011,0.012,0.0003,0.0,0.0561,0.2892,0.0,0.3692,2.201,,3,saver,1.7121,0.28,0.0802,1.5034999999999998,21.0,19.967178879999995,20.573680440319997,0.0,0.0,0.0,0.0,0.2086,0.2888,1.7121,0.0,0.0
2026-09-28 12:00:00,12,19.6,548.0,0.6674,1,0,0,0,1,2,0,1,0,0.03,0.045,0.0379,0.0807,0.0148,0.09,0.0314,0.0,0.0344,0.0,0.0,0.0,0.012,0.0,0.0001,0.0598,0.4361,0.0,1.2061,4.602,,3,saver,2.0022,0.28,0.03,1.0574301388288099,21.0,20.573680440319997,21.0,0.0,0.0,0.0,0.0,0.37470000000000003,0.40470000000000006,1.43213013882881,0.0,0.0
2026-09-28 13:00:00,13,20.6,578.0,0.7055,1,0,0,0,1,2,0,1,0,0.0,0.0435,0.0207,0.0345,0.0126,0.1419,0.0024,0.0,0.0314,0.0,0.0132,0.0002,0.0118,0.0,0.0002,0.0486,0.3609,0.0,0.8339,4.168,,3,saver,2.1165000000000003,0.28,0.0,0.0,21.0,21.0,21.0,0.0,0.7956114893617022,0.0,0.0,0.3585,0.3585,1.1541114893617022,0.0,0.0
2026-09-28 14:00:00,14,21.3,557.0,0.6792,0,0,0,1,1,2,0,1,0,0.0025,0.0482,0.0082,0.0021,0.1278,0.0119,0.0,0.011,0.0326,0.0,0.0008,0.0,0.0116,0.0,0.0002,0.0512,0.3081,0.0,0.5781,2.546,,3,saver,2.0376000000000003,0.28,0.0025,0.0025000000000030553,21.0,21.0,21.0,0.0,0.0,0.0,0.0,0.2946,0.2971,0.29710000000000303,0.0,0.0
2026-09-28 15:00:00,15,21.5,488.0,0.5916,0,0,1,1,2,2,0,1,0,0.0024,0.0548,0.0234,0.0012,0.1511,0.0,0.0006,0.0,0.046,0.023,0.0738,0.0,0.0144,0.0,0.0,0.0635,0.4542,0.0,0.7572,2.794,,3,saver,1.7748,0.28,0.0024,0.0023999999999979593,21.0,21.0,21.0,0.0,0.0,0.0,0.0,0.4512,0.4536,0.45359999999999795,0.0,0.0
2026-09-28 16:00:00,16,21.5,378.0,0.4528,0,0,0,1,1,2,0,1,0,0.0685,0.06,0.0301,0.0033,0.0366,0.0,0.0,0.0,0.0752,0.0549,0.0023,0.0,0.0144,0.0,0.0026,0.0757,0.4237,0.0957,0.7927,2.719,,3,saver,1.3584,0.28,0.0685,0.07545381424112207,21.0,21.0,21.00278152569645,0.0,0.0,0.0,0.0,0.3552,0.4237,0.4306538142411221,0.0,0.0
2026-09-28 17:00:00,17,21.1,240.0,0.2802,0,1,0,1,2,2,0,1,0,0.0599,0.0513,0.0205,0.0,0.0448,0.3279,0.0,0.0002,0.0732,0.1199,0.0067,0.004,0.0126,0.0,0.0056,0.0522,0.7788,0.1198,1.8258,4.781,,3,saver,0.8406,0.4,0.0599,0.1218999999999999,21.0,21.00278152569645,21.027481390771378,0.0,0.0,0.0,0.0,0.7187000000000001,0.7786000000000001,0.8406,0.0,0.0
2026-09-28 18:00:00,18,20.2,100.0,0.1093,0,1,1,1,3,2,0,1,0,0.0121,0.0482,0.0376,0.0,1.4215,0.8084,0.0,0.0,0.0324,0.0266,0.0561,0.0388,0.012,0.0,0.0026,0.0464,2.5429,0.9829,3.5869,5.684,,3,saver,0.32789999999999997,0.4,0.0121,0.0,21.0,21.027481390771378,21.021652060703605,0.0,0.0,0.0,0.0,2.5308,2.5429000000000004,2.5308,2.2150000000000003,2.2029
2026-09-28 19:00:00,19,18.7,7.0,0.0067,0,1,1,1,3,2,0,1,0,0.0285,0.0418,0.0046,0.0003,0.319,0.5039,0.032,0.3525,0.0312,0.0601,0.0728,0.0235,0.011,0.1445,0.0057,0.0421,1.6734,0.1424,2.9284,5.642,,3,saver,0.0201,0.4,0.0285,0.0,21.0,21.021652060703605,21.00947258651827,0.0,0.0,0.0,0.0,1.2604000000000002,1.2889000000000002,1.2604000000000002,1.2688000000000001,1.2403000000000002
2026-09-28 20:00:00,20,17.5,0.0,0.0,0,1,1,1,3,2,0,1,0,0.0072,0.0434,0.0001,0.0,0.1198,0.201,0.0249,0.5163,0.0609,0.0269,0.0704,0.0228,0.0115,0.19,0.006,0.0456,1.3468,0.1888,2.1068,4.318,,3,saver,0.0,0.4,0.0072,0.0,21.0,21.00947258651827,21.00625157340361,0.0,0.0,1.0083873786407767,0.0,0.7983999999999999,1.8139873786407765,0.7983999999999999,1.8139873786407765,0.7983999999999999
2026-09-28 21:00:00,21,16.5,0.0,0.0,0,1,1,1,3,2,0,1,0,0.0113,0.0513,0.0008,0.0,0.0,0.0,0.007,0.1161,0.0667,0.0,0.1033,0.0311,0.0133,0.2222,0.0041,0.0613,0.6884,0.0604,1.5084,3.462,,3,saver,0.0,0.4,0.0113,0.0,21.0,21.00625157340361,21.00150651676108,0.0,0.0,0.0,0.0,0.554,0.5653,0.554,0.5653,0.554
2026-09-28 22:00:00,22,15.8,0.0,0.0,0,1,1,2,3,2,0,1,0,0.0,0.0435,0.0,0.0,0.0,0.0,0.0,0.0,0.0628,0.0007,0.0002,0.0,0.0111,0.1567,0.0034,0.0513,0.3297,0.1057,0.3867,0.515,,3,saver,0.0,0.28,0.0,0.0,21.0,21.00150651676108,21.00145228215768,0.0,0.0,0.0,0.0,0.3297,0.3297,0.3297,0.3297,0.3297
2026-09-28 23:00:00,23,15.4,0.0,0.0,1,2,2,2,4,2,0,1,0,0.0035,0.042,0.104,0.0506,0.0,0.1981,0.0,0.0097,0.0,0.001,0.0,0.0031,0.0119,0.1186,0.0001,0.053,0.5954,0.4054,0.7464,4.185,,3,saver,0.0,0.28,0.0035,0.0,21.0,21.00145228215768,21.000000000000004,0.0,0.0,0.0,0.0,0.5822,0.5857,0.5822,0.5857,0.5822
2026-09-28 00:00:00,0,13.7,0.0,0.0,2,2,2,2,4,2,0,1,0,0.0,0.0345,0.0,0.0001,0.0,0.0,0.0,0.0006,0.0,0.0001,0.0,0.0,0.0099,0.0007,0.0002,0.0497,0.0958,0.0,0.1168,0.204,,5,warm,0.0,0.18,0.0,0.0,21.0,21.0,21.0,0.0,0.0,0.0,1.0083873786407767,0.09519999999999999,0.09519999999999999,1.1035873786407766,0.09519999999999999,1.1035873786407766
2026-09-28 01:00:00,1,13.4,0.0,0.0,2,2,2,2,4,2,0,1,0,0.0,0.0375,0.0002,0.0,0.0022,0.0,0.0,0.0,0.0,0.0,0.0,0.0001,0.0103,0.0001,0.0003,0.0507,0.1015,0.0,0.1545,0.317,,5,warm,0.0,0.18,0.0,8.326672684688674e-16,21.0,21.0,21.0,0.0,0.0,0.0,0.0,0.1015,0.1015,0.10150000000000084,0.1015,0.10150000000000084
2026-09-28 02:00:00,2,12.9,0.0,0.0,2,2,2,2,4,2,0,1,0,0.0,0.0427,0.0001,0.0,0.0,0.0,0.0,0.0,0.0001,0.0,0.0,0.0,0.0121,0.0,0.0001,0.0525,0.1077,0.0,0.1707,0.447,,5,warm,0.0,0.18,0.0,0.0,21.0,21.0,21.0,0.0,0.0,0.0,0.0,0.1077,0.1077,0.1077,0.1077,0.1077
2026-09-28 03:00:00,3,12.4,0.0,0.0,2,2,2,2,4,2,0,1,0,0.0097,0.0386,0.0,0.0,0.0053,0.0046,0.0447,0.0,0.0,0.0,0.0,0.0,0.0109,0.0001,0.0,0.0468,0.1605,0.0,0.2235,0.701,,5,warm,0.0,0.18,0.0097,0.0,21.0,21.0,20.99612,0.0,0.0,0.0,0.0,0.1061,0.1158,0.1061,0.1158,0.1061
2026-09-28 04:00:00,4,12.0,0.0,0.0,2,2,2,2,4,2,0,1,0,0.1006,0.0415,0.0,0.0002,0.0027,0.0,0.0022,0.0,0.0,0.0,0.0,0.0,0.0117,0.0,0.0,0.0516,0.2106,0.0586,0.3526,1.179,,5,warm,0.0,0.18,0.1006,0.9400337875518705,21.0,20.99612,21.33203319502075,0.0,0.0,0.0,0.0,0.10780000000000002,0.20840000000000003,1.0478337875518706,0.20840000000000003,1.0478337875518706
2026-09-28 05:00:00,5,11.6,0.0,0.0,2,2,2,2,4,2,0,1,0,0.1914,0.037,0.0,0.0004,0.0,0.0,0.0015,0.0,0.0,0.0,0.0,0.0,0.0107,0.0,0.0,0.0451,0.286,0.032,0.43,1.494,,5,warm,0.0,0.18,0.1914,1.8912000000000002,21.0,21.33203319502075,22.0,0.0,0.0,0.0,0.0,0.09309999999999999,0.2845,1.9843000000000002,0.2845,1.9843000000000002
2026-09-28 06:00:00,6,11.1,0.0,0.0,2,1,1,1,4,2,0,1,0,2.1697,0.0461,0.3669,0.1197,0.0004,0.0539,0.0328,0.0,0.0001,0.0,0.0,0.0001,0.0126,0.2078,0.0083,0.0481,3.0667,2.2827,3.3437,6.796,,5,warm,0.0,0.28,2.1697,0.0,21.0,22.0,21.09612,0.7956114893617022,0.0,0.0,0.0,0.8641999999999997,3.8295114893617024,0.8641999999999997,3.8295114893617024,0.8641999999999997
2026-09-28 07:00:00,7,11.1,3.0,0.0024,2,1,1,1,4,2,0,1,0,1.1475,0.043,0.0084,0.0066,0.0,0.0023,0.0443,0.0,0.0,0.0006,0.0,0.0005,0.0111,0.1897,0.0113,0.0487,1.5139,0.9639,2.0059,4.025,,5,warm,0.011999999999999999,0.28,1.1475,0.9158508000000065,21.0,21.09612,21.0,0.0,0.0,0.0,0.0,0.32210000000000005,1.4696,1.2379508000000066,1.4576,1.2259508000000066
2026-09-28 08:00:00,8,12.0,81.0,0.0868,1,0,0,0,1,2,0,1,0,0.8368,0.0424,0.1393,0.1352,0.0,0.1822,0.0,0.0,0.0113,0.0,0.0,0.0007,0.0114,0.0045,0.0032,0.057,1.424,0.965,1.662,7.089,,5,warm,0.434,0.28,0.8368,0.8368000000000009,21.0,21.0,21.0,0.0,0.0,0.0,0.0,0.5871999999999999,1.424,1.4240000000000008,0.99,0.9900000000000009
2026-09-28 09:00:00,9,13.7,217.0,0.2509,1,0,0,0,1,2,0,1,0,0.5286,0.042,0.0035,0.0,0.0,0.0147,0.0126,0.0003,0.046,0.0028,0.0,0.0,0.0112,0.0,0.0,0.0542,0.7158,0.4218,1.0528,2.196,,5,warm,1.2545000000000002,0.28,0.5286,0.5286000000000007,21.0,21.0,21.0,0.0,0.0,0.0,0.0,0.17430000000000004,0.7029,0.7029000000000007,0.0,0.0
2026-09-28 10:00:00,10,15.9,356.0,0.4251,1,0,0,0,1,2,0,1,0,0.2887,0.0363,0.0,0.0,0.0,0.0,0.0382,0.0139,0.0347,0.0,0.0,0.0,0.011,0.0,0.0002,0.0497,0.4726,0.2766,0.8966,2.119,,5,warm,2.1254999999999997,0.28,0.2887,0.2887000000000009,21.0,21.0,21.0,0.0,0.0,0.0,0.0,0.13180000000000003,0.42050000000000004,0.42050000000000093,0.0,0.0
2026-09-28 11:00:00,11,18.0,472.0,0.5707,1,0,0,0,1,2,0,1,0,0.0802,0.0441,0.0019,0.0017,0.0,0.008,0.0004,0.0,0.0706,0.0127,0.0001,0.0011,0.012,0.0003,0.0,0.0561,0.2892,0.0,0.3692,2.201,,5,warm,2.8535,0.28,0.0802,0.08020000000000493,21.0,21.0,21.0,0.0,0.0,0.0,0.0,0.2086,0.2888,0.28880000000000494,0.0,0.0
2026-09-28 12:00:00,12,19.6,548.0,0.6674,1,0,0,0,1,2,0,1,0,0.03,0.045,0.0379,0.0807,0.0148,0.09,0.0314,0.0,0.0344,0.0,0.0,0.0,0.012,0.0,0.0001,0.0598,0.4361,0.0,1.2061,4.602,,5,warm,3.3369999999999997,0.28,0.03,0.030000000000008242,21.0,21.0,21.0,0.0,0.7956114893617022,0.0,0.0,0.37470000000000003,0.40470000000000006,1.2003114893617104,0.0,0.0
2026-09-28 13:00:00,13,20.6,578.0,0.7055,1,0,0,0,1,2,0,1,0,0.0,0.0435,0.0207,0.0345,0.0126,0.1419,0.0024,0.0,0.0314,0.0,0.0132,0.0002,0.0118,0.0,0.0002,0.0486,0.3609,0.0,0.8339,4.168,,5,warm,3.5275,0.28,0.0,9.325873406851315e-15,21.0,21.0,21.0,0.0,0.0,0.0,0.0,0.3585,0.3585,0.3585000000000093,0.0,0.0
2026-09-28 14:00:00,14,21.3,557.0,0.6792,0,0,0,1,1,2,0,1,0,0.0025,0.0482,0.0082,0.0021,0.1278,0.0119,0.0,0.011,0.0326,0.0,0.0008,0.0,0.0116,0.0,0.0002,0.0512,0.3081,0.0,0.5781,2.546,,5,warm,3.396,0.28,0.0025,0.0025000000000048317,21.0,21.0,21.0,0.0,0.0,0.0,0.0,0.2946,0.2971,0.2971000000000048,0.0,0.0
2026-09-28 15:00:00,15,21.5,488.0,0.5916,0,0,1,1,2,2,0,1,0,0.0024,0.0548,0.0234,0.0012,0.1511,0.0,0.0006,0.0,0.046,0.023,0.0738,0.0,0.0144,0.0,0.0,0.0635,0.4542,0.0,0.7572,2.794,,5,warm,2.958,0.28,0.0024,0.0024000000000086175,21.0,21.0,21.0,0.0,0.0,0.0,0.0,0.4512,0.4536,0.4536000000000086,0.0,0.0
2026-09-28 16:00:00,16,21.5,378.0,0.4528,0,0,0,1,1,2,0,1,0,0.0685,0.06,0.0301,0.0033,0.0366,0.0,0.0,0.0,0.0752,0.0549,0.0023,0.0,0.0144,0.0,0.0026,0.0757,0.4237,0.0957,0.7927,2.719,,5,warm,2.264,0.28,0.0685,0.06850000000000733,21.0,21.0,21.0,0.0,0.0,0.0,0.0,0.3552,0.4237,0.42370000000000735,0.0,0.0
2026-09-28 17:00:00,17,21.1,240.0,0.2802,0,1,0,1,2,2,0,1,0,0.0599,0.0513,0.0205,0.0,0.0448,0.3279,0.0,0.0002,0.0732,0.1199,0.0067,0.004,0.0126,0.0,0.0056,0.0522,0.7788,0.1198,1.8258,4.781,,5,warm,1.401,0.4,0.0599,0.12860347692844165,21.0,21.0,21.027481390771378,0.0,0.0,0.0,0.0,0.7187000000000001,0.7786000000000001,0.8473034769284418,0.0,0.0
2026-09-28 18:00:00,18,20.2,100.0,0.1093,0,1,1,1,3,2,0,1,0,0.0121,0.0482,0.0376,0.0,1.4215,0.8084,0.0,0.0,0.0324,0.0266,0.0561,0.0388,0.012,0.0,0.0026,0.0464,2.5429,0.9829,3.5869,5.684,,5,warm,0.5465,0.4,0.0121,0.0,21.0,21.027481390771378,21.021652060703605,0.0,0.0,0.0,0.0,2.5308,2.5429000000000004,2.5308,1.9964000000000004,1.9843000000000002
2026-09-28 19:00:00,19,18.7,7.0,0.0067,0,1,1,1,3,2,0,1,0,0.0285,0.0418,0.0046,0.0003,0.319,0.5039,0.032,0.3525,0.0312,0.0601,0.0728,0.0235,0.011,0.1445,0.0057,0.0421,1.6734,0.1424,2.9284,5.642,,5,warm,0.0335,0.4,0.0285,0.0,21.0,21.021652060703605,21.00947258651827,0.0,0.0,0.0,0.0,1.2604000000000002,1.2889000000000002,1.2604000000000002,1.2554,1.2269
2026-09-28 20:00:00,20,17.5,0.0,0.0,0,1,1,1,3,2,0,1,0,0.0072,0.0434,0.0001,0.0,0.1198,0.201,0.0249,0.5163,0.0609,0.0269,0.0704,0.0228,0.0115,0.19,0.006,0.0456,1.3468,0.1888,2.1068,4.318,,5,warm,0.0,0.4,0.0072,0.0,21.0,21.00947258651827,21.00625157340361,0.0,0.0,1.0083873786407767,0.0,0.7983999999999999,1.8139873786407765,0.7983999999999999,1.8139873786407765,0.7983999999999999
2026-09-28 21:00:00,21,16.5,0.0,0.0,0,1,1,1,3,2,0,1,0,0.0113,0.0513,0.0008,0.0,0.0,0.0,0.007,0.1161,0.0667,0.0,0.1033,0.0311,0.0133,0.2222,0.0041,0.0613,0.6884,0.0604,1.5084,3.462,,5,warm,0.0,0.4,0.0113,7.105427357601002e-15,21.0,21.00625157340361,21.00150651676108,0.0,0.0,0.0,0.0,0.554,0.5653,0.5540000000000072,0.5653,0.5540000000000072
2026-09-28 22:00:00,22,15.8,0.0,0.0,0,1,1,2,3,2,0,1,0,0.0,0.0435,0.0,0.0,0.0,0.0,0.0,0.0,0.0628,0.0007,0.0002,0.0,0.0111,0.1567,0.0034,0.0513,0.3297,0.1057,0.3867,0.515,,5,warm,0.0,0.28,0.0,7.105427357601002e-15,21.0,21.00150651676108,21.00145228215768,0.0,0.0,0.0,0.0,0.3297,0.3297,0.3297000000000071,0.3297,0.3297000000000071
2026-09-28 23:00:00,23,15.4,0.0,0.0,1,2,2,2,4,2,0,1,0,0.0035,0.042,0.104,0.0506,0.0,0.1981,0.0,0.0097,0.0,0.001,0.0,0.0031,0.0119,0.1186,0.0001,0.053,0.5954,0.4054,0.7464,4.185,,5,warm,0.0,0.28,0.0035,0.0,21.0,21.00145228215768,21.000000000000004,0.0,0.0,0.0,0.0,0.5822,0.5857,0.5822,0.5857,0.5822
2026-09-28 00:00:00,0,13.7,0.0,0.0,2,2,2,2,4,2,0,1,0,0.0,0.0345,0.0,0.0001,0.0,0.0,0.0,0.0006,0.0,0.0001,0.0,0.0,0.0099,0.0007,0.0002,0.0497,0.0958,0.0,0.1168,0.204,,5,standard,0.0,0.18,0.0,0.0,21.0,21.0,21.0,0.0,0.0,0.0,1.0083873786407767,0.09519999999999999,0.09519999999999999,1.1035873786407766,0.09519999999999999,1.1035873786407766
2026-09-28 01:00:00,1,13.4,0.0,0.0,2,2,2,2,4,2,0,1,0,0.0,0.0375,0.0002,0.0,0.0022,0.0,0.0,0.0,0.0,0.0,0.0,0.0001,0.0103,0.0001,0.0003,0.0507,0.1015,0.0,0.1545,0.317,,5,standard,0.0,0.18,0.0,0.0,21.0,21.0,21.0,0.0,0.0,0.0,0.0,0.1015,0.1015,0.1015,0.1015,0.1015
2026-09-28 02:00:00,2,12.9,0.0,0.0,2,2,2,2,4,2,0,1,0,0.0,0.0427,0.0001,0.0,0.0,0.0,0.0,0.0,0.0001,0.0,0.0,0.0,0.0121,0.0,0.0001,0.0525,0.1077,0.0,0.1707,0.447,,5,standard,0.0,0.18,0.0,0.0,21.0,21.0,21.0,0.0,0.0,0.0,0.0,0.1077,0.1077,0.1077,0.1077,0.1077
2026-09-28 03:00:00,3,12.4,0.0,0.0,2,2,2,2,4,2,0,1,0,0.0097,0.0386,0.0,0.0,0.0053,0.0046,0.0447,0.0,0.0,0.0,0.0,0.0,0.0109,0.0001,0.0,0.0468,0.1605,0.0,0.2235,0.701,,5,standard,0.0,0.18,0.0097,0.0,21.0,21.0,20.99612,0.0,0.0,0.0,0.0,0.1061,0.1158,0.1061,0.1158,0.1061
2026-09-28 04:00:00,4,12.0,0.0,0.0,2,2,2,2,4,2,0,1,0,0.1006,0.0415,0.0,0.0002,0.0027,0.0,0.0022,0.0,0.0,0.0,0.0,0.0,0.0117,0.0,0.0,0.0516,0.2106,0.0586,0.3526,1.179,,5,standard,0.0,0.18,0.1006,0.9400337875518705,21.0,20.99612,21.33203319502075,0.0,0.0,0.0,0.0,0.10780000000000002,0.20840000000000003,1.0478337875518706,0.20840000000000003,1.0478337875518706
2026-09-28 05:00:00,5,11.6,0.0,0.0,2,2,2,2,4,2,0,1,0,0.1914,0.037,0.0,0.0004,0.0,0.0,0.0015,0.0,0.0,0.0,0.0,0.0,0.0107,0.0,0.0,0.0451,0.286,0.032,0.43,1.494,,5,standard,0.0,0.18,0.1914,1.8912000000000002,21.0,21.33203319502075,22.0,0.0,0.0,0.0,0.0,0.09309999999999999,0.2845,1.9843000000000002,0.2845,1.9843000000000002
2026-09-28 06:00:00,6,11.1,0.0,0.0,2,1,1,1,4,2,0,1,0,2.1697,0.0461,0.3669,0.1197,0.0004,0.0539,0.0328,0.0,0.0001,0.0,0.0,0.0001,0.0126,0.2078,0.0083,0.0481,3.0667,2.2827,3.3437,6.796,,5,standard,0.0,0.28,2.1697,0.0,21.0,22.0,21.09612,0.7956114893617022,0.0,0.0,0.0,0.8641999999999997,3.8295114893617024,0.8641999999999997,3.8295114893617024,0.8641999999999997
2026-09-28 07:00:00,7,11.1,3.0,0.0024,2,1,1,1,4,2,0,1,0,1.1475,0.043,0.0084,0.0066,0.0,0.0023,0.0443,0.0,0.0,0.0006,0.0,0.0005,0.0111,0.1897,0.0113,0.0487,1.5139,0.9639,2.0059,4.025,,5,standard,0.011999999999999999,0.28,1.1475,0.0,21.0,21.09612,20.633659679999997,0.0,0.0,0.0,0.0,0.32210000000000005,1.4696,0.32210000000000005,1.4576,0.31010000000000004
2026-09-28 08:00:00,8,12.0,81.0,0.0868,1,0,0,0,1,2,0,1,0,0.8368,0.0424,0.1393,0.1352,0.0,0.1822,0.0,0.0,0.0113,0.0,0.0,0.0007,0.0114,0.0045,0.0032,0.057,1.424,0.965,1.662,7.089,,5,standard,0.434,0.28,0.8368,0.46968017120001093,21.0,20.633659679999997,20.5,0.0,0.0,0.0,0.0,0.5871999999999999,1.424,1.0568801712000109,0.99,0.6228801712000109
2026-09-28 09:00:00,9,13.7,217.0,0.2509,1,0,0,0,1,2,0,1,0,0.5286,0.042,0.0035,0.0,0.0,0.0147,0.0126,0.0003,0.046,0.0028,0.0,0.0,0.0112,0.0,0.0,0.0542,0.7158,0.4218,1.0528,2.196,,5,standard,1.2545000000000002,0.28,0.5286,1.0802,21.0,20.5,20.73864,0.0,0.0,0.0,0.0,0.17430000000000004,0.7029,1.2545000000000002,0.0,0.0
2026-09-28 10:00:00,10,15.9,356.0,0.4251,1,0,0,0,1,2,0,1,0,0.2887,0.0363,0.0,0.0,0.0,0.0,0.0382,0.0139,0.0347,0.0,0.0,0.0,0.011,0.0,0.0002,0.0497,0.4726,0.2766,0.8966,2.119,,5,standard,2.1254999999999997,0.28,0.2887,0.9185776000000079,21.0,20.73864,21.0,0.0,0.7956114893617022,0.0,0.0,0.13180000000000003,0.42050000000000004,1.8459890893617104,0.0,0.0
2026-09-28 11:00:00,11,18.0,472.0,0.5707,1,0,0,0,1,2,0,1,0,0.0802,0.0441,0.0019,0.0017,0.0,0.008,0.0004,0.0,0.0706,0.0127,0.0001,0.0011,0.012,0.0003,0.0,0.0561,0.2892,0.0,0.3692,2.201,,5,standard,2.8535,0.28,0.0802,0.08020000000000138,21.0,21.0,21.0,0.0,0.0,0.0,0.0,0.2086,0.2888,0.2888000000000014,0.0,0.0
2026-09-28 12:00:00,12,19.6,548.0,0.6674,1,0,0,0,1,2,0,1,0,0.03,0.045,0.0379,0.0807,0.0148,0.09,0.0314,0.0,0.0344,0.0,0.0,0.0,0.012,0.0,0.0001,0.0598,0.4361,0.0,1.2061,4.602,,5,standard,3.3369999999999997,0.28,0.03,0.030000000000001137,21.0,21.0,21.0,0.0,0.0,0.0,0.0,0.37470000000000003,0.40470000000000006,0.40470000000000117,0.0,0.0
2026-09-28 13:00:00,13,20.6,578.0,0.7055,1,0,0,0,1,2,0,1,0,0.0,0.0435,0.0207,0.0345,0.0126,0.1419,0.0024,0.0,0.0314,0.0,0.0132,0.0002,0.0118,0.0,0.0002,0.0486,0.3609,0.0,0.8339,4.168,,5,standard,3.5275,0.28,0.0,0.0,21.0,21.0,21.0,0.0,0.0,0.0,0.0,0.3585,0.3585,0.3585,0.0,0.0
2026-09-28 14:00:00,14,21.3,557.0,0.6792,0,0,0,1,1,2,0,1,0,0.0025,0.0482,0.0082,0.0021,0.1278,0.0119,0.0,0.011,0.0326,0.0,0.0008,0.0,0.0116,0.0,0.0002,0.0512,0.3081,0.0,0.5781,2.546,,5,standard,3.396,0.28,0.0025,0.0025000000000030553,21.0,21.0,21.0,0.0,0.0,0.0,0.0,0.2946,0.2971,0.29710000000000303,0.0,0.0
2026-09-28 15:00:00,15,21.5,488.0,0.5916,0,0,1,1,2,2,0,1,0,0.0024,0.0548,0.0234,0.0012,0.1511,0.0,0.0006,0.0,0.046,0.023,0.0738,0.0,0.0144,0.0,0.0,0.0635,0.4542,0.0,0.7572,2.794,,5,standard,2.958,0.28,0.0024,0.0023999999999979593,21.0,21.0,21.0,0.0,0.0,0.0,0.0,0.4512,0.4536,0.45359999999999795,0.0,0.0
2026-09-28 16:00:00,16,21.5,378.0,0.4528,0,0,0,1,1,2,0,1,0,0.0685,0.06,0.0301,0.0033,0.0366,0.0,0.0,0.0,0.0752,0.0549,0.0023,0.0,0.0144,0.0,0.0026,0.0757,0.4237,0.0957,0.7927,2.719,,5,standard,2.264,0.28,0.0685,0.06850000000000023,21.0,21.0,21.0,0.0,0.0,0.0,0.0,0.3552,0.4237,0.42370000000000024,0.0,0.0
2026-09-28 17:00:00,17,21.1,240.0,0.2802,0,1,0,1,2,2,0,1,0,0.0599,0.0513,0.0205,0.0,0.0448,0.3279,0.0,0.0002,0.0732,0.1199,0.0067,0.004,0.0126,0.0,0.0056,0.0522,0.7788,0.1198,1.8258,4.781,,5,standard,1.401,0.4,0.0599,0.12860347692844165,21.0,21.0,21.027481390771378,0.0,0.0,0.0,0.0,0.7187000000000001,0.7786000000000001,0.8473034769284418,0.0,0.0
2026-09-28 18:00:00,18,20.2,100.0,0.1093,0,1,1,1,3,2,0,1,0,0.0121,0.0482,0.0376,0.0,1.4215,0.8084,0.0,0.0,0.0324,0.0266,0.0561,0.0388,0.012,0.0,0.0026,0.0464,2.5429,0.9829,3.5869,5.684,,5,standard,0.5465,0.4,0.0121,0.0,21.0,21.027481390771378,21.021652060703605,0.0,0.0,0.0,0.0,2.5308,2.5429000000000004,2.5308,1.9964000000000004,1.9843000000000002
2026-09-28 19:00:00,19,18.7,7.0,0.0067,0,1,1,1,3,2,0,1,0,0.0285,0.0418,0.0046,0.0003,0.319,0.5039,0.032,0.3525,0.0312,0.0601,0.0728,0.0235,0.011,0.1445,0.0057,0.0421,1.6734,0.1424,2.9284,5.642,,5,standard,0.0335,0.4,0.0285,0.0,21.0,21.021652060703605,21.00947258651827,0.0,0.0,0.0,0.0,1.2604000000000002,1.2889000000000002,1.2604000000000002,1.2554,1.2269
2026-09-28 20:00:00,20,17.5,0.0,0.0,0,1,1,1,3,2,0,1,0,0.0072,0.0434,0.0001,0.0,0.1198,0.201,0.0249,0.5163,0.0609,0.0269,0.0704,0.0228,0.0115,0.19,0.006,0.0456,1.3468,0.1888,2.1068,4.318,,5,standard,0.0,0.4,0.0072,0.0,21.0,21.00947258651827,21.00625157340361,0.0,0.0,1.0083873786407767,0.0,0.7983999999999999,1.8139873786407765,0.7983999999999999,1.8139873786407765,0.7983999999999999
2026-09-28 21:00:00,21,16.5,0.0,0.0,0,1,1,1,3,2,0,1,0,0.0113,0.0513,0.0008,0.0,0.0,0.0,0.007,0.1161,0.0667,0.0,0.1033,0.0311,0.0133,0.2222,0.0041,0.0613,0.6884,0.0604,1.5084,3.462,,5,standard,0.0,0.4,0.0113,0.0,21.0,21.00625157340361,21.00150651676108,0.0,0.0,0.0,0.0,0.554,0.5653,0.554,0.5653,0.554
2026-09-28 22:00:00,22,15.8,0.0,0.0,0,1,1,2,3,2,0,1,0,0.0,0.0435,0.0,0.0,0.0,0.0,0.0,0.0,0.0628,0.0007,0.0002,0.0,0.0111,0.1567,0.0034,0.0513,0.3297,0.1057,0.3867,0.515,,5,standard,0.0,0.28,0.0,0.0,21.0,21.00150651676108,21.00145228215768,0.0,0.0,0.0,0.0,0.3297,0.3297,0.3297,0.3297,0.3297
2026-09-28 23:00:00,23,15.4,0.0,0.0,1,2,2,2,4,2,0,1,0,0.0035,0.042,0.104,0.0506,0.0,0.1981,0.0,0.0097,0.0,0.001,0.0,0.0031,0.0119,0.1186,0.0001,0.053,0.5954,0.4054,0.7464,4.185,,5,standard,0.0,0.28,0.0035,0.0,21.0,21.00145228215768,21.000000000000004,0.0,0.0,0.0,0.0,0.5822,0.5857,0.5822,0.5857,0.5822
2026-09-28 00:00:00,0,13.7,0.0,0.0,2,2,2,2,4,2,0,1,0,0.0,0.0345,0.0,0.0001,0.0,0.0,0.0,0.0006,0.0,0.0001,0.0,0.0,0.0099,0.0007,0.0002,0.0497,0.0958,0.0,0.1168,0.204,,5,balanced,0.0,0.18,0.0,0.0,21.0,21.0,21.0,0.0,0.0,0.0,1.0083873786407767,0.09519999999999999,0.09519999999999999,1.1035873786407766,0.09519999999999999,1.1035873786407766
2026-09-28 01:00:00,1,13.4,0.0,0.0,2,2,2,2,4,2,0,1,0,0.0,0.0375,0.0002,0.0,0.0022,0.0,0.0,0.0,0.0,0.0,0.0,0.0001,0.0103,0.0001,0.0003,0.0507,0.1015,0.0,0.1545,0.317,,5,balanced,0.0,0.18,0.0,0.0,21.0,21.0,21.0,0.0,0.0,0.0,0.0,0.1015,0.1015,0.1015,0.1015,0.1015
2026-09-28 02:00:00,2,12.9,0.0,0.0,2,2,2,2,4,2,0,1,0,0.0,0.0427,0.0001,0.0,0.0,0.0,0.0,0.0,0.0001,0.0,0.0,0.0,0.0121,0.0,0.0001,0.0525,0.1077,0.0,0.1707,0.447,,5,balanced,0.0,0.18,0.0,0.0,21.0,21.0,21.0,0.0,0.0,0.0,0.0,0.1077,0.1077,0.1077,0.1077,0.1077
2026-09-28 03:00:00,3,12.4,0.0,0.0,2,2,2,2,4,2,0,1,0,0.0097,0.0386,0.0,0.0,0.0053,0.0046,0.0447,0.0,0.0,0.0,0.0,0.0,0.0109,0.0001,0.0,0.0468,0.1605,0.0,0.2235,0.701,,5,balanced,0.0,0.18,0.0097,0.0,21.0,21.0,20.99612,0.0,0.0,0.0,0.0,0.1061,0.1158,0.1061,0.1158,0.1061
2026-09-28 04:00:00,4,12.0,0.0,0.0,2,2,2,2,4,2,0,1,0,0.1006,0.0415,0.0,0.0002,0.0027,0.0,0.0022,0.0,0.0,0.0,0.0,0.0,0.0117,0.0,0.0,0.0516,0.2106,0.0586,0.3526,1.179,,5,balanced,0.0,0.18,0.1006,0.03645816142014091,21.0,20.99612,20.970602944568057,0.0,0.0,0.0,0.0,0.10780000000000002,0.20840000000000003,0.14425816142014092,0.20840000000000003,0.14425816142014092
2026-09-28 05:00:00,5,11.6,0.0,0.0,2,2,2,2,4,2,0,1,0,0.1914,0.037,0.0,0.0004,0.0,0.0,0.0015,0.0,0.0,0.0,0.0,0.0,0.0107,0.0,0.0,0.0451,0.286,0.032,0.43,1.494,,5,balanced,0.0,0.18,0.1914,1.8912000000000002,21.0,20.970602944568057,21.651581238563605,0.0,0.0,0.0,0.0,0.09309999999999999,0.2845,1.9843000000000002,0.2845,1.9843000000000002
2026-09-28 06:00:00,6,11.1,0.0,0.0,2,1,1,1,4,2,0,1,0,2.1697,0.0461,0.3669,0.1197,0.0004,0.0539,0.0328,0.0,0.0001,0.0,0.0,0.0001,0.0126,0.2078,0.0083,0.0481,3.0667,2.2827,3.3437,6.796,,5,balanced,0.0,0.28,2.1697,0.0,21.0,21.651581238563605,20.760244313975313,0.7956114893617022,0.0,0.0,0.0,0.8641999999999997,3.8295114893617024,0.8641999999999997,3.8295114893617024,0.8641999999999997
2026-09-28 07:00:00,7,11.1,3.0,0.0024,2,1,1,1,4,2,0,1,0,1.1475,0.043,0.0084,0.0066,0.0,0.0023,0.0443,0.0,0.0,0.0006,0.0,0.0005,0.0111,0.1897,0.0113,0.0487,1.5139,0.9639,2.0059,4.025,,5,balanced,0.011999999999999999,0.28,1.1475,0.0,21.0,20.760244313975313,20.3098755186722,0.0,0.0,0.0,0.0,0.32210000000000005,1.4696,0.32210000000000005,1.4576,0.31010000000000004
2026-09-28 08:00:00,8,12.0,81.0,0.0868,1,0,0,0,1,2,0,1,0,0.8368,0.0424,0.1393,0.1352,0.0,0.1822,0.0,0.0,0.0113,0.0,0.0,0.0007,0.0114,0.0045,0.0032,0.057,1.424,0.965,1.662,7.089,,5,balanced,0.434,0.28,0.8368,0.0,21.0,20.3098755186722,20.0,0.0,0.0,0.0,0.0,0.5871999999999999,1.424,0.5871999999999999,0.99,0.15319999999999995
2026-09-28 09:00:00,9,13.7,217.0,0.2509,1,0,0,0,1,2,0,1,0,0.5286,0.042,0.0035,0.0,0.0,0.0147,0.0126,0.0003,0.046,0.0028,0.0,0.0,0.0112,0.0,0.0,0.0542,0.7158,0.4218,1.0528,2.196,,5,balanced,1.2545000000000002,0.28,0.5286,1.0802,21.0,20.0,20.25664,0.0,0.0,0.0,0.0,0.17430000000000004,0.7029,1.2545000000000002,0.0,0.0
2026-09-28 10:00:00,10,15.9,356.0,0.4251,1,0,0,0,1,2,0,1,0,0.2887,0.0363,0.0,0.0,0.0,0.0,0.0382,0.0139,0.0347,0.0,0.0,0.0,0.011,0.0,0.0002,0.0497,0.4726,0.2766,0.8966,2.119,,5,balanced,2.1254999999999997,0.28,0.2887,1.9936999999999996,21.0,20.25664,20.96540096,0.0,0.0,0.0,0.0,0.13180000000000003,0.42050000000000004,2.1254999999999997,0.0,0.0
2026-09-28 11:00:00,11,18.0,472.0,0.5707,1,0,0,0,1,2,0,1,0,0.0802,0.0441,0.0019,0.0017,0.0,0.008,0.0004,0.0,0.0706,0.0127,0.0001,0.0011,0.012,0.0003,0.0,0.0561,0.2892,0.0,0.3692,2.201,,5,balanced,2.8535,0.28,0.0802,0.1635836864000062,21.0,20.96540096,21.0,0.0,0.7956114893617022,0.0,0.0,0.2086,0.2888,1.1677951757617084,0.0,0.0
2026-09-28 12:00:00,12,19.6,548.0,0.6674,1,0,0,0,1,2,0,1,0,0.03,0.045,0.0379,0.0807,0.0148,0.09,0.0314,0.0,0.0344,0.0,0.0,0.0,0.012,0.0,0.0001,0.0598,0.4361,0.0,1.2061,4.602,,5,balanced,3.3369999999999997,0.28,0.03,0.030000000000001137,21.0,21.0,21.0,0.0,0.0,0.0,0.0,0.37470000000000003,0.40470000000000006,0.40470000000000117,0.0,0.0
2026-09-28 13:00:00,13,20.6,578.0,0.7055,1,0,0,0,1,2,0,1,0,0.0,0.0435,0.0207,0.0345,0.0126,0.1419,0.0024,0.0,0.0314,0.0,0.0132,0.0002,0.0118,0.0,0.0002,0.0486,0.3609,0.0,0.8339,4.168,,5,balanced,3.5275,0.28,0.0,0.0,21.0,21.0,21.0,0.0,0.0,0.0,0.0,0.3585,0.3585,0.3585,0.0,0.0
2026-09-28 14:00:00,14,21.3,557.0,0.6792,0,0,0,1,1,2,0,1,0,0.0025,0.0482,0.0082,0.0021,0.1278,0.0119,0.0,0.011,0.0326,0.0,0.0008,0.0,0.0116,0.0,0.0002,0.0512,0.3081,0.0,0.5781,2.546,,5,balanced,3.396,0.28,0.0025,0.0025000000000030553,21.0,21.0,21.0,0.0,0.0,0.0,0.0,0.2946,0.2971,0.29710000000000303,0.0,0.0
2026-09-28 15:00:00,15,21.5,488.0,0.5916,0,0,1,1,2,2,0,1,0,0.0024,0.0548,0.0234,0.0012,0.1511,0.0,0.0006,0.0,0.046,0.023,0.0738,0.0,0.0144,0.0,0.0,0.0635,0.4542,0.0,0.7572,2.794,,5,balanced,2.958,0.28,0.0024,0.0023999999999979593,21.0,21.0,21.0,0.0,0.0,0.0,0.0,0.4512,0.4536,0.45359999999999795,0.0,0.0
2026-09-28 16:00:00,16,21.5,378.0,0.4528,0,0,0,1,1,2,0,1,0,0.0685,0.06,0.0301,0.0033,0.0366,0.0,0.0,0.0,0.0752,0.0549,0.0023,0.0,0.0144,0.0,0.0026,0.0757,0.4237,0.0957,0.7927,2.719,,5,balanced,2.264,0.28,0.0685,0.06850000000000023,21.0,21.0,21.0,0.0,0.0,0.0,0.0,0.3552,0.4237,0.42370000000000024,0.0,0.0
2026-09-28 17:00:00,17,21.1,240.0,0.2802,0,1,0,1,2,2,0,1,0,0.0599,0.0513,0.0205,0.0,0.0448,0.3279,0.0,0.0002,0.0732,0.1199,0.0067,0.004,0.0126,0.0,0.0056,0.0522,0.7788,0.1198,1.8258,4.781,,5,balanced,1.401,0.4,0.0599,0.12860347692844165,21.0,21.0,21.027481390771378,0.0,0.0,0.0,0.0,0.7187000000000001,0.7786000000000001,0.8473034769284418,0.0,0.0
2026-09-28 18:00:00,18,20.2,100.0,0.1093,0,1,1,1,3,2,0,1,0,0.0121,0.0482,0.0376,0.0,1.4215,0.8084,0.0,0.0,0.0324,0.0266,0.0561,0.0388,0.012,0.0,0.0026,0.0464,2.5429,0.9829,3.5869,5.684,,5,balanced,0.5465,0.4,0.0121,0.0,21.0,21.027481390771378,21.021652060703605,0.0,0.0,0.0,0.0,2.5308,2.5429000000000004,2.5308,1.9964000000000004,1.9843000000000002
2026-09-28 19:00:00,19,18.7,7.0,0.0067,0,1,1,1,3,2,0,1,0,0.0285,0.0418,0.0046,0.0003,0.319,0.5039,0.032,0.3525,0.0312,0.0601,0.0728,0.0235,0.011,0.1445,0.0057,0.0421,1.6734,0.1424,2.9284,5.642,,5,balanced,0.0335,0.4,0.0285,0.0,21.0,21.021652060703605,21.00947258651827,0.0,0.0,0.0,0.0,1.2604000000000002,1.2889000000000002,1.2604000000000002,1.2554,1.2269
2026-09-28 20:00:00,20,17.5,0.0,0.0,0,1,1,1,3,2,0,1,0,0.0072,0.0434,0.0001,0.0,0.1198,0.201,0.0249,0.5163,0.0609,0.0269,0.0704,0.0228,0.0115,0.19,0.006,0.0456,1.3468,0.1888,2.1068,4.318,,5,balanced,0.0,0.4,0.0072,0.0,21.0,21.00947258651827,21.00625157340361,0.0,0.0,1.0083873786407767,0.0,0.7983999999999999,1.8139873786407765,0.7983999999999999,1.8139873786407765,0.7983999999999999
2026-09-28 21:00:00,21,16.5,0.0,0.0,0,1,1,1,3,2,0,1,0,0.0113,0.0513,0.0008,0.0,0.0,0.0,0.007,0.1161,0.0667,0.0,0.1033,0.0311,0.0133,0.2222,0.0041,0.0613,0.6884,0.0604,1.5084,3.462,,5,balanced,0.0,0.4,0.0113,0.0,21.0,21.00625157340361,21.00150651676108,0.0,0.0,0.0,0.0,0.554,0.5653,0.554,0.5653,0.554
2026-09-28 22:00:00,22,15.8,0.0,0.0,0,1,1,2,3,2,0,1,0,0.0,0.0435,0.0,0.0,0.0,0.0,0.0,0.0,0.0628,0.0007,0.0002,0.0,0.0111,0.1567,0.0034,0.0513,0.3297,0.1057,0.3867,0.515,,5,balanced,0.0,0.28,0.0,0.0,21.0,21.00150651676108,21.00145228215768,0.0,0.0,0.0,0.0,0.3297,0.3297,0.3297,0.3297,0.3297
2026-09-28 23:00:00,23,15.4,0.0,0.0,1,2,2,2,4,2,0,1,0,0.0035,0.042,0.104,0.0506,0.0,0.1981,0.0,0.0097,0.0,0.001,0.0,0.0031,0.0119,0.1186,0.0001,0.053,0.5954,0.4054,0.7464,4.185,,5,balanced,0.0,0.28,0.0035,0.0,21.0,21.00145228215768,21.000000000000004,0.0,0.0,0.0,0.0,0.5822,0.5857,0.5822,0.5857,0.5822
2026-09-28 00:00:00,0,13.7,0.0,0.0,2,2,2,2,4,2,0,1,0,0.0,0.0345,0.0,0.0001,0.0,0.0,0.0,0.0006,0.0,0.0001,0.0,0.0,0.0099,0.0007,0.0002,0.0497,0.0958,0.0,0.1168,0.204,,5,saver,0.0,0.18,0.0,0.0,21.0,21.0,21.0,0.0,0.0,0.0,1.0083873786407767,0.09519999999999999,0.09519999999999999,1.1035873786407766,0.09519999999999999,1.1035873786407766
2026-09-28 01:00:00,1,13.4,0.0,0.0,2,2,2,2,4,2,0,1,0,0.0,0.0375,0.0002,0.0,0.0022,0.0,0.0,0.0,0.0,0.0,0.0,0.0001,0.0103,0.0001,0.0003,0.0507,0.1015,0.0,0.1545,0.317,,5,saver,0.0,0.18,0.0,0.0,21.0,21.0,21.0,0.0,0.0,0.0,0.0,0.1015,0.1015,0.1015,0.1015,0.1015
2026-09-28 02:00:00,2,12.9,0.0,0.0,2,2,2,2,4,2,0,1,0,0.0,0.0427,0.0001,0.0,0.0,0.0,0.0,0.0,0.0001,0.0,0.0,0.0,0.0121,0.0,0.0001,0.0525,0.1077,0.0,0.1707,0.447,,5,saver,0.0,0.18,0.0,0.0,21.0,21.0,21.0,0.0,0.0,0.0,0.0,0.1077,0.1077,0.1077,0.1077,0.1077
2026-09-28 03:00:00,3,12.4,0.0,0.0,2,2,2,2,4,2,0,1,0,0.0097,0.0386,0.0,0.0,0.0053,0.0046,0.0447,0.0,0.0,0.0,0.0,0.0,0.0109,0.0001,0.0,0.0468,0.1605,0.0,0.2235,0.701,,5,saver,0.0,0.18,0.0097,0.0,21.0,21.0,20.99612,0.0,0.0,0.0,0.0,0.1061,0.1158,0.1061,0.1158,0.1061
2026-09-28 04:00:00,4,12.0,0.0,0.0,2,2,2,2,4,2,0,1,0,0.1006,0.0415,0.0,0.0002,0.0027,0.0,0.0022,0.0,0.0,0.0,0.0,0.0,0.0117,0.0,0.0,0.0516,0.2106,0.0586,0.3526,1.179,,5,saver,0.0,0.18,0.1006,0.0,21.0,20.99612,20.95601968,0.0,0.0,0.0,0.0,0.10780000000000002,0.20840000000000003,0.10780000000000002,0.20840000000000003,0.10780000000000002
2026-09-28 05:00:00,5,11.6,0.0,0.0,2,2,2,2,4,2,0,1,0,0.1914,0.037,0.0,0.0004,0.0,0.0,0.0015,0.0,0.0,0.0,0.0,0.0,0.0107,0.0,0.0,0.0451,0.286,0.032,0.43,1.494,,5,saver,0.0,0.18,0.1914,0.5310093076921429,21.0,20.95601968,21.093446694596857,0.0,0.0,0.0,0.0,0.09309999999999999,0.2845,0.6241093076921429,0.2845,0.6241093076921429
2026-09-28 06:00:00,6,11.1,0.0,0.0,2,1,1,1,4,2,0,1,0,2.1697,0.0461,0.3669,0.1197,0.0004,0.0539,0.0328,0.0,0.0001,0.0,0.0,0.0001,0.0126,0.2078,0.0083,0.0481,3.0667,2.2827,3.3437,6.796,,5,saver,0.0,0.28,2.1697,0.0,21.0,21.093446694596857,20.222202613591367,0.7956114893617022,0.0,0.0,0.0,0.8641999999999997,3.8295114893617024,0.8641999999999997,3.8295114893617024,0.8641999999999997
2026-09-28 07:00:00,7,11.1,3.0,0.0024,2,1,1,1,4,2,0,1,0,1.1475,0.043,0.0084,0.0066,0.0,0.0023,0.0443,0.0,0.0,0.0006,0.0,0.0005,0.0111,0.1897,0.0113,0.0487,1.5139,0.9639,2.0059,4.025,,5,saver,0.011999999999999999,0.28,1.1475,0.0,21.0,20.222202613591367,19.791203319502078,0.0,0.0,0.0,0.0,0.32210000000000005,1.4696,0.32210000000000005,1.4576,0.31010000000000004
2026-09-28 08:00:00,8,12.0,81.0,0.0868,1,0,0,0,1,2,0,1,0,0.8368,0.0424,0.1393,0.1352,0.0,0.1822,0.0,0.0,0.0113,0.0,0.0,0.0007,0.0114,0.0045,0.0032,0.057,1.424,0.965,1.662,7.089,,5,saver,0.434,0.28,0.8368,0.0,21.0,19.791203319502078,19.5,0.0,0.0,0.0,0.0,0.5871999999999999,1.424,0.5871999999999999,0.99,0.15319999999999995
2026-09-28 09:00:00,9,13.7,217.0,0.2509,1,0,0,0,1,2,0,1,0,0.5286,0.042,0.0035,0.0,0.0,0.0147,0.0126,0.0003,0.046,0.0028,0.0,0.0,0.0112,0.0,0.0,0.0542,0.7158,0.4218,1.0528,2.196,,5,saver,1.2545000000000002,0.28,0.5286,1.0802,21.0,19.5,19.774639999999998,0.0,0.0,0.0,0.0,0.17430000000000004,0.7029,1.2545000000000002,0.0,0.0
2026-09-28 10:00:00,10,15.9,356.0,0.4251,1,0,0,0,1,2,0,1,0,0.2887,0.0363,0.0,0.0,0.0,0.0,0.0382,0.0139,0.0347,0.0,0.0,0.0,0.011,0.0,0.0002,0.0497,0.4726,0.2766,0.8966,2.119,,5,saver,2.1254999999999997,0.28,0.2887,1.9936999999999996,21.0,19.774639999999998,20.500752959999996,0.0,0.0,0.0,0.0,0.13180000000000003,0.42050000000000004,2.1254999999999997,0.0,0.0
2026-09-28 11:00:00,11,18.0,472.0,0.5707,1,0,0,0,1,2,0,1,0,0.0802,0.0441,0.0019,0.0017,0.0,0.008,0.0004,0.0,0.0706,0.0127,0.0001,0.0011,0.012,0.0003,0.0,0.0561,0.2892,0.0,0.3692,2.201,,5,saver,2.8535,0.28,0.0802,1.2833853664000117,21.0,20.500752959999996,21.0,0.0,0.7956114893617022,0.0,0.0,0.2086,0.2888,2.287596855761714,0.0,0.0
2026-09-28 12:00:00,12,19.6,548.0,0.6674,1,0,0,0,1,2,0,1,0,0.03,0.045,0.0379,0.0807,0.0148,0.09,0.0314,0.0,0.0344,0.0,0.0,0.0,0.012,0.0,0.0001,0.0598,0.4361,0.0,1.2061,4.602,,5,saver,3.3369999999999997,0.28,0.03,0.030000000000001137,21.0,21.0,21.0,0.0,0.0,0.0,0.0,0.37470000000000003,0.40470000000000006,0.40470000000000117,0.0,0.0
2026-09-28 13:00:00,13,20.6,578.0,0.7055,1,0,0,0,1,2,0,1,0,0.0,0.0435,0.0207,0.0345,0.0126,0.1419,0.0024,0.0,0.0314,0.0,0.0132,0.0002,0.0118,0.0,0.0002,0.0486,0.3609,0.0,0.8339,4.168,,5,saver,3.5275,0.28,0.0,0.0,21.0,21.0,21.0,0.0,0.0,0.0,0.0,0.3585,0.3585,0.3585,0.0,0.0
2026-09-28 14:00:00,14,21.3,557.0,0.6792,0,0,0,1,1,2,0,1,0,0.0025,0.0482,0.0082,0.0021,0.1278,0.0119,0.0,0.011,0.0326,0.0,0.0008,0.0,0.0116,0.0,0.0002,0.0512,0.3081,0.0,0.5781,2.546,,5,saver,3.396,0.28,0.0025,0.0025000000000030553,21.0,21.0,21.0,0.0,0.0,0.0,0.0,0.2946,0.2971,0.29710000000000303,0.0,0.0
2026-09-28 15:00:00,15,21.5,488.0,0.5916,0,0,1,1,2,2,0,1,0,0.0024,0.0548,0.0234,0.0012,0.1511,0.0,0.0006,0.0,0.046,0.023,0.0738,0.0,0.0144,0.0,0.0,0.0635,0.4542,0.0,0.7572,2.794,,5,saver,2.958,0.28,0.0024,0.0023999999999979593,21.0,21.0,21.0,0.0,0.0,0.0,0.0,0.4512,0.4536,0.45359999999999795,0.0,0.0
2026-09-28 16:00:00,16,21.5,378.0,0.4528,0,0,0,1,1,2,0,1,0,0.0685,0.06,0.0301,0.0033,0.0366,0.0,0.0,0.0,0.0752,0.0549,0.0023,0.0,0.0144,0.0,0.0026,0.0757,0.4237,0.0957,0.7927,2.719,,5,saver,2.264,0.28,0.0685,0.06850000000000023,21.0,21.0,21.0,0.0,0.0,0.0,0.0,0.3552,0.4237,0.42370000000000024,0.0,0.0
2026-09-28 17:00:00,17,21.1,240.0,0.2802,0,1,0,1,2,2,0,1,0,0.0599,0.0513,0.0205,0.0,0.0448,0.3279,0.0,0.0002,0.0732,0.1199,0.0067,0.004,0.0126,0.0,0.0056,0.0522,0.7788,0.1198,1.8258,4.781,,5,saver,1.401,0.4,0.0599,0.12860347692844165,21.0,21.0,21.027481390771378,0.0,0.0,0.0,0.0,0.7187000000000001,0.7786000000000001,0.8473034769284418,0.0,0.0
2026-09-28 18:00:00,18,20.2,100.0,0.1093,0,1,1,1,3,2,0,1,0,0.0121,0.0482,0.0376,0.0,1.4215,0.8084,0.0,0.0,0.0324,0.0266,0.0561,0.0388,0.012,0.0,0.0026,0.0464,2.5429,0.9829,3.5869,5.684,,5,saver,0.5465,0.4,0.0121,0.0,21.0,21.027481390771378,21.021652060703605,0.0,0.0,0.0,0.0,2.5308,2.5429000000000004,2.5308,1.9964000000000004,1.9843000000000002
2026-09-28 19:00:00,19,18.7,7.0,0.0067,0,1,1,1,3,2,0,1,0,0.0285,0.0418,0.0046,0.0003,0.319,0.5039,0.032,0.3525,0.0312,0.0601,0.0728,0.0235,0.011,0.1445,0.0057,0.0421,1.6734,0.1424,2.9284,5.642,,5,saver,0.0335,0.4,0.0285,0.0,21.0,21.021652060703605,21.00947258651827,0.0,0.0,0.0,0.0,1.2604000000000002,1.2889000000000002,1.2604000000000002,1.2554,1.2269
2026-09-28 20:00:00,20,17.5,0.0,0.0,0,1,1,1,3,2,0,1,0,0.0072,0.0434,0.0001,0.0,0.1198,0.201,0.0249,0.5163,0.0609,0.0269,0.0704,0.0228,0.0115,0.19,0.006,0.0456,1.3468,0.1888,2.1068,4.318,,5,saver,0.0,0.4,0.0072,0.0,21.0,21.00947258651827,21.00625157340361,0.0,0.0,1.0083873786407767,0.0,0.7983999999999999,1.8139873786407765,0.7983999999999999,1.8139873786407765,0.7983999999999999
2026-09-28 21:00:00,21,16.5,0.0,0.0,0,1,1,1,3,2,0,1,0,0.0113,0.0513,0.0008,0.0,0.0,0.0,0.007,0.1161,0.0667,0.0,0.1033,0.0311,0.0133,0.2222,0.0041,0.0613,0.6884,0.0604,1.5084,3.462,,5,saver,0.0,0.4,0.0113,0.0,21.0,21.00625157340361,21.00150651676108,0.0,0.0,0.0,0.0,0.554,0.5653,0.554,0.5653,0.554
2026-09-28 22:00:00,22,15.8,0.0,0.0,0,1,1,2,3,2,0,1,0,0.0,0.0435,0.0,0.0,0.0,0.0,0.0,0.0,0.0628,0.0007,0.0002,0.0,0.0111,0.1567,0.0034,0.0513,0.3297,0.1057,0.3867,0.515,,5,saver,0.0,0.28,0.0,0.0,21.0,21.00150651676108,21.00145228215768,0.0,0.0,0.0,0.0,0.3297,0.3297,0.3297,0.3297,0.3297
2026-09-28 23:00:00,23,15.4,0.0,0.0,1,2,2,2,4,2,0,1,0,0.0035,0.042,0.104,0.0506,0.0,0.1981,0.0,0.0097,0.0,0.001,0.0,0.0031,0.0119,0.1186,0.0001,0.053,0.5954,0.4054,0.7464,4.185,,5,saver,0.0,0.28,0.0035,0.0,21.0,21.00145228215768,21.000000000000004,0.0,0.0,0.0,0.0,0.5822,0.5857,0.5822,0.5857,0.5822
2026-09-28 00:00:00,0,13.7,0.0,0.0,2,2,2,2,4,2,0,1,0,0.0,0.0345,0.0,0.0001,0.0,0.0,0.0,0.0006,0.0,0.0001,0.0,0.0,0.0099,0.0007,0.0002,0.0497,0.0958,0.0,0.1168,0.204,,8,warm,0.0,0.18,0.0,0.0,21.0,21.0,21.0,0.0,0.0,0.0,1.0083873786407767,0.09519999999999999,0.09519999999999999,1.1035873786407766,0.09519999999999999,1.1035873786407766
2026-09-28 01:00:00,1,13.4,0.0,0.0,2,2,2,2,4,2,0,1,0,0.0,0.0375,0.0002,0.0,0.0022,0.0,0.0,0.0,0.0,0.0,0.0,0.0001,0.0103,0.0001,0.0003,0.0507,0.1015,0.0,0.1545,0.317,,8,warm,0.0,0.18,0.0,8.326672684688674e-16,21.0,21.0,21.0,0.0,0.0,0.0,0.0,0.1015,0.1015,0.10150000000000084,0.1015,0.10150000000000084
2026-09-28 02:00:00,2,12.9,0.0,0.0,2,2,2,2,4,2,0,1,0,0.0,0.0427,0.0001,0.0,0.0,0.0,0.0,0.0,0.0001,0.0,0.0,0.0,0.0121,0.0,0.0001,0.0525,0.1077,0.0,0.1707,0.447,,8,warm,0.0,0.18,0.0,0.0,21.0,21.0,21.0,0.0,0.0,0.0,0.0,0.1077,0.1077,0.1077,0.1077,0.1077
2026-09-28 03:00:00,3,12.4,0.0,0.0,2,2,2,2,4,2,0,1,0,0.0097,0.0386,0.0,0.0,0.0053,0.0046,0.0447,0.0,0.0,0.0,0.0,0.0,0.0109,0.0001,0.0,0.0468,0.1605,0.0,0.2235,0.701,,8,warm,0.0,0.18,0.0097,0.0,21.0,21.0,20.99612,0.0,0.0,0.0,0.0,0.1061,0.1158,0.1061,0.1158,0.1061
2026-09-28 04:00:00,4,12.0,0.0,0.0,2,2,2,2,4,2,0,1,0,0.1006,0.0415,0.0,0.0002,0.0027,0.0,0.0022,0.0,0.0,0.0,0.0,0.0,0.0117,0.0,0.0,0.0516,0.2106,0.0586,0.3526,1.179,,8,warm,0.0,0.18,0.1006,1.2801790157676418,21.0,20.99612,21.468091286307057,0.0,0.0,0.0,0.0,0.10780000000000002,0.20840000000000003,1.387979015767642,0.20840000000000003,1.387979015767642
2026-09-28 05:00:00,5,11.6,0.0,0.0,2,2,2,2,4,2,0,1,0,0.1914,0.037,0.0,0.0004,0.0,0.0,0.0015,0.0,0.0,0.0,0.0,0.0,0.0107,0.0,0.0,0.0451,0.286,0.032,0.43,1.494,,8,warm,0.0,0.18,0.1914,1.5633000000000001,21.0,21.468091286307057,22.0,0.0,0.0,0.0,0.0,0.09309999999999999,0.2845,1.6564,0.2845,1.6564
2026-09-28 06:00:00,6,11.1,0.0,0.0,2,1,1,1,4,2,0,1,0,2.1697,0.0461,0.3669,0.1197,0.0004,0.0539,0.0328,0.0,0.0001,0.0,0.0,0.0001,0.0126,0.2078,0.0083,0.0481,3.0667,2.2827,3.3437,6.796,,8,warm,0.0,0.28,2.1697,0.0,21.0,22.0,21.09612,0.7956114893617022,0.0,0.0,0.0,0.8641999999999997,3.8295114893617024,0.8641999999999997,3.8295114893617024,0.8641999999999997
2026-09-28 07:00:00,7,11.1,3.0,0.0024,2,1,1,1,4,2,0,1,0,1.1475,0.043,0.0084,0.0066,0.0,0.0023,0.0443,0.0,0.0,0.0006,0.0,0.0005,0.0111,0.1897,0.0113,0.0487,1.5139,0.9639,2.0059,4.025,,8,warm,0.0192,0.28,1.1475,0.9158508000000065,21.0,21.09612,21.0,0.0,0.0,0.0,0.0,0.32210000000000005,1.4696,1.2379508000000066,1.4504,1.2187508000000065
2026-09-28 08:00:00,8,12.0,81.0,0.0868,1,0,0,0,1,2,0,1,0,0.8368,0.0424,0.1393,0.1352,0.0,0.1822,0.0,0.0,0.0113,0.0,0.0,0.0007,0.0114,0.0045,0.0032,0.057,1.424,0.965,1.662,7.089,,8,warm,0.6944,0.28,0.8368,0.8368000000000009,21.0,21.0,21.0,0.0,0.0,0.0,0.0,0.5871999999999999,1.424,1.4240000000000008,0.7295999999999999,0.7296000000000008
2026-09-28 09:00:00,9,13.7,217.0,0.2509,1,0,0,0,1,2,0,1,0,0.5286,0.042,0.0035,0.0,0.0,0.0147,0.0126,0.0003,0.046,0.0028,0.0,0.0,0.0112,0.0,0.0,0.0542,0.7158,0.4218,1.0528,2.196,,8,warm,2.0072,0.28,0.5286,0.5286000000000007,21.0,21.0,21.0,0.0,0.0,0.0,0.0,0.17430000000000004,0.7029,0.7029000000000007,0.0,0.0
2026-09-28 10:00:00,10,15.9,356.0,0.4251,1,0,0,0,1,2,0,1,0,0.2887,0.0363,0.0,0.0,0.0,0.0,0.0382,0.0139,0.0347,0.0,0.0,0.0,0.011,0.0,0.0002,0.0497,0.4726,0.2766,0.8966,2.119,,8,warm,3.4008,0.28,0.2887,0.28870000000000573,21.0,21.0,21.0,0.0,0.0,0.0,0.0,0.13180000000000003,0.42050000000000004,0.42050000000000576,0.0,0.0
2026-09-28 11:00:00,11,18.0,472.0,0.5707,1,0,0,0,1,2,0,1,0,0.0802,0.0441,0.0019,0.0017,0.0,0.008,0.0004,0.0,0.0706,0.0127,0.0001,0.0011,0.012,0.0003,0.0,0.0561,0.2892,0.0,0.3692,2.201,,8,warm,4.5656,0.28,0.0802,0.08020000000000493,21.0,21.0,21.0,0.0,0.7956114893617022,0.0,0.0,0.2086,0.2888,1.0844114893617072,0.0,0.0
2026-09-28 12:00:00,12,19.6,548.0,0.6674,1,0,0,0,1,2,0,1,0,0.03,0.045,0.0379,0.0807,0.0148,0.09,0.0314,0.0,0.0344,0.0,0.0,0.0,0.012,0.0,0.0001,0.0598,0.4361,0.0,1.2061,4.602,,8,warm,5.3392,0.28,0.03,0.030000000000008242,21.0,21.0,21.0,0.0,0.0,0.0,0.0,0.37470000000000003,0.40470000000000006,0.4047000000000083,0.0,0.0
2026-09-28 13:00:00,13,20.6,578.0,0.7055,1,0,0,0,1,2,0,1,0,0.0,0.0435,0.0207,0.0345,0.0126,0.1419,0.0024,0.0,0.0314,0.0,0.0132,0.0002,0.0118,0.0,0.0002,0.0486,0.3609,0.0,0.8339,4.168,,8,warm,5.644,0.28,0.0,9.325873406851315e-15,21.0,21.0,21.0,0.0,0.0,0.0,0.0,0.3585,0.3585,0.3585000000000093,0.0,0.0
2026-09-28 14:00:00,14,21.3,557.0,0.6792,0,0,0,1,1,2,0,1,0,0.0025,0.0482,0.0082,0.0021,0.1278,0.0119,0.0,0.011,0.0326,0.0,0.0008,0.0,0.0116,0.0,0.0002,0.0512,0.3081,0.0,0.5781,2.546,,8,warm,5.4336,0.28,0.0025,0.0025000000000048317,21.0,21.0,21.0,0.0,0.0,0.0,0.0,0.2946,0.2971,0.2971000000000048,0.0,0.0
2026-09-28 15:00:00,15,21.5,488.0,0.5916,0,0,1,1,2,2,0,1,0,0.0024,0.0548,0.0234,0.0012,0.1511,0.0,0.0006,0.0,0.046,0.023,0.0738,0.0,0.0144,0.0,0.0,0.0635,0.4542,0.0,0.7572,2.794,,8,warm,4.7328,0.28,0.0024,0.0024000000000086175,21.0,21.0,21.0,0.0,0.0,0.0,0.0,0.4512,0.4536,0.4536000000000086,0.0,0.0
2026-09-28 16:00:00,16,21.5,378.0,0.4528,0,0,0,1,1,2,0,1,0,0.0685,0.06,0.0301,0.0033,0.0366,0.0,0.0,0.0,0.0752,0.0549,0.0023,0.0,0.0144,0.0,0.0026,0.0757,0.4237,0.0957,0.7927,2.719,,8,warm,3.6224,0.28,0.0685,0.06850000000000733,21.0,21.0,21.0,0.0,0.0,0.0,0.0,0.3552,0.4237,0.42370000000000735,0.0,0.0
2026-09-28 17:00:00,17,21.1,240.0,0.2802,0,1,0,1,2,2,0,1,0,0.0599,0.0513,0.0205,0.0,0.0448,0.3279,0.0,0.0002,0.0732,0.1199,0.0067,0.004,0.0126,0.0,0.0056,0.0522,0.7788,0.1198,1.8258,4.781,,8,warm,2.2416,0.4,0.0599,0.12860347692844165,21.0,21.0,21.027481390771378,0.0,0.0,0.0,0.0,0.7187000000000001,0.7786000000000001,0.8473034769284418,0.0,0.0
2026-09-28 18:00:00,18,20.2,100.0,0.1093,0,1,1,1,3,2,0,1,0,0.0121,0.0482,0.0376,0.0,1.4215,0.8084,0.0,0.0,0.0324,0.0266,0.0561,0.0388,0.012,0.0,0.0026,0.0464,2.5429,0.9829,3.5869,5.684,,8,warm,0.8744,0.4,0.0121,0.0,21.0,21.027481390771378,21.021652060703605,0.0,0.0,0.0,0.0,2.5308,2.5429000000000004,2.5308,1.6685000000000003,1.6564
2026-09-28 19:00:00,19,18.7,7.0,0.0067,0,1,1,1,3,2,0,1,0,0.0285,0.0418,0.0046,0.0003,0.319,0.5039,0.032,0.3525,0.0312,0.0601,0.0728,0.0235,0.011,0.1445,0.0057,0.0421,1.6734,0.1424,2.9284,5.642,,8,warm,0.0536,0.4,0.0285,0.0,21.0,21.021652060703605,21.00947258651827,0.0,0.0,0.0,0.0,1.2604000000000002,1.2889000000000002,1.2604000000000002,1.2353,1.2068
2026-09-28 20:00:00,20,17.5,0.0,0.0,0,1,1,1,3,2,0,1,0,0.0072,0.0434,0.0001,0.0,0.1198,0.201,0.0249,0.5163,0.0609,0.0269,0.0704,0.0228,0.0115,0.19,0.006,0.0456,1.3468,0.1888,2.1068,4.318,,8,warm,0.0,0.4,0.0072,0.0,21.0,21.00947258651827,21.00625157340361,0.0,0.0,1.0083873786407767,0.0,0.7983999999999999,1.8139873786407765,0.7983999999999999,1.8139873786407765,0.7983999999999999
2026-09-28 21:00:00,21,16.5,0.0,0.0,0,1,1,1,3,2,0,1,0,0.0113,0.0513,0.0008,0.0,0.0,0.0,0.007,0.1161,0.0667,0.0,0.1033,0.0311,0.0133,0.2222,0.0041,0.0613,0.6884,0.0604,1.5084,3.462,,8,warm,0.0,0.4,0.0113,0.0,21.0,21.00625157340361,21.00150651676108,0.0,0.0,0.0,0.0,0.554,0.5653,0.554,0.5653,0.554
2026-09-28 22:00:00,22,15.8,0.0,0.0,0,1,1,2,3,2,0,1,0,0.0,0.0435,0.0,0.0,0.0,0.0,0.0,0.0,0.0628,0.0007,0.0002,0.0,0.0111,0.1567,0.0034,0.0513,0.3297,0.1057,0.3867,0.515,,8,warm,0.0,0.28,0.0,7.105427357601002e-15,21.0,21.00150651676108,21.00145228215768,0.0,0.0,0.0,0.0,0.3297,0.3297,0.3297000000000071,0.3297,0.3297000000000071
2026-09-28 23:00:00,23,15.4,0.0,0.0,1,2,2,2,4,2,0,1,0,0.0035,0.042,0.104,0.0506,0.0,0.1981,0.0,0.0097,0.0,0.001,0.0,0.0031,0.0119,0.1186,0.0001,0.053,0.5954,0.4054,0.7464,4.185,,8,warm,0.0,0.28,0.0035,0.0,21.0,21.00145228215768,21.000000000000004,0.0,0.0,0.0,0.0,0.5822,0.5857,0.5822,0.5857,0.5822
2026-09-28 00:00:00,0,13.7,0.0,0.0,2,2,2,2,4,2,0,1,0,0.0,0.0345,0.0,0.0001,0.0,0.0,0.0,0.0006,0.0,0.0001,0.0,0.0,0.0099,0.0007,0.0002,0.0497,0.0958,0.0,0.1168,0.204,,8,standard,0.0,0.18,0.0,0.0,21.0,21.0,21.0,0.0,0.0,0.0,1.0083873786407767,0.09519999999999999,0.09519999999999999,1.1035873786407766,0.09519999999999999,1.1035873786407766
2026-09-28 01:00:00,1,13.4,0.0,0.0,2,2,2,2,4,2,0,1,0,0.0,0.0375,0.0002,0.0,0.0022,0.0,0.0,0.0,0.0,0.0,0.0,0.0001,0.0103,0.0001,0.0003,0.0507,0.1015,0.0,0.1545,0.317,,8,standard,0.0,0.18,0.0,0.0,21.0,21.0,21.0,0.0,0.0,0.0,0.0,0.1015,0.1015,0.1015,0.1015,0.1015
2026-09-28 02:00:00,2,12.9,0.0,0.0,2,2,2,2,4,2,0,1,0,0.0,0.0427,0.0001,0.0,0.0,0.0,0.0,0.0,0.0001,0.0,0.0,0.0,0.0121,0.0,0.0001,0.0525,0.1077,0.0,0.1707,0.447,,8,standard,0.0,0.18,0.0,0.0,21.0,21.0,21.0,0.0,0.0,0.0,0.0,0.1077,0.1077,0.1077,0.1077,0.1077
2026-09-28 03:00:00,3,12.4,0.0,0.0,2,2,2,2,4,2,0,1,0,0.0097,0.0386,0.0,0.0,0.0053,0.0046,0.0447,0.0,0.0,0.0,0.0,0.0,0.0109,0.0001,0.0,0.0468,0.1605,0.0,0.2235,0.701,,8,standard,0.0,0.18,0.0097,0.0,21.0,21.0,20.99612,0.0,0.0,0.0,0.0,0.1061,0.1158,0.1061,0.1158,0.1061
2026-09-28 04:00:00,4,12.0,0.0,0.0,2,2,2,2,4,2,0,1,0,0.1006,0.0415,0.0,0.0002,0.0027,0.0,0.0022,0.0,0.0,0.0,0.0,0.0,0.0117,0.0,0.0,0.0516,0.2106,0.0586,0.3526,1.179,,8,standard,0.0,0.18,0.1006,1.2801790157676418,21.0,20.99612,21.468091286307057,0.0,0.0,0.0,0.0,0.10780000000000002,0.20840000000000003,1.387979015767642,0.20840000000000003,1.387979015767642
2026-09-28 05:00:00,5,11.6,0.0,0.0,2,2,2,2,4,2,0,1,0,0.1914,0.037,0.0,0.0004,0.0,0.0,0.0015,0.0,0.0,0.0,0.0,0.0,0.0107,0.0,0.0,0.0451,0.286,0.032,0.43,1.494,,8,standard,0.0,0.18,0.1914,1.5633000000000001,21.0,21.468091286307057,22.0,0.0,0.0,0.0,0.0,0.09309999999999999,0.2845,1.6564,0.2845,1.6564
2026-09-28 06:00:00,6,11.1,0.0,0.0,2,1,1,1,4,2,0,1,0,2.1697,0.0461,0.3669,0.1197,0.0004,0.0539,0.0328,0.0,0.0001,0.0,0.0,0.0001,0.0126,0.2078,0.0083,0.0481,3.0667,2.2827,3.3437,6.796,,8,standard,0.0,0.28,2.1697,0.0,21.0,22.0,21.09612,0.7956114893617022,0.0,0.0,0.0,0.8641999999999997,3.8295114893617024,0.8641999999999997,3.8295114893617024,0.8641999999999997
2026-09-28 07:00:00,7,11.1,3.0,0.0024,2,1,1,1,4,2,0,1,0,1.1475,0.043,0.0084,0.0066,0.0,0.0023,0.0443,0.0,0.0,0.0006,0.0,0.0005,0.0111,0.1897,0.0113,0.0487,1.5139,0.9639,2.0059,4.025,,8,standard,0.0192,0.28,1.1475,0.0,21.0,21.09612,20.633659679999997,0.0,0.0,0.0,0.0,0.32210000000000005,1.4696,0.32210000000000005,1.4504,0.30290000000000006
2026-09-28 08:00:00,8,12.0,81.0,0.0868,1,0,0,0,1,2,0,1,0,0.8368,0.0424,0.1393,0.1352,0.0,0.1822,0.0,0.0,0.0113,0.0,0.0,0.0007,0.0114,0.0045,0.0032,0.057,1.424,0.965,1.662,7.089,,8,standard,0.6944,0.28,0.8368,0.46968017120001093,21.0,20.633659679999997,20.5,0.0,0.0,0.0,0.0,0.5871999999999999,1.424,1.0568801712000109,0.7295999999999999,0.36248017120001086
2026-09-28 09:00:00,9,13.7,217.0,0.2509,1,0,0,0,1,2,0,1,0,0.5286,0.042,0.0035,0.0,0.0,0.0147,0.0126,0.0003,0.046,0.0028,0.0,0.0,0.0112,0.0,0.0,0.0542,0.7158,0.4218,1.0528,2.196,,8,standard,2.0072,0.28,0.5286,1.7335999999999974,21.0,20.5,21.0,0.0,0.0,0.0,0.0,0.17430000000000004,0.7029,1.9078999999999975,0.0,0.0
2026-09-28 10:00:00,10,15.9,356.0,0.4251,1,0,0,0,1,2,0,1,0,0.2887,0.0363,0.0,0.0,0.0,0.0,0.0382,0.0139,0.0347,0.0,0.0,0.0,0.011,0.0,0.0002,0.0497,0.4726,0.2766,0.8966,2.119,,8,standard,3.4008,0.28,0.2887,0.28870000000000395,21.0,21.0,21.0,0.0,0.0,0.0,0.0,0.13180000000000003,0.42050000000000004,0.420500000000004,0.0,0.0
2026-09-28 11:00:00,11,18.0,472.0,0.5707,1,0,0,0,1,2,0,1,0,0.0802,0.0441,0.0019,0.0017,0.0,0.008,0.0004,0.0,0.0706,0.0127,0.0001,0.0011,0.012,0.0003,0.0,0.0561,0.2892,0.0,0.3692,2.201,,8,standard,4.5656,0.28,0.0802,0.08020000000000493,21.0,21.0,21.0,0.0,0.7956114893617022,0.0,0.0,0.2086,0.2888,1.0844114893617072,0.0,0.0
2026-09-28 12:00:00,12,19.6,548.0,0.6674,1,0,0,0,1,2,0,1,0,0.03,0.045,0.0379,0.0807,0.0148,0.09,0.0314,0.0,0.0344,0.0,0.0,0.0,0.012,0.0,0.0001,0.0598,0.4361,0.0,1.2061,4.602,,8,standard,5.3392,0.28,0.03,0.030000000000008242,21.0,21.0,21.0,0.0,0.0,0.0,0.0,0.37470000000000003,0.40470000000000006,0.4047000000000083,0.0,0.0
2026-09-28 13:00:00,13,20.6,578.0,0.7055,1,0,0,0,1,2,0,1,0,0.0,0.0435,0.0207,0.0345,0.0126,0.1419,0.0024,0.0,0.0314,0.0,0.0132,0.0002,0.0118,0.0,0.0002,0.0486,0.3609,0.0,0.8339,4.168,,8,standard,5.644,0.28,0.0,7.105427357601002e-15,21.0,21.0,21.0,0.0,0.0,0.0,0.0,0.3585,0.3585,0.3585000000000071,0.0,0.0
2026-09-28 14:00:00,14,21.3,557.0,0.6792,0,0,0,1,1,2,0,1,0,0.0025,0.0482,0.0082,0.0021,0.1278,0.0119,0.0,0.011,0.0326,0.0,0.0008,0.0,0.0116,0.0,0.0002,0.0512,0.3081,0.0,0.5781,2.546,,8,standard,5.4336,0.28,0.0025,0.0025000000000048317,21.0,21.0,21.0,0.0,0.0,0.0,0.0,0.2946,0.2971,0.2971000000000048,0.0,0.0
2026-09-28 15:00:00,15,21.5,488.0,0.5916,0,0,1,1,2,2,0,1,0,0.0024,0.0548,0.0234,0.0012,0.1511,0.0,0.0006,0.0,0.046,0.023,0.0738,0.0,0.0144,0.0,0.0,0.0635,0.4542,0.0,0.7572,2.794,,8,standard,4.7328,0.28,0.0024,0.0024000000000086175,21.0,21.0,21.0,0.0,0.0,0.0,0.0,0.4512,0.4536,0.4536000000000086,0.0,0.0
2026-09-28 16:00:00,16,21.5,378.0,0.4528,0,0,0,1,1,2,0,1,0,0.0685,0.06,0.0301,0.0033,0.0366,0.0,0.0,0.0,0.0752,0.0549,0.0023,0.0,0.0144,0.0,0.0026,0.0757,0.4237,0.0957,0.7927,2.719,,8,standard,3.6224,0.28,0.0685,0.06850000000000733,21.0,21.0,21.0,0.0,0.0,0.0,0.0,0.3552,0.4237,0.42370000000000735,0.0,0.0
2026-09-28 17:00:00,17,21.1,240.0,0.2802,0,1,0,1,2,2,0,1,0,0.0599,0.0513,0.0205,0.0,0.0448,0.3279,0.0,0.0002,0.0732,0.1199,0.0067,0.004,0.0126,0.0,0.0056,0.0522,0.7788,0.1198,1.8258,4.781,,8,standard,2.2416,0.4,0.0599,0.12860347692844165,21.0,21.0,21.027481390771378,0.0,0.0,0.0,0.0,0.7187000000000001,0.7786000000000001,0.8473034769284418,0.0,0.0
2026-09-28 18:00:00,18,20.2,100.0,0.1093,0,1,1,1,3,2,0,1,0,0.0121,0.0482,0.0376,0.0,1.4215,0.8084,0.0,0.0,0.0324,0.0266,0.0561,0.0388,0.012,0.0,0.0026,0.0464,2.5429,0.9829,3.5869,5.684,,8,standard,0.8744,0.4,0.0121,0.0,21.0,21.027481390771378,21.021652060703605,0.0,0.0,0.0,0.0,2.5308,2.5429000000000004,2.5308,1.6685000000000003,1.6564
2026-09-28 19:00:00,19,18.7,7.0,0.0067,0,1,1,1,3,2,0,1,0,0.0285,0.0418,0.0046,0.0003,0.319,0.5039,0.032,0.3525,0.0312,0.0601,0.0728,0.0235,0.011,0.1445,0.0057,0.0421,1.6734,0.1424,2.9284,5.642,,8,standard,0.0536,0.4,0.0285,0.0,21.0,21.021652060703605,21.00947258651827,0.0,0.0,0.0,0.0,1.2604000000000002,1.2889000000000002,1.2604000000000002,1.2353,1.2068
2026-09-28 20:00:00,20,17.5,0.0,0.0,0,1,1,1,3,2,0,1,0,0.0072,0.0434,0.0001,0.0,0.1198,0.201,0.0249,0.5163,0.0609,0.0269,0.0704,0.0228,0.0115,0.19,0.006,0.0456,1.3468,0.1888,2.1068,4.318,,8,standard,0.0,0.4,0.0072,0.0,21.0,21.00947258651827,21.00625157340361,0.0,0.0,1.0083873786407767,0.0,0.7983999999999999,1.8139873786407765,0.7983999999999999,1.8139873786407765,0.7983999999999999
2026-09-28 21:00:00,21,16.5,0.0,0.0,0,1,1,1,3,2,0,1,0,0.0113,0.0513,0.0008,0.0,0.0,0.0,0.007,0.1161,0.0667,0.0,0.1033,0.0311,0.0133,0.2222,0.0041,0.0613,0.6884,0.0604,1.5084,3.462,,8,standard,0.0,0.4,0.0113,0.0,21.0,21.00625157340361,21.00150651676108,0.0,0.0,0.0,0.0,0.554,0.5653,0.554,0.5653,0.554
2026-09-28 22:00:00,22,15.8,0.0,0.0,0,1,1,2,3,2,0,1,0,0.0,0.0435,0.0,0.0,0.0,0.0,0.0,0.0,0.0628,0.0007,0.0002,0.0,0.0111,0.1567,0.0034,0.0513,0.3297,0.1057,0.3867,0.515,,8,standard,0.0,0.28,0.0,0.0,21.0,21.00150651676108,21.00145228215768,0.0,0.0,0.0,0.0,0.3297,0.3297,0.3297,0.3297,0.3297
2026-09-28 23:00:00,23,15.4,0.0,0.0,1,2,2,2,4,2,0,1,0,0.0035,0.042,0.104,0.0506,0.0,0.1981,0.0,0.0097,0.0,0.001,0.0,0.0031,0.0119,0.1186,0.0001,0.053,0.5954,0.4054,0.7464,4.185,,8,standard,0.0,0.28,0.0035,0.0,21.0,21.00145228215768,21.000000000000004,0.0,0.0,0.0,0.0,0.5822,0.5857,0.5822,0.5857,0.5822
2026-09-28 00:00:00,0,13.7,0.0,0.0,2,2,2,2,4,2,0,1,0,0.0,0.0345,0.0,0.0001,0.0,0.0,0.0,0.0006,0.0,0.0001,0.0,0.0,0.0099,0.0007,0.0002,0.0497,0.0958,0.0,0.1168,0.204,,8,balanced,0.0,0.18,0.0,0.0,21.0,21.0,21.0,0.0,0.0,0.0,1.0083873786407767,0.09519999999999999,0.09519999999999999,1.1035873786407766,0.09519999999999999,1.1035873786407766
2026-09-28 01:00:00,1,13.4,0.0,0.0,2,2,2,2,4,2,0,1,0,0.0,0.0375,0.0002,0.0,0.0022,0.0,0.0,0.0,0.0,0.0,0.0,0.0001,0.0103,0.0001,0.0003,0.0507,0.1015,0.0,0.1545,0.317,,8,balanced,0.0,0.18,0.0,0.0,21.0,21.0,21.0,0.0,0.0,0.0,0.0,0.1015,0.1015,0.1015,0.1015,0.1015
2026-09-28 02:00:00,2,12.9,0.0,0.0,2,2,2,2,4,2,0,1,0,0.0,0.0427,0.0001,0.0,0.0,0.0,0.0,0.0,0.0001,0.0,0.0,0.0,0.0121,0.0,0.0001,0.0525,0.1077,0.0,0.1707,0.447,,8,balanced,0.0,0.18,0.0,0.0,21.0,21.0,21.0,0.0,0.0,0.0,0.0,0.1077,0.1077,0.1077,0.1077,0.1077
2026-09-28 03:00:00,3,12.4,0.0,0.0,2,2,2,2,4,2,0,1,0,0.0097,0.0386,0.0,0.0,0.0053,0.0046,0.0447,0.0,0.0,0.0,0.0,0.0,0.0109,0.0001,0.0,0.0468,0.1605,0.0,0.2235,0.701,,8,balanced,0.0,0.18,0.0097,0.0,21.0,21.0,20.99612,0.0,0.0,0.0,0.0,0.1061,0.1158,0.1061,0.1158,0.1061
2026-09-28 04:00:00,4,12.0,0.0,0.0,2,2,2,2,4,2,0,1,0,0.1006,0.0415,0.0,0.0002,0.0027,0.0,0.0022,0.0,0.0,0.0,0.0,0.0,0.0117,0.0,0.0,0.0516,0.2106,0.0586,0.3526,1.179,,8,balanced,0.0,0.18,0.1006,0.25247056160015546,21.0,20.99612,21.057007904640063,0.0,0.0,0.0,0.0,0.10780000000000002,0.20840000000000003,0.36027056160015547,0.20840000000000003,0.36027056160015547
2026-09-28 05:00:00,5,11.6,0.0,0.0,2,2,2,2,4,2,0,1,0,0.1914,0.037,0.0,0.0004,0.0,0.0,0.0015,0.0,0.0,0.0,0.0,0.0,0.0107,0.0,0.0,0.0451,0.286,0.032,0.43,1.494,,8,balanced,0.0,0.18,0.1914,1.5633000000000001,21.0,21.057007904640063,21.603715620073018,0.0,0.0,0.0,0.0,0.09309999999999999,0.2845,1.6564,0.2845,1.6564
2026-09-28 06:00:00,6,11.1,0.0,0.0,2,1,1,1,4,2,0,1,0,2.1697,0.0461,0.3669,0.1197,0.0004,0.0539,0.0328,0.0,0.0001,0.0,0.0,0.0001,0.0126,0.2078,0.0083,0.0481,3.0667,2.2827,3.3437,6.796,,8,balanced,0.0,0.28,2.1697,0.0,21.0,21.603715620073018,20.71410185775039,0.7956114893617022,0.0,0.0,0.0,0.8641999999999997,3.8295114893617024,0.8641999999999997,3.8295114893617024,0.8641999999999997
2026-09-28 07:00:00,7,11.1,3.0,0.0024,2,1,1,1,4,2,0,1,0,1.1475,0.043,0.0084,0.0066,0.0,0.0023,0.0443,0.0,0.0,0.0006,0.0,0.0005,0.0111,0.1897,0.0113,0.0487,1.5139,0.9639,2.0059,4.025,,8,balanced,0.0192,0.28,1.1475,0.0,21.0,20.71410185775039,20.265394190871373,0.0,0.0,0.0,0.0,0.32210000000000005,1.4696,0.32210000000000005,1.4504,0.30290000000000006
2026-09-28 08:00:00,8,12.0,81.0,0.0868,1,0,0,0,1,2,0,1,0,0.8368,0.0424,0.1393,0.1352,0.0,0.1822,0.0,0.0,0.0113,0.0,0.0,0.0007,0.0114,0.0045,0.0032,0.057,1.424,0.965,1.662,7.089,,8,balanced,0.6944,0.28,0.8368,0.10720000000000007,21.0,20.265394190871373,20.0,0.0,0.0,0.0,0.0,0.5871999999999999,1.424,0.6944,0.7295999999999999,0.0
2026-09-28 09:00:00,9,13.7,217.0,0.2509,1,0,0,0,1,2,0,1,0,0.5286,0.042,0.0035,0.0,0.0,0.0147,0.0126,0.0003,0.046,0.0028,0.0,0.0,0.0112,0.0,0.0,0.0542,0.7158,0.4218,1.0528,2.196,,8,balanced,2.0072,0.28,0.5286,1.8329,21.0,20.0,20.557720000000003,0.0,0.0,0.0,0.0,0.17430000000000004,0.7029,2.0072,0.0,0.0
2026-09-28 10:00:00,10,15.9,356.0,0.4251,1,0,0,0,1,2,0,1,0,0.2887,0.0363,0.0,0.0,0.0,0.0,0.0382,0.0139,0.0347,0.0,0.0,0.0,0.011,0.0,0.0002,0.0497,0.4726,0.2766,0.8966,2.119,,8,balanced,3.4008,0.28,0.2887,1.3545947999999974,21.0,20.557720000000003,21.0,0.0,0.0,0.0,0.0,0.13180000000000003,0.42050000000000004,1.4863947999999976,0.0,0.0
2026-09-28 11:00:00,11,18.0,472.0,0.5707,1,0,0,0,1,2,0,1,0,0.0802,0.0441,0.0019,0.0017,0.0,0.008,0.0004,0.0,0.0706,0.0127,0.0001,0.0011,0.012,0.0003,0.0,0.0561,0.2892,0.0,0.3692,2.201,,8,balanced,4.5656,0.28,0.0802,0.08020000000000493,21.0,21.0,21.0,0.0,0.7956114893617022,0.0,0.0,0.2086,0.2888,1.0844114893617072,0.0,0.0
2026-09-28 12:00:00,12,19.6,548.0,0.6674,1,0,0,0,1,2,0,1,0,0.03,0.045,0.0379,0.0807,0.0148,0.09,0.0314,0.0,0.0344,0.0,0.0,0.0,0.012,0.0,0.0001,0.0598,0.4361,0.0,1.2061,4.602,,8,balanced,5.3392,0.28,0.03,0.030000000000008242,21.0,21.0,21.0,0.0,0.0,0.0,0.0,0.37470000000000003,0.40470000000000006,0.4047000000000083,0.0,0.0
2026-09-28 13:00:00,13,20.6,578.0,0.7055,1,0,0,0,1,2,0,1,0,0.0,0.0435,0.0207,0.0345,0.0126,0.1419,0.0024,0.0,0.0314,0.0,0.0132,0.0002,0.0118,0.0,0.0002,0.0486,0.3609,0.0,0.8339,4.168,,8,balanced,5.644,0.28,0.0,7.105427357601002e-15,21.0,21.0,21.0,0.0,0.0,0.0,0.0,0.3585,0.3585,0.3585000000000071,0.0,0.0
2026-09-28 14:00:00,14,21.3,557.0,0.6792,0,0,0,1,1,2,0,1,0,0.0025,0.0482,0.0082,0.0021,0.1278,0.0119,0.0,0.011,0.0326,0.0,0.0008,0.0,0.0116,0.0,0.0002,0.0512,0.3081,0.0,0.5781,2.546,,8,balanced,5.4336,0.28,0.0025,0.0025000000000048317,21.0,21.0,21.0,0.0,0.0,0.0,0.0,0.2946,0.2971,0.2971000000000048,0.0,0.0
2026-09-28 15:00:00,15,21.5,488.0,0.5916,0,0,1,1,2,2,0,1,0,0.0024,0.0548,0.0234,0.0012,0.1511,0.0,0.0006,0.0,0.046,0.023,0.0738,0.0,0.0144,0.0,0.0,0.0635,0.4542,0.0,0.7572,2.794,,8,balanced,4.7328,0.28,0.0024,0.0024000000000086175,21.0,21.0,21.0,0.0,0.0,0.0,0.0,0.4512,0.4536,0.4536000000000086,0.0,0.0
2026-09-28 16:00:00,16,21.5,378.0,0.4528,0,0,0,1,1,2,0,1,0,0.0685,0.06,0.0301,0.0033,0.0366,0.0,0.0,0.0,0.0752,0.0549,0.0023,0.0,0.0144,0.0,0.0026,0.0757,0.4237,0.0957,0.7927,2.719,,8,balanced,3.6224,0.28,0.0685,0.06850000000000023,21.0,21.0,21.0,0.0,0.0,0.0,0.0,0.3552,0.4237,0.42370000000000024,0.0,0.0
2026-09-28 17:00:00,17,21.1,240.0,0.2802,0,1,0,1,2,2,0,1,0,0.0599,0.0513,0.0205,0.0,0.0448,0.3279,0.0,0.0002,0.0732,0.1199,0.0067,0.004,0.0126,0.0,0.0056,0.0522,0.7788,0.1198,1.8258,4.781,,8,balanced,2.2416,0.4,0.0599,0.12860347692844165,21.0,21.0,21.027481390771378,0.0,0.0,0.0,0.0,0.7187000000000001,0.7786000000000001,0.8473034769284418,0.0,0.0
2026-09-28 18:00:00,18,20.2,100.0,0.1093,0,1,1,1,3,2,0,1,0,0.0121,0.0482,0.0376,0.0,1.4215,0.8084,0.0,0.0,0.0324,0.0266,0.0561,0.0388,0.012,0.0,0.0026,0.0464,2.5429,0.9829,3.5869,5.684,,8,balanced,0.8744,0.4,0.0121,0.0,21.0,21.027481390771378,21.021652060703605,0.0,0.0,0.0,0.0,2.5308,2.5429000000000004,2.5308,1.6685000000000003,1.6564
2026-09-28 19:00:00,19,18.7,7.0,0.0067,0,1,1,1,3,2,0,1,0,0.0285,0.0418,0.0046,0.0003,0.319,0.5039,0.032,0.3525,0.0312,0.0601,0.0728,0.0235,0.011,0.1445,0.0057,0.0421,1.6734,0.1424,2.9284,5.642,,8,balanced,0.0536,0.4,0.0285,0.0,21.0,21.021652060703605,21.00947258651827,0.0,0.0,0.0,0.0,1.2604000000000002,1.2889000000000002,1.2604000000000002,1.2353,1.2068
2026-09-28 20:00:00,20,17.5,0.0,0.0,0,1,1,1,3,2,0,1,0,0.0072,0.0434,0.0001,0.0,0.1198,0.201,0.0249,0.5163,0.0609,0.0269,0.0704,0.0228,0.0115,0.19,0.006,0.0456,1.3468,0.1888,2.1068,4.318,,8,balanced,0.0,0.4,0.0072,0.0,21.0,21.00947258651827,21.00625157340361,0.0,0.0,1.0083873786407767,0.0,0.7983999999999999,1.8139873786407765,0.7983999999999999,1.8139873786407765,0.7983999999999999
2026-09-28 21:00:00,21,16.5,0.0,0.0,0,1,1,1,3,2,0,1,0,0.0113,0.0513,0.0008,0.0,0.0,0.0,0.007,0.1161,0.0667,0.0,0.1033,0.0311,0.0133,0.2222,0.0041,0.0613,0.6884,0.0604,1.5084,3.462,,8,balanced,0.0,0.4,0.0113,0.0,21.0,21.00625157340361,21.00150651676108,0.0,0.0,0.0,0.0,0.554,0.5653,0.554,0.5653,0.554
2026-09-28 22:00:00,22,15.8,0.0,0.0,0,1,1,2,3,2,0,1,0,0.0,0.0435,0.0,0.0,0.0,0.0,0.0,0.0,0.0628,0.0007,0.0002,0.0,0.0111,0.1567,0.0034,0.0513,0.3297,0.1057,0.3867,0.515,,8,balanced,0.0,0.28,0.0,0.0,21.0,21.00150651676108,21.00145228215768,0.0,0.0,0.0,0.0,0.3297,0.3297,0.3297,0.3297,0.3297
2026-09-28 23:00:00,23,15.4,0.0,0.0,1,2,2,2,4,2,0,1,0,0.0035,0.042,0.104,0.0506,0.0,0.1981,0.0,0.0097,0.0,0.001,0.0,0.0031,0.0119,0.1186,0.0001,0.053,0.5954,0.4054,0.7464,4.185,,8,balanced,0.0,0.28,0.0035,0.0,21.0,21.00145228215768,21.000000000000004,0.0,0.0,0.0,0.0,0.5822,0.5857,0.5822,0.5857,0.5822
2026-09-28 00:00:00,0,13.7,0.0,0.0,2,2,2,2,4,2,0,1,0,0.0,0.0345,0.0,0.0001,0.0,0.0,0.0,0.0006,0.0,0.0001,0.0,0.0,0.0099,0.0007,0.0002,0.0497,0.0958,0.0,0.1168,0.204,,8,saver,0.0,0.18,0.0,0.0,21.0,21.0,21.0,0.0,0.0,0.0,1.0083873786407767,0.09519999999999999,0.09519999999999999,1.1035873786407766,0.09519999999999999,1.1035873786407766
2026-09-28 01:00:00,1,13.4,0.0,0.0,2,2,2,2,4,2,0,1,0,0.0,0.0375,0.0002,0.0,0.0022,0.0,0.0,0.0,0.0,0.0,0.0,0.0001,0.0103,0.0001,0.0003,0.0507,0.1015,0.0,0.1545,0.317,,8,saver,0.0,0.18,0.0,0.0,21.0,21.0,21.0,0.0,0.0,0.0,0.0,0.1015,0.1015,0.1015,0.1015,0.1015
2026-09-28 02:00:00,2,12.9,0.0,0.0,2,2,2,2,4,2,0,1,0,0.0,0.0427,0.0001,0.0,0.0,0.0,0.0,0.0,0.0001,0.0,0.0,0.0,0.0121,0.0,0.0001,0.0525,0.1077,0.0,0.1707,0.447,,8,saver,0.0,0.18,0.0,0.0,21.0,21.0,21.0,0.0,0.0,0.0,0.0,0.1077,0.1077,0.1077,0.1077,0.1077
2026-09-28 03:00:00,3,12.4,0.0,0.0,2,2,2,2,4,2,0,1,0,0.0097,0.0386,0.0,0.0,0.0053,0.0046,0.0447,0.0,0.0,0.0,0.0,0.0,0.0109,0.0001,0.0,0.0468,0.1605,0.0,0.2235,0.701,,8,saver,0.0,0.18,0.0097,0.0,21.0,21.0,20.99612,0.0,0.0,0.0,0.0,0.1061,0.1158,0.1061,0.1158,0.1061
2026-09-28 04:00:00,4,12.0,0.0,0.0,2,2,2,2,4,2,0,1,0,0.1006,0.0415,0.0,0.0002,0.0027,0.0,0.0022,0.0,0.0,0.0,0.0,0.0,0.0117,0.0,0.0,0.0516,0.2106,0.0586,0.3526,1.179,,8,saver,0.0,0.18,0.1006,0.0,21.0,20.99612,20.95601968,0.0,0.0,0.0,0.0,0.10780000000000002,0.20840000000000003,0.10780000000000002,0.20840000000000003,0.10780000000000002
2026-09-28 05:00:00,5,11.6,0.0,0.0,2,2,2,2,4,2,0,1,0,0.1914,0.037,0.0,0.0004,0.0,0.0,0.0015,0.0,0.0,0.0,0.0,0.0,0.0107,0.0,0.0,0.0451,0.286,0.032,0.43,1.494,,8,saver,0.0,0.18,0.1914,0.41134526146566763,21.0,20.95601968,21.045581076106266,0.0,0.0,0.0,0.0,0.09309999999999999,0.2845,0.5044452614656676,0.2845,0.5044452614656676
2026-09-28 06:00:00,6,11.1,0.0,0.0,2,1,1,1,4,2,0,1,0,2.1697,0.0461,0.3669,0.1197,0.0004,0.0539,0.0328,0.0,0.0001,0.0,0.0,0.0001,0.0126,0.2078,0.0083,0.0481,3.0667,2.2827,3.3437,6.796,,8,saver,0.0,0.28,2.1697,0.0,21.0,21.045581076106266,20.17606015736644,0.7956114893617022,0.0,0.0,0.0,0.8641999999999997,3.8295114893617024,0.8641999999999997,3.8295114893617024,0.8641999999999997
2026-09-28 07:00:00,7,11.1,3.0,0.0024,2,1,1,1,4,2,0,1,0,1.1475,0.043,0.0084,0.0066,0.0,0.0023,0.0443,0.0,0.0,0.0006,0.0,0.0005,0.0111,0.1897,0.0113,0.0487,1.5139,0.9639,2.0059,4.025,,8,saver,0.0192,0.28,1.1475,0.0,21.0,20.17606015736644,19.746721991701246,0.0,0.0,0.0,0.0,0.32210000000000005,1.4696,0.32210000000000005,1.4504,0.30290000000000006
2026-09-28 08:00:00,8,12.0,81.0,0.0868,1,0,0,0,1,2,0,1,0,0.8368,0.0424,0.1393,0.1352,0.0,0.1822,0.0,0.0,0.0113,0.0,0.0,0.0007,0.0114,0.0045,0.0032,0.057,1.424,0.965,1.662,7.089,,8,saver,0.6944,0.28,0.8368,0.10720000000000007,21.0,19.746721991701246,19.5,0.0,0.0,0.0,0.0,0.5871999999999999,1.424,0.6944,0.7295999999999999,0.0
2026-09-28 09:00:00,9,13.7,217.0,0.2509,1,0,0,0,1,2,0,1,0,0.5286,0.042,0.0035,0.0,0.0,0.0147,0.0126,0.0003,0.046,0.0028,0.0,0.0,0.0112,0.0,0.0,0.0542,0.7158,0.4218,1.0528,2.196,,8,saver,2.0072,0.28,0.5286,1.8329,21.0,19.5,20.07572,0.0,0.0,0.0,0.0,0.17430000000000004,0.7029,2.0072,0.0,0.0
2026-09-28 10:00:00,10,15.9,356.0,0.4251,1,0,0,0,1,2,0,1,0,0.2887,0.0363,0.0,0.0,0.0,0.0,0.0382,0.0139,0.0347,0.0,0.0,0.0,0.011,0.0,0.0002,0.0497,0.4726,0.2766,0.8966,2.119,,8,saver,3.4008,0.28,0.2887,2.5162148000000073,21.0,20.07572,21.0,0.0,0.0,0.0,0.0,0.13180000000000003,0.42050000000000004,2.6480148000000074,0.0,0.0
2026-09-28 11:00:00,11,18.0,472.0,0.5707,1,0,0,0,1,2,0,1,0,0.0802,0.0441,0.0019,0.0017,0.0,0.008,0.0004,0.0,0.0706,0.0127,0.0001,0.0011,0.012,0.0003,0.0,0.0561,0.2892,0.0,0.3692,2.201,,8,saver,4.5656,0.28,0.0802,0.08020000000000493,21.0,21.0,21.0,0.0,0.7956114893617022,0.0,0.0,0.2086,0.2888,1.0844114893617072,0.0,0.0
2026-09-28 12:00:00,12,19.6,548.0,0.6674,1,0,0,0,1,2,0,1,0,0.03,0.045,0.0379,0.0807,0.0148,0.09,0.0314,0.0,0.0344,0.0,0.0,0.0,0.012,0.0,0.0001,0.0598,0.4361,0.0,1.2061,4.602,,8,saver,5.3392,0.28,0.03,0.030000000000008242,21.0,21.0,21.0,0.0,0.0,0.0,0.0,0.37470000000000003,0.40470000000000006,0.4047000000000083,0.0,0.0
2026-09-28 13:00:00,13,20.6,578.0,0.7055,1,0,0,0,1,2,0,1,0,0.0,0.0435,0.0207,0.0345,0.0126,0.1419,0.0024,0.0,0.0314,0.0,0.0132,0.0002,0.0118,0.0,0.0002,0.0486,0.3609,0.0,0.8339,4.168,,8,saver,5.644,0.28,0.0,7.105427357601002e-15,21.0,21.0,21.0,0.0,0.0,0.0,0.0,0.3585,0.3585,0.3585000000000071,0.0,0.0
2026-09-28 14:00:00,14,21.3,557.0,0.6792,0,0,0,1,1,2,0,1,0,0.0025,0.0482,0.0082,0.0021,0.1278,0.0119,0.0,0.011,0.0326,0.0,0.0008,0.0,0.0116,0.0,0.0002,0.0512,0.3081,0.0,0.5781,2.546,,8,saver,5.4336,0.28,0.0025,0.0025000000000048317,21.0,21.0,21.0,0.0,0.0,0.0,0.0,0.2946,0.2971,0.2971000000000048,0.0,0.0
2026-09-28 15:00:00,15,21.5,488.0,0.5916,0,0,1,1,2,2,0,1,0,0.0024,0.0548,0.0234,0.0012,0.1511,0.0,0.0006,0.0,0.046,0.023,0.0738,0.0,0.0144,0.0,0.0,0.0635,0.4542,0.0,0.7572,2.794,,8,saver,4.7328,0.28,0.0024,0.0024000000000086175,21.0,21.0,21.0,0.0,0.0,0.0,0.0,0.4512,0.4536,0.4536000000000086,0.0,0.0
2026-09-28 16:00:00,16,21.5,378.0,0.4528,0,0,0,1,1,2,0,1,0,0.0685,0.06,0.0301,0.0033,0.0366,0.0,0.0,0.0,0.0752,0.0549,0.0023,0.0,0.0144,0.0,0.0026,0.0757,0.4237,0.0957,0.7927,2.719,,8,saver,3.6224,0.28,0.0685,0.06850000000000023,21.0,21.0,21.0,0.0,0.0,0.0,0.0,0.3552,0.4237,0.42370000000000024,0.0,0.0
2026-09-28 17:00:00,17,21.1,240.0,0.2802,0,1,0,1,2,2,0,1,0,0.0599,0.0513,0.0205,0.0,0.0448,0.3279,0.0,0.0002,0.0732,0.1199,0.0067,0.004,0.0126,0.0,0.0056,0.0522,0.7788,0.1198,1.8258,4.781,,8,saver,2.2416,0.4,0.0599,0.12860347692844165,21.0,21.0,21.027481390771378,0.0,0.0,0.0,0.0,0.7187000000000001,0.7786000000000001,0.8473034769284418,0.0,0.0
2026-09-28 18:00:00,18,20.2,100.0,0.1093,0,1,1,1,3,2,0,1,0,0.0121,0.0482,0.0376,0.0,1.4215,0.8084,0.0,0.0,0.0324,0.0266,0.0561,0.0388,0.012,0.0,0.0026,0.0464,2.5429,0.9829,3.5869,5.684,,8,saver,0.8744,0.4,0.0121,0.0,21.0,21.027481390771378,21.021652060703605,0.0,0.0,0.0,0.0,2.5308,2.5429000000000004,2.5308,1.6685000000000003,1.6564
2026-09-28 19:00:00,19,18.7,7.0,0.0067,0,1,1,1,3,2,0,1,0,0.0285,0.0418,0.0046,0.0003,0.319,0.5039,0.032,0.3525,0.0312,0.0601,0.0728,0.0235,0.011,0.1445,0.0057,0.0421,1.6734,0.1424,2.9284,5.642,,8,saver,0.0536,0.4,0.0285,0.0,21.0,21.021652060703605,21.00947258651827,0.0,0.0,0.0,0.0,1.2604000000000002,1.2889000000000002,1.2604000000000002,1.2353,1.2068
2026-09-28 20:00:00,20,17.5,0.0,0.0,0,1,1,1,3,2,0,1,0,0.0072,0.0434,0.0001,0.0,0.1198,0.201,0.0249,0.5163,0.0609,0.0269,0.0704,0.0228,0.0115,0.19,0.006,0.0456,1.3468,0.1888,2.1068,4.318,,8,saver,0.0,0.4,0.0072,0.0,21.0,21.00947258651827,21.00625157340361,0.0,0.0,1.0083873786407767,0.0,0.7983999999999999,1.8139873786407765,0.7983999999999999,1.8139873786407765,0.7983999999999999
2026-09-28 21:00:00,21,16.5,0.0,0.0,0,1,1,1,3,2,0,1,0,0.0113,0.0513,0.0008,0.0,0.0,0.0,0.007,0.1161,0.0667,0.0,0.1033,0.0311,0.0133,0.2222,0.0041,0.0613,0.6884,0.0604,1.5084,3.462,,8,saver,0.0,0.4,0.0113,0.0,21.0,21.00625157340361,21.00150651676108,0.0,0.0,0.0,0.0,0.554,0.5653,0.554,0.5653,0.554
2026-09-28 22:00:00,22,15.8,0.0,0.0,0,1,1,2,3,2,0,1,0,0.0,0.0435,0.0,0.0,0.0,0.0,0.0,0.0,0.0628,0.0007,0.0002,0.0,0.0111,0.1567,0.0034,0.0513,0.3297,0.1057,0.3867,0.515,,8,saver,0.0,0.28,0.0,0.0,21.0,21.00150651676108,21.00145228215768,0.0,0.0,0.0,0.0,0.3297,0.3297,0.3297,0.3297,0.3297
2026-09-28 23:00:00,23,15.4,0.0,0.0,1,2,2,2,4,2,0,1,0,0.0035,0.042,0.104,0.0506,0.0,0.1981,0.0,0.0097,0.0,0.001,0.0,0.0031,0.0119,0.1186,0.0001,0.053,0.5954,0.4054,0.7464,4.185,,8,saver,0.0,0.28,0.0035,0.0,21.0,21.00145228215768,21.000000000000004,0.0,0.0,0.0,0.0,0.5822,0.5857,0.5822,0.5857,0.5822
2026-09-28 00:00:00,0,13.7,0.0,0.0,2,2,2,2,4,2,0,1,0,0.0,0.0345,0.0,0.0001,0.0,0.0,0.0,0.0006,0.0,0.0001,0.0,0.0,0.0099,0.0007,0.0002,0.0497,0.0958,0.0,0.1168,0.204,,10,warm,0.0,0.18,0.0,0.0,21.0,21.0,21.0,0.0,0.0,0.0,1.0083873786407767,0.09519999999999999,0.09519999999999999,1.1035873786407766,0.09519999999999999,1.1035873786407766
2026-09-28 01:00:00,1,13.4,0.0,0.0,2,2,2,2,4,2,0,1,0,0.0,0.0375,0.0002,0.0,0.0022,0.0,0.0,0.0,0.0,0.0,0.0,0.0001,0.0103,0.0001,0.0003,0.0507,0.1015,0.0,0.1545,0.317,,10,warm,0.0,0.18,0.0,8.326672684688674e-16,21.0,21.0,21.0,0.0,0.0,0.0,0.0,0.1015,0.1015,0.10150000000000084,0.1015,0.10150000000000084
2026-09-28 02:00:00,2,12.9,0.0,0.0,2,2,2,2,4,2,0,1,0,0.0,0.0427,0.0001,0.0,0.0,0.0,0.0,0.0,0.0001,0.0,0.0,0.0,0.0121,0.0,0.0001,0.0525,0.1077,0.0,0.1707,0.447,,10,warm,0.0,0.18,0.0,0.0,21.0,21.0,21.0,0.0,0.0,0.0,0.0,0.1077,0.1077,0.1077,0.1077,0.1077
2026-09-28 03:00:00,3,12.4,0.0,0.0,2,2,2,2,4,2,0,1,0,0.0097,0.0386,0.0,0.0,0.0053,0.0046,0.0447,0.0,0.0,0.0,0.0,0.0,0.0109,0.0001,0.0,0.0468,0.1605,0.0,0.2235,0.701,,10,warm,0.0,0.18,0.0097,0.031069294605812203,21.0,21.0,21.008547717842326,0.0,0.0,0.0,0.0,0.1061,0.1158,0.1371692946058122,0.1158,0.1371692946058122
2026-09-28 04:00:00,4,12.0,0.0,0.0,2,2,2,2,4,2,0,1,0,0.1006,0.0415,0.0,0.0002,0.0027,0.0,0.0022,0.0,0.0,0.0,0.0,0.0,0.0117,0.0,0.0,0.0516,0.2106,0.0586,0.3526,1.179,,10,warm,0.0,0.18,0.1006,1.33,21.0,21.008547717842326,21.5,0.0,0.0,0.0,0.0,0.10780000000000002,0.20840000000000003,1.4378000000000002,0.20840000000000003,1.4378000000000002
2026-09-28 05:00:00,5,11.6,0.0,0.0,2,2,2,2,4,2,0,1,0,0.1914,0.037,0.0,0.0004,0.0,0.0,0.0015,0.0,0.0,0.0,0.0,0.0,0.0107,0.0,0.0,0.0451,0.286,0.032,0.43,1.494,,10,warm,0.0,0.18,0.1914,1.3447000000000002,21.0,21.5,21.94332,0.0,0.0,0.0,0.0,0.09309999999999999,0.2845,1.4378000000000002,0.2845,1.4378000000000002
2026-09-28 06:00:00,6,11.1,0.0,0.0,2,1,1,1,4,2,0,1,0,2.1697,0.0461,0.3669,0.1197,0.0004,0.0539,0.0328,0.0,0.0001,0.0,0.0,0.0001,0.0126,0.2078,0.0083,0.0481,3.0667,2.2827,3.3437,6.796,,10,warm,0.0,0.28,2.1697,0.0,21.0,21.94332,21.04148048,0.7956114893617022,0.0,0.0,0.0,0.8641999999999997,3.8295114893617024,0.8641999999999997,3.8295114893617024,0.8641999999999997
2026-09-28 07:00:00,7,11.1,3.0,0.0024,2,1,1,1,4,2,0,1,0,1.1475,0.043,0.0084,0.0066,0.0,0.0023,0.0443,0.0,0.0,0.0006,0.0,0.0005,0.0111,0.1897,0.0113,0.0487,1.5139,0.9639,2.0059,4.025,,10,warm,0.023999999999999997,0.28,1.1475,1.0475320431999968,21.0,21.04148048,21.0,0.0,0.0,0.0,0.0,0.32210000000000005,1.4696,1.3696320431999969,1.4456,1.3456320431999969
2026-09-28 08:00:00,8,12.0,81.0,0.0868,1,0,0,0,1,2,0,1,0,0.8368,0.0424,0.1393,0.1352,0.0,0.1822,0.0,0.0,0.0113,0.0,0.0,0.0007,0.0114,0.0045,0.0032,0.057,1.424,0.965,1.662,7.089,,10,warm,0.868,0.28,0.8368,0.8368000000000009,21.0,21.0,21.0,0.0,0.0,0.0,0.0,0.5871999999999999,1.424,1.4240000000000008,0.5559999999999999,0.5560000000000008
2026-09-28 09:00:00,9,13.7,217.0,0.2509,1,0,0,0,1,2,0,1,0,0.5286,0.042,0.0035,0.0,0.0,0.0147,0.0126,0.0003,0.046,0.0028,0.0,0.0,0.0112,0.0,0.0,0.0542,0.7158,0.4218,1.0528,2.196,,10,warm,2.5090000000000003,0.28,0.5286,0.5286000000000007,21.0,21.0,21.0,0.0,0.0,0.0,0.0,0.17430000000000004,0.7029,0.7029000000000007,0.0,0.0
2026-09-28 10:00:00,10,15.9,356.0,0.4251,1,0,0,0,1,2,0,1,0,0.2887,0.0363,0.0,0.0,0.0,0.0,0.0382,0.0139,0.0347,0.0,0.0,0.0,0.011,0.0,0.0002,0.0497,0.4726,0.2766,0.8966,2.119,,10,warm,4.2509999999999994,0.28,0.2887,0.28870000000000573,21.0,21.0,21.0,0.0,0.7956114893617022,0.0,0.0,0.13180000000000003,0.42050000000000004,1.216111489361708,0.0,0.0
2026-09-28 11:00:00,11,18.0,472.0,0.5707,1,0,0,0,1,2,0,1,0,0.0802,0.0441,0.0019,0.0017,0.0,0.008,0.0004,0.0,0.0706,0.0127,0.0001,0.0011,0.012,0.0003,0.0,0.0561,0.2892,0.0,0.3692,2.201,,10,warm,5.707,0.28,0.0802,0.08020000000000493,21.0,21.0,21.0,0.0,0.0,0.0,0.0,0.2086,0.2888,0.28880000000000494,0.0,0.0
2026-09-28 12:00:00,12,19.6,548.0,0.6674,1,0,0,0,1,2,0,1,0,0.03,0.045,0.0379,0.0807,0.0148,0.09,0.0314,0.0,0.0344,0.0,0.0,0.0,0.012,0.0,0.0001,0.0598,0.4361,0.0,1.2061,4.602,,10,warm,6.6739999999999995,0.28,0.03,0.030000000000008242,21.0,21.0,21.0,0.0,0.0,0.0,0.0,0.37470000000000003,0.40470000000000006,0.4047000000000083,0.0,0.0
2026-09-28 13:00:00,13,20.6,578.0,0.7055,1,0,0,0,1,2,0,1,0,0.0,0.0435,0.0207,0.0345,0.0126,0.1419,0.0024,0.0,0.0314,0.0,0.0132,0.0002,0.0118,0.0,0.0002,0.0486,0.3609,0.0,0.8339,4.168,,10,warm,7.055,0.28,0.0,9.325873406851315e-15,21.0,21.0,21.0,0.0,0.0,0.0,0.0,0.3585,0.3585,0.3585000000000093,0.0,0.0
2026-09-28 14:00:00,14,21.3,557.0,0.6792,0,0,0,1,1,2,0,1,0,0.0025,0.0482,0.0082,0.0021,0.1278,0.0119,0.0,0.011,0.0326,0.0,0.0008,0.0,0.0116,0.0,0.0002,0.0512,0.3081,0.0,0.5781,2.546,,10,warm,6.792,0.28,0.0025,0.0025000000000048317,21.0,21.0,21.0,0.0,0.0,0.0,0.0,0.2946,0.2971,0.2971000000000048,0.0,0.0
2026-09-28 15:00:00,15,21.5,488.0,0.5916,0,0,1,1,2,2,0,1,0,0.0024,0.0548,0.0234,0.0012,0.1511,0.0,0.0006,0.0,0.046,0.023,0.0738,0.0,0.0144,0.0,0.0,0.0635,0.4542,0.0,0.7572,2.794,,10,warm,5.916,0.28,0.0024,0.0024000000000086175,21.0,21.0,21.0,0.0,0.0,0.0,0.0,0.4512,0.4536,0.4536000000000086,0.0,0.0
2026-09-28 16:00:00,16,21.5,378.0,0.4528,0,0,0,1,1,2,0,1,0,0.0685,0.06,0.0301,0.0033,0.0366,0.0,0.0,0.0,0.0752,0.0549,0.0023,0.0,0.0144,0.0,0.0026,0.0757,0.4237,0.0957,0.7927,2.719,,10,warm,4.528,0.28,0.0685,0.06850000000000733,21.0,21.0,21.0,0.0,0.0,0.0,0.0,0.3552,0.4237,0.42370000000000735,0.0,0.0
2026-09-28 17:00:00,17,21.1,240.0,0.2802,0,1,0,1,2,2,0,1,0,0.0599,0.0513,0.0205,0.0,0.0448,0.3279,0.0,0.0002,0.0732,0.1199,0.0067,0.004,0.0126,0.0,0.0056,0.0522,0.7788,0.1198,1.8258,4.781,,10,warm,2.802,0.4,0.0599,0.12860347692845409,21.0,21.0,21.027481390771378,0.0,0.0,0.0,0.0,0.7187000000000001,0.7786000000000001,0.8473034769284542,0.0,0.0
2026-09-28 18:00:00,18,20.2,100.0,0.1093,0,1,1,1,3,2,0,1,0,0.0121,0.0482,0.0376,0.0,1.4215,0.8084,0.0,0.0,0.0324,0.0266,0.0561,0.0388,0.012,0.0,0.0026,0.0464,2.5429,0.9829,3.5869,5.684,,10,warm,1.093,0.4,0.0121,0.0,21.0,21.027481390771378,21.021652060703605,0.0,0.0,0.0,0.0,2.5308,2.5429000000000004,2.5308,1.4499000000000004,1.4378000000000002
2026-09-28 19:00:00,19,18.7,7.0,0.0067,0,1,1,1,3,2,0,1,0,0.0285,0.0418,0.0046,0.0003,0.319,0.5039,0.032,0.3525,0.0312,0.0601,0.0728,0.0235,0.011,0.1445,0.0057,0.0421,1.6734,0.1424,2.9284,5.642,,10,warm,0.067,0.4,0.0285,0.0,21.0,21.021652060703605,21.00947258651827,0.0,0.0,0.0,0.0,1.2604000000000002,1.2889000000000002,1.2604000000000002,1.2219000000000002,1.1934000000000002
2026-09-28 20:00:00,20,17.5,0.0,0.0,0,1,1,1,3,2,0,1,0,0.0072,0.0434,0.0001,0.0,0.1198,0.201,0.0249,0.5163,0.0609,0.0269,0.0704,0.0228,0.0115,0.19,0.006,0.0456,1.3468,0.1888,2.1068,4.318,,10,warm,0.0,0.4,0.0072,0.0,21.0,21.00947258651827,21.00625157340361,0.0,0.0,1.0083873786407767,0.0,0.7983999999999999,1.8139873786407765,0.7983999999999999,1.8139873786407765,0.7983999999999999
2026-09-28 21:00:00,21,16.5,0.0,0.0,0,1,1,1,3,2,0,1,0,0.0113,0.0513,0.0008,0.0,0.0,0.0,0.007,0.1161,0.0667,0.0,0.1033,0.0311,0.0133,0.2222,0.0041,0.0613,0.6884,0.0604,1.5084,3.462,,10,warm,0.0,0.4,0.0113,0.0,21.0,21.00625157340361,21.00150651676108,0.0,0.0,0.0,0.0,0.554,0.5653,0.554,0.5653,0.554
2026-09-28 22:00:00,22,15.8,0.0,0.0,0,1,1,2,3,2,0,1,0,0.0,0.0435,0.0,0.0,0.0,0.0,0.0,0.0,0.0628,0.0007,0.0002,0.0,0.0111,0.1567,0.0034,0.0513,0.3297,0.1057,0.3867,0.515,,10,warm,0.0,0.28,0.0,0.0,21.0,21.00150651676108,21.00145228215768,0.0,0.0,0.0,0.0,0.3297,0.3297,0.3297,0.3297,0.3297
2026-09-28 23:00:00,23,15.4,0.0,0.0,1,2,2,2,4,2,0,1,0,0.0035,0.042,0.104,0.0506,0.0,0.1981,0.0,0.0097,0.0,0.001,0.0,0.0031,0.0119,0.1186,0.0001,0.053,0.5954,0.4054,0.7464,4.185,,10,warm,0.0,0.28,0.0035,0.0,21.0,21.00145228215768,21.000000000000004,0.0,0.0,0.0,0.0,0.5822,0.5857,0.5822,0.5857,0.5822
2026-09-28 00:00:00,0,13.7,0.0,0.0,2,2,2,2,4,2,0,1,0,0.0,0.0345,0.0,0.0001,0.0,0.0,0.0,0.0006,0.0,0.0001,0.0,0.0,0.0099,0.0007,0.0002,0.0497,0.0958,0.0,0.1168,0.204,,10,standard,0.0,0.18,0.0,0.0,21.0,21.0,21.0,0.0,0.0,0.0,1.0083873786407767,0.09519999999999999,0.09519999999999999,1.1035873786407766,0.09519999999999999,1.1035873786407766
2026-09-28 01:00:00,1,13.4,0.0,0.0,2,2,2,2,4,2,0,1,0,0.0,0.0375,0.0002,0.0,0.0022,0.0,0.0,0.0,0.0,0.0,0.0,0.0001,0.0103,0.0001,0.0003,0.0507,0.1015,0.0,0.1545,0.317,,10,standard,0.0,0.18,0.0,0.0,21.0,21.0,21.0,0.0,0.0,0.0,0.0,0.1015,0.1015,0.1015,0.1015,0.1015
2026-09-28 02:00:00,2,12.9,0.0,0.0,2,2,2,2,4,2,0,1,0,0.0,0.0427,0.0001,0.0,0.0,0.0,0.0,0.0,0.0001,0.0,0.0,0.0,0.0121,0.0,0.0001,0.0525,0.1077,0.0,0.1707,0.447,,10,standard,0.0,0.18,0.0,0.0,21.0,21.0,21.0,0.0,0.0,0.0,0.0,0.1077,0.1077,0.1077,0.1077,0.1077
2026-09-28 03:00:00,3,12.4,0.0,0.0,2,2,2,2,4,2,0,1,0,0.0097,0.0386,0.0,0.0,0.0053,0.0046,0.0447,0.0,0.0,0.0,0.0,0.0,0.0109,0.0001,0.0,0.0468,0.1605,0.0,0.2235,0.701,,10,standard,0.0,0.18,0.0097,0.031069294605812203,21.0,21.0,21.008547717842326,0.0,0.0,0.0,0.0,0.1061,0.1158,0.1371692946058122,0.1158,0.1371692946058122
2026-09-28 04:00:00,4,12.0,0.0,0.0,2,2,2,2,4,2,0,1,0,0.1006,0.0415,0.0,0.0002,0.0027,0.0,0.0022,0.0,0.0,0.0,0.0,0.0,0.0117,0.0,0.0,0.0516,0.2106,0.0586,0.3526,1.179,,10,standard,0.0,0.18,0.1006,1.33,21.0,21.008547717842326,21.5,0.0,0.0,0.0,0.0,0.10780000000000002,0.20840000000000003,1.4378000000000002,0.20840000000000003,1.4378000000000002
2026-09-28 05:00:00,5,11.6,0.0,0.0,2,2,2,2,4,2,0,1,0,0.1914,0.037,0.0,0.0004,0.0,0.0,0.0015,0.0,0.0,0.0,0.0,0.0,0.0107,0.0,0.0,0.0451,0.286,0.032,0.43,1.494,,10,standard,0.0,0.18,0.1914,1.3447000000000002,21.0,21.5,21.94332,0.0,0.0,0.0,0.0,0.09309999999999999,0.2845,1.4378000000000002,0.2845,1.4378000000000002
2026-09-28 06:00:00,6,11.1,0.0,0.0,2,1,1,1,4,2,0,1,0,2.1697,0.0461,0.3669,0.1197,0.0004,0.0539,0.0328,0.0,0.0001,0.0,0.0,0.0001,0.0126,0.2078,0.0083,0.0481,3.0667,2.2827,3.3437,6.796,,10,standard,0.0,0.28,2.1697,0.0,21.0,21.94332,21.04148048,0.7956114893617022,0.0,0.0,0.0,0.8641999999999997,3.8295114893617024,0.8641999999999997,3.8295114893617024,0.8641999999999997
2026-09-28 07:00:00,7,11.1,3.0,0.0024,2,1,1,1,4,2,0,1,0,1.1475,0.043,0.0084,0.0066,0.0,0.0023,0.0443,0.0,0.0,0.0006,0.0,0.0005,0.0111,0.1897,0.0113,0.0487,1.5139,0.9639,2.0059,4.025,,10,standard,0.023999999999999997,0.28,1.1475,0.0,21.0,21.04148048,20.58098718272,0.0,0.0,0.0,0.0,0.32210000000000005,1.4696,0.32210000000000005,1.4456,0.29810000000000003
2026-09-28 08:00:00,8,12.0,81.0,0.0868,1,0,0,0,1,2,0,1,0,0.8368,0.0424,0.1393,0.1352,0.0,0.1822,0.0,0.0,0.0113,0.0,0.0,0.0007,0.0114,0.0045,0.0032,0.057,1.424,0.965,1.662,7.089,,10,standard,0.868,0.28,0.8368,0.5966208896447966,21.0,20.58098718272,20.5,0.0,0.0,0.0,0.0,0.5871999999999999,1.424,1.1838208896447966,0.5559999999999999,0.3158208896447966
2026-09-28 09:00:00,9,13.7,217.0,0.2509,1,0,0,0,1,2,0,1,0,0.5286,0.042,0.0035,0.0,0.0,0.0147,0.0126,0.0003,0.046,0.0028,0.0,0.0,0.0112,0.0,0.0,0.0542,0.7158,0.4218,1.0528,2.196,,10,standard,2.5090000000000003,0.28,0.5286,1.7335999999999974,21.0,20.5,21.0,0.0,0.0,0.0,0.0,0.17430000000000004,0.7029,1.9078999999999975,0.0,0.0
2026-09-28 10:00:00,10,15.9,356.0,0.4251,1,0,0,0,1,2,0,1,0,0.2887,0.0363,0.0,0.0,0.0,0.0,0.0382,0.0139,0.0347,0.0,0.0,0.0,0.011,0.0,0.0002,0.0497,0.4726,0.2766,0.8966,2.119,,10,standard,4.2509999999999994,0.28,0.2887,0.28870000000000573,21.0,21.0,21.0,0.0,0.0,0.0,0.0,0.13180000000000003,0.42050000000000004,0.42050000000000576,0.0,0.0
2026-09-28 11:00:00,11,18.0,472.0,0.5707,1,0,0,0,1,2,0,1,0,0.0802,0.0441,0.0019,0.0017,0.0,0.008,0.0004,0.0,0.0706,0.0127,0.0001,0.0011,0.012,0.0003,0.0,0.0561,0.2892,0.0,0.3692,2.201,,10,standard,5.707,0.28,0.0802,0.08020000000000493,21.0,21.0,21.0,0.0,0.7956114893617022,0.0,0.0,0.2086,0.2888,1.0844114893617072,0.0,0.0
2026-09-28 12:00:00,12,19.6,548.0,0.6674,1,0,0,0,1,2,0,1,0,0.03,0.045,0.0379,0.0807,0.0148,0.09,0.0314,0.0,0.0344,0.0,0.0,0.0,0.012,0.0,0.0001,0.0598,0.4361,0.0,1.2061,4.602,,10,standard,6.6739999999999995,0.28,0.03,0.030000000000008242,21.0,21.0,21.0,0.0,0.0,0.0,0.0,0.37470000000000003,0.40470000000000006,0.4047000000000083,0.0,0.0
2026-09-28 13:00:00,13,20.6,578.0,0.7055,1,0,0,0,1,2,0,1,0,0.0,0.0435,0.0207,0.0345,0.0126,0.1419,0.0024,0.0,0.0314,0.0,0.0132,0.0002,0.0118,0.0,0.0002,0.0486,0.3609,0.0,0.8339,4.168,,10,standard,7.055,0.28,0.0,7.105427357601002e-15,21.0,21.0,21.0,0.0,0.0,0.0,0.0,0.3585,0.3585,0.3585000000000071,0.0,0.0
2026-09-28 14:00:00,14,21.3,557.0,0.6792,0,0,0,1,1,2,0,1,0,0.0025,0.0482,0.0082,0.0021,0.1278,0.0119,0.0,0.011,0.0326,0.0,0.0008,0.0,0.0116,0.0,0.0002,0.0512,0.3081,0.0,0.5781,2.546,,10,standard,6.792,0.28,0.0025,0.0025000000000048317,21.0,21.0,21.0,0.0,0.0,0.0,0.0,0.2946,0.2971,0.2971000000000048,0.0,0.0
2026-09-28 15:00:00,15,21.5,488.0,0.5916,0,0,1,1,2,2,0,1,0,0.0024,0.0548,0.0234,0.0012,0.1511,0.0,0.0006,0.0,0.046,0.023,0.0738,0.0,0.0144,0.0,0.0,0.0635,0.4542,0.0,0.7572,2.794,,10,standard,5.916,0.28,0.0024,0.0024000000000086175,21.0,21.0,21.0,0.0,0.0,0.0,0.0,0.4512,0.4536,0.4536000000000086,0.0,0.0
2026-09-28 16:00:00,16,21.5,378.0,0.4528,0,0,0,1,1,2,0,1,0,0.0685,0.06,0.0301,0.0033,0.0366,0.0,0.0,0.0,0.0752,0.0549,0.0023,0.0,0.0144,0.0,0.0026,0.0757,0.4237,0.0957,0.7927,2.719,,10,standard,4.528,0.28,0.0685,0.06850000000000733,21.0,21.0,21.0,0.0,0.0,0.0,0.0,0.3552,0.4237,0.42370000000000735,0.0,0.0
2026-09-28 17:00:00,17,21.1,240.0,0.2802,0,1,0,1,2,2,0,1,0,0.0599,0.0513,0.0205,0.0,0.0448,0.3279,0.0,0.0002,0.0732,0.1199,0.0067,0.004,0.0126,0.0,0.0056,0.0522,0.7788,0.1198,1.8258,4.781,,10,standard,2.802,0.4,0.0599,0.12860347692844165,21.0,21.0,21.027481390771378,0.0,0.0,0.0,0.0,0.7187000000000001,0.7786000000000001,0.8473034769284418,0.0,0.0
2026-09-28 18:00:00,18,20.2,100.0,0.1093,0,1,1,1,3,2,0,1,0,0.0121,0.0482,0.0376,0.0,1.4215,0.8084,0.0,0.0,0.0324,0.0266,0.0561,0.0388,0.012,0.0,0.0026,0.0464,2.5429,0.9829,3.5869,5.684,,10,standard,1.093,0.4,0.0121,0.0,21.0,21.027481390771378,21.021652060703605,0.0,0.0,0.0,0.0,2.5308,2.5429000000000004,2.5308,1.4499000000000004,1.4378000000000002
2026-09-28 19:00:00,19,18.7,7.0,0.0067,0,1,1,1,3,2,0,1,0,0.0285,0.0418,0.0046,0.0003,0.319,0.5039,0.032,0.3525,0.0312,0.0601,0.0728,0.0235,0.011,0.1445,0.0057,0.0421,1.6734,0.1424,2.9284,5.642,,10,standard,0.067,0.4,0.0285,0.0,21.0,21.021652060703605,21.00947258651827,0.0,0.0,0.0,0.0,1.2604000000000002,1.2889000000000002,1.2604000000000002,1.2219000000000002,1.1934000000000002
2026-09-28 20:00:00,20,17.5,0.0,0.0,0,1,1,1,3,2,0,1,0,0.0072,0.0434,0.0001,0.0,0.1198,0.201,0.0249,0.5163,0.0609,0.0269,0.0704,0.0228,0.0115,0.19,0.006,0.0456,1.3468,0.1888,2.1068,4.318,,10,standard,0.0,0.4,0.0072,0.0,21.0,21.00947258651827,21.00625157340361,0.0,0.0,1.0083873786407767,0.0,0.7983999999999999,1.8139873786407765,0.7983999999999999,1.8139873786407765,0.7983999999999999
2026-09-28 21:00:00,21,16.5,0.0,0.0,0,1,1,1,3,2,0,1,0,0.0113,0.0513,0.0008,0.0,0.0,0.0,0.007,0.1161,0.0667,0.0,0.1033,0.0311,0.0133,0.2222,0.0041,0.0613,0.6884,0.0604,1.5084,3.462,,10,standard,0.0,0.4,0.0113,0.0,21.0,21.00625157340361,21.00150651676108,0.0,0.0,0.0,0.0,0.554,0.5653,0.554,0.5653,0.554
2026-09-28 22:00:00,22,15.8,0.0,0.0,0,1,1,2,3,2,0,1,0,0.0,0.0435,0.0,0.0,0.0,0.0,0.0,0.0,0.0628,0.0007,0.0002,0.0,0.0111,0.1567,0.0034,0.0513,0.3297,0.1057,0.3867,0.515,,10,standard,0.0,0.28,0.0,0.0,21.0,21.00150651676108,21.00145228215768,0.0,0.0,0.0,0.0,0.3297,0.3297,0.3297,0.3297,0.3297
2026-09-28 23:00:00,23,15.4,0.0,0.0,1,2,2,2,4,2,0,1,0,0.0035,0.042,0.104,0.0506,0.0,0.1981,0.0,0.0097,0.0,0.001,0.0,0.0031,0.0119,0.1186,0.0001,0.053,0.5954,0.4054,0.7464,4.185,,10,standard,0.0,0.28,0.0035,0.0,21.0,21.00145228215768,21.000000000000004,0.0,0.0,0.0,0.0,0.5822,0.5857,0.5822,0.5857,0.5822
2026-09-28 00:00:00,0,13.7,0.0,0.0,2,2,2,2,4,2,0,1,0,0.0,0.0345,0.0,0.0001,0.0,0.0,0.0,0.0006,0.0,0.0001,0.0,0.0,0.0099,0.0007,0.0002,0.0497,0.0958,0.0,0.1168,0.204,,10,balanced,0.0,0.18,0.0,0.0,21.0,21.0,21.0,0.0,0.0,0.0,1.0083873786407767,0.09519999999999999,0.09519999999999999,1.1035873786407766,0.09519999999999999,1.1035873786407766
2026-09-28 01:00:00,1,13.4,0.0,0.0,2,2,2,2,4,2,0,1,0,0.0,0.0375,0.0002,0.0,0.0022,0.0,0.0,0.0,0.0,0.0,0.0,0.0001,0.0103,0.0001,0.0003,0.0507,0.1015,0.0,0.1545,0.317,,10,balanced,0.0,0.18,0.0,0.0,21.0,21.0,21.0,0.0,0.0,0.0,0.0,0.1015,0.1015,0.1015,0.1015,0.1015
2026-09-28 02:00:00,2,12.9,0.0,0.0,2,2,2,2,4,2,0,1,0,0.0,0.0427,0.0001,0.0,0.0,0.0,0.0,0.0,0.0001,0.0,0.0,0.0,0.0121,0.0,0.0001,0.0525,0.1077,0.0,0.1707,0.447,,10,balanced,0.0,0.18,0.0,0.0,21.0,21.0,21.0,0.0,0.0,0.0,0.0,0.1077,0.1077,0.1077,0.1077,0.1077
2026-09-28 03:00:00,3,12.4,0.0,0.0,2,2,2,2,4,2,0,1,0,0.0097,0.0386,0.0,0.0,0.0053,0.0046,0.0447,0.0,0.0,0.0,0.0,0.0,0.0109,0.0001,0.0,0.0468,0.1605,0.0,0.2235,0.701,,10,balanced,0.0,0.18,0.0097,0.0,21.0,21.0,20.99612,0.0,0.0,0.0,0.0,0.1061,0.1158,0.1061,0.1158,0.1061
2026-09-28 04:00:00,4,12.0,0.0,0.0,2,2,2,2,4,2,0,1,0,0.1006,0.0415,0.0,0.0002,0.0027,0.0,0.0022,0.0,0.0,0.0,0.0,0.0,0.0117,0.0,0.0,0.0516,0.2106,0.0586,0.3526,1.179,,10,balanced,0.0,0.18,0.1006,0.27821297481046336,21.0,20.99612,21.067304869924186,0.0,0.0,0.0,0.0,0.10780000000000002,0.20840000000000003,0.38601297481046337,0.20840000000000003,0.38601297481046337
2026-09-28 05:00:00,5,11.6,0.0,0.0,2,2,2,2,4,2,0,1,0,0.1914,0.037,0.0,0.0004,0.0,0.0,0.0015,0.0,0.0,0.0,0.0,0.0,0.0107,0.0,0.0,0.0451,0.286,0.032,0.43,1.494,,10,balanced,0.0,0.18,0.1914,1.3447000000000002,21.0,21.067304869924186,21.526201894606913,0.0,0.0,0.0,0.0,0.09309999999999999,0.2845,1.4378000000000002,0.2845,1.4378000000000002
2026-09-28 06:00:00,6,11.1,0.0,0.0,2,1,1,1,4,2,0,1,0,2.1697,0.0461,0.3669,0.1197,0.0004,0.0539,0.0328,0.0,0.0001,0.0,0.0,0.0001,0.0126,0.2078,0.0083,0.0481,3.0667,2.2827,3.3437,6.796,,10,balanced,0.0,0.28,2.1697,0.0,21.0,21.526201894606913,20.639378626401065,0.7956114893617022,0.0,0.0,0.0,0.8641999999999997,3.8295114893617024,0.8641999999999997,3.8295114893617024,0.8641999999999997
2026-09-28 07:00:00,7,11.1,3.0,0.0024,2,1,1,1,4,2,0,1,0,1.1475,0.043,0.0084,0.0066,0.0,0.0023,0.0443,0.0,0.0,0.0006,0.0,0.0005,0.0111,0.1897,0.0113,0.0487,1.5139,0.9639,2.0059,4.025,,10,balanced,0.023999999999999997,0.28,1.1475,0.0,21.0,20.639378626401065,20.193360995850625,0.0,0.0,0.0,0.0,0.32210000000000005,1.4696,0.32210000000000005,1.4456,0.29810000000000003
2026-09-28 08:00:00,8,12.0,81.0,0.0868,1,0,0,0,1,2,0,1,0,0.8368,0.0424,0.1393,0.1352,0.0,0.1822,0.0,0.0,0.0113,0.0,0.0,0.0007,0.0114,0.0045,0.0032,0.057,1.424,0.965,1.662,7.089,,10,balanced,0.868,0.28,0.8368,0.28080000000000005,21.0,20.193360995850625,20.0,0.0,0.0,0.0,0.0,0.5871999999999999,1.424,0.868,0.5559999999999999,0.0
2026-09-28 09:00:00,9,13.7,217.0,0.2509,1,0,0,0,1,2,0,1,0,0.5286,0.042,0.0035,0.0,0.0,0.0147,0.0126,0.0003,0.046,0.0028,0.0,0.0,0.0112,0.0,0.0,0.0542,0.7158,0.4218,1.0528,2.196,,10,balanced,2.5090000000000003,0.28,0.5286,2.3347,21.0,20.0,20.75844,0.0,0.0,0.0,0.0,0.17430000000000004,0.7029,2.5090000000000003,0.0,0.0
2026-09-28 10:00:00,10,15.9,356.0,0.4251,1,0,0,0,1,2,0,1,0,0.2887,0.0363,0.0,0.0,0.0,0.0,0.0382,0.0139,0.0347,0.0,0.0,0.0,0.011,0.0,0.0002,0.0497,0.4726,0.2766,0.8966,2.119,,10,balanced,4.2509999999999994,0.28,0.2887,0.8708596000000028,21.0,20.75844,21.0,0.0,0.0,0.0,0.0,0.13180000000000003,0.42050000000000004,1.002659600000003,0.0,0.0
2026-09-28 11:00:00,11,18.0,472.0,0.5707,1,0,0,0,1,2,0,1,0,0.0802,0.0441,0.0019,0.0017,0.0,0.008,0.0004,0.0,0.0706,0.0127,0.0001,0.0011,0.012,0.0003,0.0,0.0561,0.2892,0.0,0.3692,2.201,,10,balanced,5.707,0.28,0.0802,0.08020000000000493,21.0,21.0,21.0,0.0,0.7956114893617022,0.0,0.0,0.2086,0.2888,1.0844114893617072,0.0,0.0
2026-09-28 12:00:00,12,19.6,548.0,0.6674,1,0,0,0,1,2,0,1,0,0.03,0.045,0.0379,0.0807,0.0148,0.09,0.0314,0.0,0.0344,0.0,0.0,0.0,0.012,0.0,0.0001,0.0598,0.4361,0.0,1.2061,4.602,,10,balanced,6.6739999999999995,0.28,0.03,0.030000000000008242,21.0,21.0,21.0,0.0,0.0,0.0,0.0,0.37470000000000003,0.40470000000000006,0.4047000000000083,0.0,0.0
2026-09-28 13:00:00,13,20.6,578.0,0.7055,1,0,0,0,1,2,0,1,0,0.0,0.0435,0.0207,0.0345,0.0126,0.1419,0.0024,0.0,0.0314,0.0,0.0132,0.0002,0.0118,0.0,0.0002,0.0486,0.3609,0.0,0.8339,4.168,,10,balanced,7.055,0.28,0.0,7.105427357601002e-15,21.0,21.0,21.0,0.0,0.0,0.0,0.0,0.3585,0.3585,0.3585000000000071,0.0,0.0
2026-09-28 14:00:00,14,21.3,557.0,0.6792,0,0,0,1,1,2,0,1,0,0.0025,0.0482,0.0082,0.0021,0.1278,0.0119,0.0,0.011,0.0326,0.0,0.0008,0.0,0.0116,0.0,0.0002,0.0512,0.3081,0.0,0.5781,2.546,,10,balanced,6.792,0.28,0.0025,0.0025000000000048317,21.0,21.0,21.0,0.0,0.0,0.0,0.0,0.2946,0.2971,0.2971000000000048,0.0,0.0
2026-09-28 15:00:00,15,21.5,488.0,0.5916,0,0,1,1,2,2,0,1,0,0.0024,0.0548,0.0234,0.0012,0.1511,0.0,0.0006,0.0,0.046,0.023,0.0738,0.0,0.0144,0.0,0.0,0.0635,0.4542,0.0,0.7572,2.794,,10,balanced,5.916,0.28,0.0024,0.0024000000000086175,21.0,21.0,21.0,0.0,0.0,0.0,0.0,0.4512,0.4536,0.4536000000000086,0.0,0.0
2026-09-28 16:00:00,16,21.5,378.0,0.4528,0,0,0,1,1,2,0,1,0,0.0685,0.06,0.0301,0.0033,0.0366,0.0,0.0,0.0,0.0752,0.0549,0.0023,0.0,0.0144,0.0,0.0026,0.0757,0.4237,0.0957,0.7927,2.719,,10,balanced,4.528,0.28,0.0685,0.06850000000000733,21.0,21.0,21.0,0.0,0.0,0.0,0.0,0.3552,0.4237,0.42370000000000735,0.0,0.0
2026-09-28 17:00:00,17,21.1,240.0,0.2802,0,1,0,1,2,2,0,1,0,0.0599,0.0513,0.0205,0.0,0.0448,0.3279,0.0,0.0002,0.0732,0.1199,0.0067,0.004,0.0126,0.0,0.0056,0.0522,0.7788,0.1198,1.8258,4.781,,10,balanced,2.802,0.4,0.0599,0.12860347692844165,21.0,21.0,21.027481390771378,0.0,0.0,0.0,0.0,0.7187000000000001,0.7786000000000001,0.8473034769284418,0.0,0.0
2026-09-28 18:00:00,18,20.2,100.0,0.1093,0,1,1,1,3,2,0,1,0,0.0121,0.0482,0.0376,0.0,1.4215,0.8084,0.0,0.0,0.0324,0.0266,0.0561,0.0388,0.012,0.0,0.0026,0.0464,2.5429,0.9829,3.5869,5.684,,10,balanced,1.093,0.4,0.0121,0.0,21.0,21.027481390771378,21.021652060703605,0.0,0.0,0.0,0.0,2.5308,2.5429000000000004,2.5308,1.4499000000000004,1.4378000000000002
2026-09-28 19:00:00,19,18.7,7.0,0.0067,0,1,1,1,3,2,0,1,0,0.0285,0.0418,0.0046,0.0003,0.319,0.5039,0.032,0.3525,0.0312,0.0601,0.0728,0.0235,0.011,0.1445,0.0057,0.0421,1.6734,0.1424,2.9284,5.642,,10,balanced,0.067,0.4,0.0285,0.0,21.0,21.021652060703605,21.00947258651827,0.0,0.0,0.0,0.0,1.2604000000000002,1.2889000000000002,1.2604000000000002,1.2219000000000002,1.1934000000000002
2026-09-28 20:00:00,20,17.5,0.0,0.0,0,1,1,1,3,2,0,1,0,0.0072,0.0434,0.0001,0.0,0.1198,0.201,0.0249,0.5163,0.0609,0.0269,0.0704,0.0228,0.0115,0.19,0.006,0.0456,1.3468,0.1888,2.1068,4.318,,10,balanced,0.0,0.4,0.0072,0.0,21.0,21.00947258651827,21.00625157340361,0.0,0.0,1.0083873786407767,0.0,0.7983999999999999,1.8139873786407765,0.7983999999999999,1.8139873786407765,0.7983999999999999
2026-09-28 21:00:00,21,16.5,0.0,0.0,0,1,1,1,3,2,0,1,0,0.0113,0.0513,0.0008,0.0,0.0,0.0,0.007,0.1161,0.0667,0.0,0.1033,0.0311,0.0133,0.2222,0.0041,0.0613,0.6884,0.0604,1.5084,3.462,,10,balanced,0.0,0.4,0.0113,0.0,21.0,21.00625157340361,21.00150651676108,0.0,0.0,0.0,0.0,0.554,0.5653,0.554,0.5653,0.554
2026-09-28 22:00:00,22,15.8,0.0,0.0,0,1,1,2,3,2,0,1,0,0.0,0.0435,0.0,0.0,0.0,0.0,0.0,0.0,0.0628,0.0007,0.0002,0.0,0.0111,0.1567,0.0034,0.0513,0.3297,0.1057,0.3867,0.515,,10,balanced,0.0,0.28,0.0,0.0,21.0,21.00150651676108,21.00145228215768,0.0,0.0,0.0,0.0,0.3297,0.3297,0.3297,0.3297,0.3297
2026-09-28 23:00:00,23,15.4,0.0,0.0,1,2,2,2,4,2,0,1,0,0.0035,0.042,0.104,0.0506,0.0,0.1981,0.0,0.0097,0.0,0.001,0.0,0.0031,0.0119,0.1186,0.0001,0.053,0.5954,0.4054,0.7464,4.185,,10,balanced,0.0,0.28,0.0035,0.0,21.0,21.00145228215768,21.000000000000004,0.0,0.0,0.0,0.0,0.5822,0.5857,0.5822,0.5857,0.5822
2026-09-28 00:00:00,0,13.7,0.0,0.0,2,2,2,2,4,2,0,1,0,0.0,0.0345,0.0,0.0001,0.0,0.0,0.0,0.0006,0.0,0.0001,0.0,0.0,0.0099,0.0007,0.0002,0.0497,0.0958,0.0,0.1168,0.204,,10,saver,0.0,0.18,0.0,0.0,21.0,21.0,21.0,0.0,0.0,0.0,1.0083873786407767,0.09519999999999999,0.09519999999999999,1.1035873786407766,0.09519999999999999,1.1035873786407766
2026-09-28 01:00:00,1,13.4,0.0,0.0,2,2,2,2,4,2,0,1,0,0.0,0.0375,0.0002,0.0,0.0022,0.0,0.0,0.0,0.0,0.0,0.0,0.0001,0.0103,0.0001,0.0003,0.0507,0.1015,0.0,0.1545,0.317,,10,saver,0.0,0.18,0.0,0.0,21.0,21.0,21.0,0.0,0.0,0.0,0.0,0.1015,0.1015,0.1015,0.1015,0.1015
2026-09-28 02:00:00,2,12.9,0.0,0.0,2,2,2,2,4,2,0,1,0,0.0,0.0427,0.0001,0.0,0.0,0.0,0.0,0.0,0.0001,0.0,0.0,0.0,0.0121,0.0,0.0001,0.0525,0.1077,0.0,0.1707,0.447,,10,saver,0.0,0.18,0.0,0.0,21.0,21.0,21.0,0.0,0.0,0.0,0.0,0.1077,0.1077,0.1077,0.1077,0.1077
2026-09-28 03:00:00,3,12.4,0.0,0.0,2,2,2,2,4,2,0,1,0,0.0097,0.0386,0.0,0.0,0.0053,0.0046,0.0447,0.0,0.0,0.0,0.0,0.0,0.0109,0.0001,0.0,0.0468,0.1605,0.0,0.2235,0.701,,10,saver,0.0,0.18,0.0097,0.0,21.0,21.0,20.99612,0.0,0.0,0.0,0.0,0.1061,0.1158,0.1061,0.1158,0.1061
2026-09-28 04:00:00,4,12.0,0.0,0.0,2,2,2,2,4,2,0,1,0,0.1006,0.0415,0.0,0.0002,0.0027,0.0,0.0022,0.0,0.0,0.0,0.0,0.0,0.0117,0.0,0.0,0.0516,0.2106,0.0586,0.3526,1.179,,10,saver,0.0,0.18,0.1006,0.0,21.0,20.99612,20.95601968,0.0,0.0,0.0,0.0,0.10780000000000002,0.20840000000000003,0.10780000000000002,0.20840000000000003,0.10780000000000002
2026-09-28 05:00:00,5,11.6,0.0,0.0,2,2,2,2,4,2,0,1,0,0.1914,0.037,0.0,0.0004,0.0,0.0,0.0015,0.0,0.0,0.0,0.0,0.0,0.0107,0.0,0.0,0.0451,0.286,0.032,0.43,1.494,,10,saver,0.0,0.18,0.1914,0.2175609478004059,21.0,20.95601968,20.968067350640162,0.0,0.0,0.0,0.0,0.09309999999999999,0.2845,0.3106609478004059,0.2845,0.3106609478004059
2026-09-28 06:00:00,6,11.1,0.0,0.0,2,1,1,1,4,2,0,1,0,2.1697,0.0461,0.3669,0.1197,0.0004,0.0539,0.0328,0.0,0.0001,0.0,0.0,0.0001,0.0126,0.2078,0.0083,0.0481,3.0667,2.2827,3.3437,6.796,,10,saver,0.0,0.28,2.1697,0.0,21.0,20.968067350640162,20.101336926017115,0.7956114893617022,0.0,0.0,0.0,0.8641999999999997,3.8295114893617024,0.8641999999999997,3.8295114893617024,0.8641999999999997
2026-09-28 07:00:00,7,11.1,3.0,0.0024,2,1,1,1,4,2,0,1,0,1.1475,0.043,0.0084,0.0066,0.0,0.0023,0.0443,0.0,0.0,0.0006,0.0,0.0005,0.0111,0.1897,0.0113,0.0487,1.5139,0.9639,2.0059,4.025,,10,saver,0.023999999999999997,0.28,1.1475,0.0,21.0,20.101336926017115,19.6746887966805,0.0,0.0,0.0,0.0,0.32210000000000005,1.4696,0.32210000000000005,1.4456,0.29810000000000003
2026-09-28 08:00:00,8,12.0,81.0,0.0868,1,0,0,0,1,2,0,1,0,0.8368,0.0424,0.1393,0.1352,0.0,0.1822,0.0,0.0,0.0113,0.0,0.0,0.0007,0.0114,0.0045,0.0032,0.057,1.424,0.965,1.662,7.089,,10,saver,0.868,0.28,0.8368,0.28080000000000005,21.0,19.6746887966805,19.5,0.0,0.0,0.0,0.0,0.5871999999999999,1.424,0.868,0.5559999999999999,0.0
2026-09-28 09:00:00,9,13.7,217.0,0.2509,1,0,0,0,1,2,0,1,0,0.5286,0.042,0.0035,0.0,0.0,0.0147,0.0126,0.0003,0.046,0.0028,0.0,0.0,0.0112,0.0,0.0,0.0542,0.7158,0.4218,1.0528,2.196,,10,saver,2.5090000000000003,0.28,0.5286,2.3347,21.0,19.5,20.276439999999997,0.0,0.0,0.0,0.0,0.17430000000000004,0.7029,2.5090000000000003,0.0,0.0
2026-09-28 10:00:00,10,15.9,356.0,0.4251,1,0,0,0,1,2,0,1,0,0.2887,0.0363,0.0,0.0,0.0,0.0,0.0382,0.0139,0.0347,0.0,0.0,0.0,0.011,0.0,0.0002,0.0497,0.4726,0.2766,0.8966,2.119,,10,saver,4.2509999999999994,0.28,0.2887,2.032479600000009,21.0,20.276439999999997,21.0,0.0,0.0,0.0,0.0,0.13180000000000003,0.42050000000000004,2.1642796000000093,0.0,0.0
2026-09-28 11:00:00,11,18.0,472.0,0.5707,1,0,0,0,1,2,0,1,0,0.0802,0.0441,0.0019,0.0017,0.0,0.008,0.0004,0.0,0.0706,0.0127,0.0001,0.0011,0.012,0.0003,0.0,0.0561,0.2892,0.0,0.3692,2.201,,10,saver,5.707,0.28,0.0802,0.08020000000000493,21.0,21.0,21.0,0.0,0.7956114893617022,0.0,0.0,0.2086,0.2888,1.0844114893617072,0.0,0.0
2026-09-28 12:00:00,12,19.6,548.0,0.6674,1,0,0,0,1,2,0,1,0,0.03,0.045,0.0379,0.0807,0.0148,0.09,0.0314,0.0,0.0344,0.0,0.0,0.0,0.012,0.0,0.0001,0.0598,0.4361,0.0,1.2061,4.602,,10,saver,6.6739999999999995,0.28,0.03,0.030000000000008242,21.0,21.0,21.0,0.0,0.0,0.0,0.0,0.37470000000000003,0.40470000000000006,0.4047000000000083,0.0,0.0
2026-09-28 13:00:00,13,20.6,578.0,0.7055,1,0,0,0,1,2,0,1,0,0.0,0.0435,0.0207,0.0345,0.0126,0.1419,0.0024,0.0,0.0314,0.0,0.0132,0.0002,0.0118,0.0,0.0002,0.0486,0.3609,0.0,0.8339,4.168,,10,saver,7.055,0.28,0.0,7.105427357601002e-15,21.0,21.0,21.0,0.0,0.0,0.0,0.0,0.3585,0.3585,0.3585000000000071,0.0,0.0
2026-09-28 14:00:00,14,21.3,557.0,0.6792,0,0,0,1,1,2,0,1,0,0.0025,0.0482,0.0082,0.0021,0.1278,0.0119,0.0,0.011,0.0326,0.0,0.0008,0.0,0.0116,0.0,0.0002,0.0512,0.3081,0.0,0.5781,2.546,,10,saver,6.792,0.28,0.0025,0.0025000000000048317,21.0,21.0,21.0,0.0,0.0,0.0,0.0,0.2946,0.2971,0.2971000000000048,0.0,0.0
2026-09-28 15:00:00,15,21.5,488.0,0.5916,0,0,1,1,2,2,0,1,0,0.0024,0.0548,0.0234,0.0012,0.1511,0.0,0.0006,0.0,0.046,0.023,0.0738,0.0,0.0144,0.0,0.0,0.0635,0.4542,0.0,0.7572,2.794,,10,saver,5.916,0.28,0.0024,0.0024000000000086175,21.0,21.0,21.0,0.0,0.0,0.0,0.0,0.4512,0.4536,0.4536000000000086,0.0,0.0
2026-09-28 16:00:00,16,21.5,378.0,0.4528,0,0,0,1,1,2,0,1,0,0.0685,0.06,0.0301,0.0033,0.0366,0.0,0.0,0.0,0.0752,0.0549,0.0023,0.0,0.0144,0.0,0.0026,0.0757,0.4237,0.0957,0.7927,2.719,,10,saver,4.528,0.28,0.0685,0.06850000000000733,21.0,21.0,21.0,0.0,0.0,0.0,0.0,0.3552,0.4237,0.42370000000000735,0.0,0.0
2026-09-28 17:00:00,17,21.1,240.0,0.2802,0,1,0,1,2,2,0,1,0,0.0599,0.0513,0.0205,0.0,0.0448,0.3279,0.0,0.0002,0.0732,0.1199,0.0067,0.004,0.0126,0.0,0.0056,0.0522,0.7788,0.1198,1.8258,4.781,,10,saver,2.802,0.4,0.0599,0.12860347692844165,21.0,21.0,21.027481390771378,0.0,0.0,0.0,0.0,0.7187000000000001,0.7786000000000001,0.8473034769284418,0.0,0.0
2026-09-28 18:00:00,18,20.2,100.0,0.1093,0,1,1,1,3,2,0,1,0,0.0121,0.0482,0.0376,0.0,1.4215,0.8084,0.0,0.0,0.0324,0.0266,0.0561,0.0388,0.012,0.0,0.0026,0.0464,2.5429,0.9829,3.5869,5.684,,10,saver,1.093,0.4,0.0121,0.0,21.0,21.027481390771378,21.021652060703605,0.0,0.0,0.0,0.0,2.5308,2.5429000000000004,2.5308,1.4499000000000004,1.4378000000000002
2026-09-28 19:00:00,19,18.7,7.0,0.0067,0,1,1,1,3,2,0,1,0,0.0285,0.0418,0.0046,0.0003,0.319,0.5039,0.032,0.3525,0.0312,0.0601,0.0728,0.0235,0.011,0.1445,0.0057,0.0421,1.6734,0.1424,2.9284,5.642,,10,saver,0.067,0.4,0.0285,0.0,21.0,21.021652060703605,21.00947258651827,0.0,0.0,0.0,0.0,1.2604000000000002,1.2889000000000002,1.2604000000000002,1.2219000000000002,1.1934000000000002
2026-09-28 20:00:00,20,17.5,0.0,0.0,0,1,1,1,3,2,0,1,0,0.0072,0.0434,0.0001,0.0,0.1198,0.201,0.0249,0.5163,0.0609,0.0269,0.0704,0.0228,0.0115,0.19,0.006,0.0456,1.3468,0.1888,2.1068,4.318,,10,saver,0.0,0.4,0.0072,0.0,21.0,21.00947258651827,21.00625157340361,0.0,0.0,1.0083873786407767,0.0,0.7983999999999999,1.8139873786407765,0.7983999999999999,1.8139873786407765,0.7983999999999999
2026-09-28 21:00:00,21,16.5,0.0,0.0,0,1,1,1,3,2,0,1,0,0.0113,0.0513,0.0008,0.0,0.0,0.0,0.007,0.1161,0.0667,0.0,0.1033,0.0311,0.0133,0.2222,0.0041,0.0613,0.6884,0.0604,1.5084,3.462,,10,saver,0.0,0.4,0.0113,0.0,21.0,21.00625157340361,21.00150651676108,0.0,0.0,0.0,0.0,0.554,0.5653,0.554,0.5653,0.554
2026-09-28 22:00:00,22,15.8,0.0,0.0,0,1,1,2,3,2,0,1,0,0.0,0.0435,0.0,0.0,0.0,0.0,0.0,0.0,0.0628,0.0007,0.0002,0.0,0.0111,0.1567,0.0034,0.0513,0.3297,0.1057,0.3867,0.515,,10,saver,0.0,0.28,0.0,0.0,21.0,21.00150651676108,21.00145228215768,0.0,0.0,0.0,0.0,0.3297,0.3297,0.3297,0.3297,0.3297
2026-09-28 23:00:00,23,15.4,0.0,0.0,1,2,2,2,4,2,0,1,0,0.0035,0.042,0.104,0.0506,0.0,0.1981,0.0,0.0097,0.0,0.001,0.0,0.0031,0.0119,0.1186,0.0001,0.053,0.5954,0.4054,0.7464,4.185,,10,saver,0.0,0.28,0.0035,0.0,21.0,21.00145228215768,21.000000000000004,0.0,0.0,0.0,0.0,0.5822,0.5857,0.5822,0.5857,0.5822
