month,day,hour,pv_kwh_per_kwp
1,1,0,0.0
1,1,1,0.0
1,1,2,0.0
1,1,3,0.0
1,1,4,0.0
1,1,5,0.0
1,1,6,0.0
1,1,7,0.0
1,1,8,0.0009
1,1,9,0.0724
1,1,10,0.1254
1,1,11,0.192
1,1,12,0.1425
1,1,13,0.1437
1,1,14,0.1398
1,1,15,0.0627
1,1,16,0.0
1,1,17,0.0
1,1,18,0.0
1,1,19,0.0
1,1,20,0.0
1,1,21,0.0
1,1,22,0.0
1,1,23,0.0
1,2,0,0.0
1,2,1,0.0
1,2,2,0.0
1,2,3,0.0
1,2,4,0.0
1,2,5,0.0
1,2,6,0.0
1,2,7,0.0
1,2,8,0.0017
1,2,9,0.1644
1,2,10,0.2373
1,2,11,0.2694
1,2,12,0.2736
1,2,13,0.3121
1,2,14,0.179
1,2,15,0.0344
1,2,16,0.0
1,2,17,0.0
1,2,18,0.0
1,2,19,0.0
1,2,20,0.0
1,2,21,0.0
1,2,22,0.0
1,2,23,0.0
1,3,0,0.0
1,3,1,0.0
1,3,2,0.0
1,3,3,0.0
1,3,4,0.0
1,3,5,0.0
1,3,6,0.0
1,3,7,0.0
1,3,8,0.0008
1,3,9,0.1808
1,3,10,0.1809
1,3,11,0.3408
1,3,12,0.3
1,3,13,0.1999
1,3,14,0.2547
1,3,15,0.044
1,3,16,0.0
1,3,17,0.0
1,3,18,0.0
1,3,19,0.0
1,3,20,0.0
1,3,21,0.0
1,3,22,0.0
1,3,23,0.0
1,4,0,0.0
1,4,1,0.0
1,4,2,0.0
1,4,3,0.0
1,4,4,0.0
1,4,5,0.0
1,4,6,0.0
1,4,7,0.0
1,4,8,0.0019
1,4,9,0.1081
1,4,10,0.2543
1,4,11,0.2429
1,4,12,0.1879
1,4,13,0.1159
1,4,14,0.1877
1,4,15,0.0527
1,4,16,0.0
1,4,17,0.0
1,4,18,0.0
1,4,19,0.0
1,4,20,0.0
1,4,21,0.0
1,4,22,0.0
1,4,23,0.0
1,5,0,0.0
1,5,1,0.0
1,5,2,0.0
1,5,3,0.0
1,5,4,0.0
1,5,5,0.0
1,5,6,0.0
1,5,7,0.0
1,5,8,0.0008
1,5,9,0.0221
1,5,10,0.0713
1,5,11,0.1351
1,5,12,0.0474
1,5,13,0.0561
1,5,14,0.0731
1,5,15,0.0203
1,5,16,0.0
1,5,17,0.0
1,5,18,0.0
1,5,19,0.0
1,5,20,0.0
1,5,21,0.0
1,5,22,0.0
1,5,23,0.0
1,6,0,0.0
1,6,1,0.0
1,6,2,0.0
1,6,3,0.0
1,6,4,0.0
1,6,5,0.0
1,6,6,0.0
1,6,7,0.0
1,6,8,0.0019
1,6,9,0.0874
1,6,10,0.064
1,6,11,0.0843
1,6,12,0.2648
1,6,13,0.2123
1,6,14,0.0382
1,6,15,0.0492
1,6,16,0.0
1,6,17,0.0
1,6,18,0.0
1,6,19,0.0
1,6,20,0.0
1,6,21,0.0
1,6,22,0.0
1,6,23,0.0
1,7,0,0.0
1,7,1,0.0
1,7,2,0.0
1,7,3,0.0
1,7,4,0.0
1,7,5,0.0
1,7,6,0.0
1,7,7,0.0
1,7,8,0.0034
1,7,9,0.3087
1,7,10,0.4274
1,7,11,0.4439
1,7,12,0.442
1,7,13,0.4038
1,7,14,0.2894
1,7,15,0.0897
1,7,16,0.0
1,7,17,0.0
1,7,18,0.0
1,7,19,0.0
1,7,20,0.0
1,7,21,0.0
1,7,22,0.0
1,7,23,0.0
1,8,0,0.0
1,8,1,0.0
1,8,2,0.0
1,8,3,0.0
1,8,4,0.0
1,8,5,0.0
1,8,6,0.0
1,8,7,0.0
1,8,8,0.0017
1,8,9,0.1159
1,8,10,0.2565
1,8,11,0.2821
1,8,12,0.2989
1,8,13,0.3407
1,8,14,0.2683
1,8,15,0.0923
1,8,16,0.0
1,8,17,0.0
1,8,18,0.0
1,8,19,0.0
1,8,20,0.0
1,8,21,0.0
1,8,22,0.0
1,8,23,0.0
1,9,0,0.0
1,9,1,0.0
1,9,2,0.0
1,9,3,0.0
1,9,4,0.0
1,9,5,0.0
1,9,6,0.0
1,9,7,0.0
1,9,8,0.0036
1,9,9,0.1557
1,9,10,0.1605
1,9,11,0.1809
1,9,12,0.2004
1,9,13,0.1692
1,9,14,0.1104
1,9,15,0.0702
1,9,16,0.0
1,9,17,0.0
1,9,18,0.0
1,9,19,0.0
1,9,20,0.0
1,9,21,0.0
1,9,22,0.0
1,9,23,0.0
1,10,0,0.0
1,10,1,0.0
1,10,2,0.0
1,10,3,0.0
1,10,4,0.0
1,10,5,0.0
1,10,6,0.0
1,10,7,0.0
1,10,8,0.0029
1,10,9,0.1312
1,10,10,0.2032
1,10,11,0.2993
1,10,12,0.1949
1,10,13,0.033
1,10,14,0.091
1,10,15,0.0325
1,10,16,0.0
1,10,17,0.0
1,10,18,0.0
1,10,19,0.0
1,10,20,0.0
1,10,21,0.0
1,10,22,0.0
1,10,23,0.0
1,11,0,0.0
1,11,1,0.0
1,11,2,0.0
1,11,3,0.0
1,11,4,0.0
1,11,5,0.0
1,11,6,0.0
1,11,7,0.0
1,11,8,0.0031
1,11,9,0.1315
1,11,10,0.2106
1,11,11,0.2775
1,11,12,0.3099
1,11,13,0.3579
1,11,14,0.2001
1,11,15,0.1039
1,11,16,0.0
1,11,17,0.0
1,11,18,0.0
1,11,19,0.0
1,11,20,0.0
1,11,21,0.0
1,11,22,0.0
1,11,23,0.0
1,12,0,0.0
1,12,1,0.0
1,12,2,0.0
1,12,3,0.0
1,12,4,0.0
1,12,5,0.0
1,12,6,0.0
1,12,7,0.0
1,12,8,0.0591
1,12,9,0.162
1,12,10,0.2692
1,12,11,0.3046
1,12,12,0.2637
1,12,13,0.2675
1,12,14,0.2045
1,12,15,0.1206
1,12,16,0.0
1,12,17,0.0
1,12,18,0.0
1,12,19,0.0
1,12,20,0.0
1,12,21,0.0
1,12,22,0.0
1,12,23,0.0
1,13,0,0.0
1,13,1,0.0
1,13,2,0.0
1,13,3,0.0
1,13,4,0.0
1,13,5,0.0
1,13,6,0.0
1,13,7,0.0
1,13,8,0.0139
1,13,9,0.0794
1,13,10,0.1353
1,13,11,0.1342
1,13,12,0.1033
1,13,13,0.0614
1,13,14,0.0411
1,13,15,0.052
1,13,16,0.0
1,13,17,0.0
1,13,18,0.0
1,13,19,0.0
1,13,20,0.0
1,13,21,0.0
1,13,22,0.0
1,13,23,0.0
1,14,0,0.0
1,14,1,0.0
1,14,2,0.0
1,14,3,0.0
1,14,4,0.0
1,14,5,0.0
1,14,6,0.0
1,14,7,0.0
1,14,8,0.029
1,14,9,0.1558
1,14,10,0.2628
1,14,11,0.2792
1,14,12,0.3049
1,14,13,0.0916
1,14,14,0.159
1,14,15,0.0782
1,14,16,0.0
1,14,17,0.0
1,14,18,0.0
1,14,19,0.0
1,14,20,0.0
1,14,21,0.0
1,14,22,0.0
1,14,23,0.0
1,15,0,0.0
1,15,1,0.0
1,15,2,0.0
1,15,3,0.0
1,15,4,0.0
1,15,5,0.0
1,15,6,0.0
1,15,7,0.0
1,15,8,0.0763
1,15,9,0.2056
1,15,10,0.2647
1,15,11,0.2864
1,15,12,0.2933
1,15,13,0.2615
1,15,14,0.1935
1,15,15,0.0959
1,15,16,0.0
1,15,17,0.0
1,15,18,0.0
1,15,19,0.0
1,15,20,0.0
1,15,21,0.0
1,15,22,0.0
1,15,23,0.0
1,16,0,0.0
1,16,1,0.0
1,16,2,0.0
1,16,3,0.0
1,16,4,0.0
1,16,5,0.0
1,16,6,0.0
1,16,7,0.0
1,16,8,0.0085
1,16,9,0.1135
1,16,10,0.1958
1,16,11,0.2525
1,16,12,0.2798
1,16,13,0.3151
1,16,14,0.1946
1,16,15,0.0988
1,16,16,0.0
1,16,17,0.0
1,16,18,0.0
1,16,19,0.0
1,16,20,0.0
1,16,21,0.0
1,16,22,0.0
1,16,23,0.0
1,17,0,0.0
1,17,1,0.0
1,17,2,0.0
1,17,3,0.0
1,17,4,0.0
1,17,5,0.0
1,17,6,0.0
1,17,7,0.0
1,17,8,0.0692
1,17,9,0.1803
1,17,10,0.2627
1,17,11,0.2305
1,17,12,0.3394
1,17,13,0.3181
1,17,14,0.2019
1,17,15,0.1119
1,17,16,0.0
1,17,17,0.0
1,17,18,0.0
1,17,19,0.0
1,17,20,0.0
1,17,21,0.0
1,17,22,0.0
1,17,23,0.0
1,18,0,0.0
1,18,1,0.0
1,18,2,0.0
1,18,3,0.0
1,18,4,0.0
1,18,5,0.0
1,18,6,0.0
1,18,7,0.0
1,18,8,0.0421
1,18,9,0.1173
1,18,10,0.1236
1,18,11,0.2097
1,18,12,0.0817
1,18,13,0.0749
1,18,14,0.0413
1,18,15,0.0061
1,18,16,0.0
1,18,17,0.0
1,18,18,0.0
1,18,19,0.0
1,18,20,0.0
1,18,21,0.0
1,18,22,0.0
1,18,23,0.0
1,19,0,0.0
1,19,1,0.0
1,19,2,0.0
1,19,3,0.0
1,19,4,0.0
1,19,5,0.0
1,19,6,0.0
1,19,7,0.0
1,19,8,0.048
1,19,9,0.1589
1,19,10,0.257
1,19,11,0.2473
1,19,12,0.269
1,19,13,0.24
1,19,14,0.1981
1,19,15,0.0995
1,19,16,0.0
1,19,17,0.0
1,19,18,0.0
1,19,19,0.0
1,19,20,0.0
1,19,21,0.0
1,19,22,0.0
1,19,23,0.0
1,20,0,0.0
1,20,1,0.0
1,20,2,0.0
1,20,3,0.0
1,20,4,0.0
1,20,5,0.0
1,20,6,0.0
1,20,7,0.0
1,20,8,0.0492
1,20,9,0.1449
1,20,10,0.2563
1,20,11,0.1746
1,20,12,0.2331
1,20,13,0.1914
1,20,14,0.2028
1,20,15,0.1056
1,20,16,0.0
1,20,17,0.0
1,20,18,0.0
1,20,19,0.0
1,20,20,0.0
1,20,21,0.0
1,20,22,0.0
1,20,23,0.0
1,21,0,0.0
1,21,1,0.0
1,21,2,0.0
1,21,3,0.0
1,21,4,0.0
1,21,5,0.0
1,21,6,0.0
1,21,7,0.0
1,21,8,0.0797
1,21,9,0.1789
1,21,10,0.2921
1,21,11,0.2564
1,21,12,0.2542
1,21,13,0.2402
1,21,14,0.1999
1,21,15,0.084
1,21,16,0.0
1,21,17,0.0
1,21,18,0.0
1,21,19,0.0
1,21,20,0.0
1,21,21,0.0
1,21,22,0.0
1,21,23,0.0
1,22,0,0.0
1,22,1,0.0
1,22,2,0.0
1,22,3,0.0
1,22,4,0.0
1,22,5,0.0
1,22,6,0.0
1,22,7,0.0
1,22,8,0.1084
1,22,9,0.2198
1,22,10,0.2502
1,22,11,0.2391
1,22,12,0.1756
1,22,13,0.1693
1,22,14,0.1152
1,22,15,0.0635
1,22,16,0.0
1,22,17,0.0
1,22,18,0.0
1,22,19,0.0
1,22,20,0.0
1,22,21,0.0
1,22,22,0.0
1,22,23,0.0
1,23,0,0.0
1,23,1,0.0
1,23,2,0.0
1,23,3,0.0
1,23,4,0.0
1,23,5,0.0
1,23,6,0.0
1,23,7,0.0
1,23,8,0.0251
1,23,9,0.0775
1,23,10,0.0728
1,23,11,0.1255
1,23,12,0.1137
1,23,13,0.1145
1,23,14,0.0431
1,23,15,0.0059
1,23,16,0.0
1,23,17,0.0
1,23,18,0.0
1,23,19,0.0
1,23,20,0.0
1,23,21,0.0
1,23,22,0.0
1,23,23,0.0
1,24,0,0.0
1,24,1,0.0
1,24,2,0.0
1,24,3,0.0
1,24,4,0.0
1,24,5,0.0
1,24,6,0.0
1,24,7,0.0
1,24,8,0.085
1,24,9,0.1865
1,24,10,0.2253
1,24,11,0.1986
1,24,12,0.221
1,24,13,0.1632
1,24,14,0.131
1,24,15,0.0886
1,24,16,0.0
1,24,17,0.0
1,24,18,0.0
1,24,19,0.0
1,24,20,0.0
1,24,21,0.0
1,24,22,0.0
1,24,23,0.0
1,25,0,0.0
1,25,1,0.0
1,25,2,0.0
1,25,3,0.0
1,25,4,0.0
1,25,5,0.0
1,25,6,0.0
1,25,7,0.0
1,25,8,0.0484
1,25,9,0.102
1,25,10,0.0852
1,25,11,0.0704
1,25,12,0.0856
1,25,13,0.1236
1,25,14,0.128
1,25,15,0.0657
1,25,16,0.0
1,25,17,0.0
1,25,18,0.0
1,25,19,0.0
1,25,20,0.0
1,25,21,0.0
1,25,22,0.0
1,25,23,0.0
1,26,0,0.0
1,26,1,0.0
1,26,2,0.0
1,26,3,0.0
1,26,4,0.0
1,26,5,0.0
1,26,6,0.0
1,26,7,0.0
1,26,8,0.0233
1,26,9,0.1236
1,26,10,0.079
1,26,11,0.0796
1,26,12,0.094
1,26,13,0.0952
1,26,14,0.0769
1,26,15,0.0586
1,26,16,0.0
1,26,17,0.0
1,26,18,0.0
1,26,19,0.0
1,26,20,0.0
1,26,21,0.0
1,26,22,0.0
1,26,23,0.0
1,27,0,0.0
1,27,1,0.0
1,27,2,0.0
1,27,3,0.0
1,27,4,0.0
1,27,5,0.0
1,27,6,0.0
1,27,7,0.0
1,27,8,0.0484
1,27,9,0.1372
1,27,10,0.1509
1,27,11,0.1735
1,27,12,0.1414
1,27,13,0.1184
1,27,14,0.1671
1,27,15,0.0974
1,27,16,0.0
1,27,17,0.0
1,27,18,0.0
1,27,19,0.0
1,27,20,0.0
1,27,21,0.0
1,27,22,0.0
1,27,23,0.0
1,28,0,0.0
1,28,1,0.0
1,28,2,0.0
1,28,3,0.0
1,28,4,0.0
1,28,5,0.0
1,28,6,0.0
1,28,7,0.0
1,28,8,0.0587
1,28,9,0.1168
1,28,10,0.1248
1,28,11,0.1201
1,28,12,0.1375
1,28,13,0.0683
1,28,14,0.0737
1,28,15,0.0415
1,28,16,0.0
1,28,17,0.0
1,28,18,0.0
1,28,19,0.0
1,28,20,0.0
1,28,21,0.0
1,28,22,0.0
1,28,23,0.0
1,29,0,0.0
1,29,1,0.0
1,29,2,0.0
1,29,3,0.0
1,29,4,0.0
1,29,5,0.0
1,29,6,0.0
1,29,7,0.0
1,29,8,0.0837
1,29,9,0.2021
1,29,10,0.2609
1,29,11,0.273
1,29,12,0.1872
1,29,13,0.1377
1,29,14,0.1756
1,29,15,0.0862
1,29,16,0.0
1,29,17,0.0
1,29,18,0.0
1,29,19,0.0
1,29,20,0.0
1,29,21,0.0
1,29,22,0.0
1,29,23,0.0
1,30,0,0.0
1,30,1,0.0
1,30,2,0.0
1,30,3,0.0
1,30,4,0.0
1,30,5,0.0
1,30,6,0.0
1,30,7,0.0
1,30,8,0.1134
1,30,9,0.176
1,30,10,0.1884
1,30,11,0.1595
1,30,12,0.2006
1,30,13,0.0765
1,30,14,0.0515
1,30,15,0.0509
1,30,16,0.0
1,30,17,0.0
1,30,18,0.0
1,30,19,0.0
1,30,20,0.0
1,30,21,0.0
1,30,22,0.0
1,30,23,0.0
1,31,0,0.0
1,31,1,0.0
1,31,2,0.0
1,31,3,0.0
1,31,4,0.0
1,31,5,0.0
1,31,6,0.0
1,31,7,0.0
1,31,8,0.067
1,31,9,0.1281
1,31,10,0.1833
1,31,11,0.2094
1,31,12,0.3141
1,31,13,0.2023
1,31,14,0.1498
1,31,15,0.1755
1,31,16,0.0
1,31,17,0.0
1,31,18,0.0
1,31,19,0.0
1,31,20,0.0
1,31,21,0.0
1,31,22,0.0
1,31,23,0.0
2,1,0,0.0
2,1,1,0.0
2,1,2,0.0
2,1,3,0.0
2,1,4,0.0
2,1,5,0.0
2,1,6,0.0
2,1,7,0.0
2,1,8,0.0865
2,1,9,0.2121
2,1,10,0.3275
2,1,11,0.2432
2,1,12,0.2433
2,1,13,0.3119
2,1,14,0.2212
2,1,15,0.1398
2,1,16,0.0005
2,1,17,0.0
2,1,18,0.0
2,1,19,0.0
2,1,20,0.0
2,1,21,0.0
2,1,22,0.0
2,1,23,0.0
2,2,0,0.0
2,2,1,0.0
2,2,2,0.0
2,2,3,0.0
2,2,4,0.0
2,2,5,0.0
2,2,6,0.0
2,2,7,0.0
2,2,8,0.0752
2,2,9,0.1283
2,2,10,0.0993
2,2,11,0.1217
2,2,12,0.1621
2,2,13,0.1038
2,2,14,0.0509
2,2,15,0.0967
2,2,16,0.0004
2,2,17,0.0
2,2,18,0.0
2,2,19,0.0
2,2,20,0.0
2,2,21,0.0
2,2,22,0.0
2,2,23,0.0
2,3,0,0.0
2,3,1,0.0
2,3,2,0.0
2,3,3,0.0
2,3,4,0.0
2,3,5,0.0
2,3,6,0.0
2,3,7,0.0
2,3,8,0.0574
2,3,9,0.1002
2,3,10,0.0879
2,3,11,0.1439
2,3,12,0.2346
2,3,13,0.1796
2,3,14,0.1419
2,3,15,0.0864
2,3,16,0.0027
2,3,17,0.0
2,3,18,0.0
2,3,19,0.0
2,3,20,0.0
2,3,21,0.0
2,3,22,0.0
2,3,23,0.0
2,4,0,0.0
2,4,1,0.0
2,4,2,0.0
2,4,3,0.0
2,4,4,0.0
2,4,5,0.0
2,4,6,0.0
2,4,7,0.0
2,4,8,0.0811
2,4,9,0.0977
2,4,10,0.1084
2,4,11,0.0835
2,4,12,0.0726
2,4,13,0.0699
2,4,14,0.0889
2,4,15,0.0599
2,4,16,0.0018
2,4,17,0.0
2,4,18,0.0
2,4,19,0.0
2,4,20,0.0
2,4,21,0.0
2,4,22,0.0
2,4,23,0.0
2,5,0,0.0
2,5,1,0.0
2,5,2,0.0
2,5,3,0.0
2,5,4,0.0
2,5,5,0.0
2,5,6,0.0
2,5,7,0.0
2,5,8,0.0953
2,5,9,0.1519
2,5,10,0.1272
2,5,11,0.1701
2,5,12,0.2232
2,5,13,0.1742
2,5,14,0.2796
2,5,15,0.1452
2,5,16,0.018
2,5,17,0.0
2,5,18,0.0
2,5,19,0.0
2,5,20,0.0
2,5,21,0.0
2,5,22,0.0
2,5,23,0.0
2,6,0,0.0
2,6,1,0.0
2,6,2,0.0
2,6,3,0.0
2,6,4,0.0
2,6,5,0.0
2,6,6,0.0
2,6,7,0.0
2,6,8,0.0242
2,6,9,0.1284
2,6,10,0.2292
2,6,11,0.2735
2,6,12,0.2416
2,6,13,0.244
2,6,14,0.2259
2,6,15,0.12
2,6,16,0.0074
2,6,17,0.0
2,6,18,0.0
2,6,19,0.0
2,6,20,0.0
2,6,21,0.0
2,6,22,0.0
2,6,23,0.0
2,7,0,0.0
2,7,1,0.0
2,7,2,0.0
2,7,3,0.0
2,7,4,0.0
2,7,5,0.0
2,7,6,0.0
2,7,7,0.0
2,7,8,0.0519
2,7,9,0.1667
2,7,10,0.2409
2,7,11,0.2212
2,7,12,0.2503
2,7,13,0.2376
2,7,14,0.3126
2,7,15,0.2
2,7,16,0.0179
2,7,17,0.0
2,7,18,0.0
2,7,19,0.0
2,7,20,0.0
2,7,21,0.0
2,7,22,0.0
2,7,23,0.0
2,8,0,0.0
2,8,1,0.0
2,8,2,0.0
2,8,3,0.0
2,8,4,0.0
2,8,5,0.0
2,8,6,0.0
2,8,7,0.0
2,8,8,0.053
2,8,9,0.2938
2,8,10,0.3818
2,8,11,0.5239
2,8,12,0.3566
2,8,13,0.4134
2,8,14,0.3544
2,8,15,0.2155
2,8,16,0.0322
2,8,17,0.0
2,8,18,0.0
2,8,19,0.0
2,8,20,0.0
2,8,21,0.0
2,8,22,0.0
2,8,23,0.0
2,9,0,0.0
2,9,1,0.0
2,9,2,0.0
2,9,3,0.0
2,9,4,0.0
2,9,5,0.0
2,9,6,0.0
2,9,7,0.0
2,9,8,0.1108
2,9,9,0.1807
2,9,10,0.3411
2,9,11,0.3934
2,9,12,0.3548
2,9,13,0.4093
2,9,14,0.3595
2,9,15,0.2347
2,9,16,0.0375
2,9,17,0.0
2,9,18,0.0
2,9,19,0.0
2,9,20,0.0
2,9,21,0.0
2,9,22,0.0
2,9,23,0.0
2,10,0,0.0
2,10,1,0.0
2,10,2,0.0
2,10,3,0.0
2,10,4,0.0
2,10,5,0.0
2,10,6,0.0
2,10,7,0.0
2,10,8,0.1039
2,10,9,0.2221
2,10,10,0.2841
2,10,11,0.217
2,10,12,0.1901
2,10,13,0.2345
2,10,14,0.1646
2,10,15,0.1879
2,10,16,0.0101
2,10,17,0.0
2,10,18,0.0
2,10,19,0.0
2,10,20,0.0
2,10,21,0.0
2,10,22,0.0
2,10,23,0.0
2,11,0,0.0
2,11,1,0.0
2,11,2,0.0
2,11,3,0.0
2,11,4,0.0
2,11,5,0.0
2,11,6,0.0
2,11,7,0.0
2,11,8,0.0979
2,11,9,0.1403
2,11,10,0.0902
2,11,11,0.1071
2,11,12,0.0736
2,11,13,0.0482
2,11,14,0.0974
2,11,15,0.0651
2,11,16,0.0115
2,11,17,0.0
2,11,18,0.0
2,11,19,0.0
2,11,20,0.0
2,11,21,0.0
2,11,22,0.0
2,11,23,0.0
2,12,0,0.0
2,12,1,0.0
2,12,2,0.0
2,12,3,0.0
2,12,4,0.0
2,12,5,0.0
2,12,6,0.0
2,12,7,0.0
2,12,8,0.1485
2,12,9,0.326
2,12,10,0.398
2,12,11,0.4879
2,12,12,0.3696
2,12,13,0.2303
2,12,14,0.2077
2,12,15,0.1766
2,12,16,0.103
2,12,17,0.0
2,12,18,0.0
2,12,19,0.0
2,12,20,0.0
2,12,21,0.0
2,12,22,0.0
2,12,23,0.0
2,13,0,0.0
2,13,1,0.0
2,13,2,0.0
2,13,3,0.0
2,13,4,0.0
2,13,5,0.0
2,13,6,0.0
2,13,7,0.0
2,13,8,0.1546
2,13,9,0.317
2,13,10,0.3485
2,13,11,0.3576
2,13,12,0.3341
2,13,13,0.2847
2,13,14,0.2293
2,13,15,0.1521
2,13,16,0.0532
2,13,17,0.0
2,13,18,0.0
2,13,19,0.0
2,13,20,0.0
2,13,21,0.0
2,13,22,0.0
2,13,23,0.0
2,14,0,0.0
2,14,1,0.0
2,14,2,0.0
2,14,3,0.0
2,14,4,0.0
2,14,5,0.0
2,14,6,0.0
2,14,7,0.0
2,14,8,0.0992
2,14,9,0.176
2,14,10,0.2345
2,14,11,0.2296
2,14,12,0.2043
2,14,13,0.227
2,14,14,0.2249
2,14,15,0.1803
2,14,16,0.0764
2,14,17,0.0
2,14,18,0.0
2,14,19,0.0
2,14,20,0.0
2,14,21,0.0
2,14,22,0.0
2,14,23,0.0
2,15,0,0.0
2,15,1,0.0
2,15,2,0.0
2,15,3,0.0
2,15,4,0.0
2,15,5,0.0
2,15,6,0.0
2,15,7,0.0
2,15,8,0.1626
2,15,9,0.3157
2,15,10,0.5131
2,15,11,0.556
2,15,12,0.6641
2,15,13,0.5407
2,15,14,0.5289
2,15,15,0.3577
2,15,16,0.1509
2,15,17,0.0
2,15,18,0.0
2,15,19,0.0
2,15,20,0.0
2,15,21,0.0
2,15,22,0.0
2,15,23,0.0
2,16,0,0.0
2,16,1,0.0
2,16,2,0.0
2,16,3,0.0
2,16,4,0.0
2,16,5,0.0
2,16,6,0.0
2,16,7,0.0
2,16,8,0.2062
2,16,9,0.3992
2,16,10,0.4276
2,16,11,0.5286
2,16,12,0.5201
2,16,13,0.484
2,16,14,0.377
2,16,15,0.247
2,16,16,0.0528
2,16,17,0.0
2,16,18,0.0
2,16,19,0.0
2,16,20,0.0
2,16,21,0.0
2,16,22,0.0
2,16,23,0.0
2,17,0,0.0
2,17,1,0.0
2,17,2,0.0
2,17,3,0.0
2,17,4,0.0
2,17,5,0.0
2,17,6,0.0
2,17,7,0.0
2,17,8,0.0811
2,17,9,0.185
2,17,10,0.2797
2,17,11,0.3258
2,17,12,0.2726
2,17,13,0.3808
2,17,14,0.2969
2,17,15,0.1542
2,17,16,0.0469
2,17,17,0.0
2,17,18,0.0
2,17,19,0.0
2,17,20,0.0
2,17,21,0.0
2,17,22,0.0
2,17,23,0.0
2,18,0,0.0
2,18,1,0.0
2,18,2,0.0
2,18,3,0.0
2,18,4,0.0
2,18,5,0.0
2,18,6,0.0
2,18,7,0.0002
2,18,8,0.2309
2,18,9,0.3489
2,18,10,0.3234
2,18,11,0.265
2,18,12,0.3211
2,18,13,0.3339
2,18,14,0.348
2,18,15,0.2625
2,18,16,0.0602
2,18,17,0.0
2,18,18,0.0
2,18,19,0.0
2,18,20,0.0
2,18,21,0.0
2,18,22,0.0
2,18,23,0.0
2,19,0,0.0
2,19,1,0.0
2,19,2,0.0
2,19,3,0.0
2,19,4,0.0
2,19,5,0.0
2,19,6,0.0
2,19,7,0.0009
2,19,8,0.157
2,19,9,0.3005
2,19,10,0.3953
2,19,11,0.3195
2,19,12,0.2796
2,19,13,0.2171
2,19,14,0.3087
2,19,15,0.233
2,19,16,0.0822
2,19,17,0.0
2,19,18,0.0
2,19,19,0.0
2,19,20,0.0
2,19,21,0.0
2,19,22,0.0
2,19,23,0.0
2,20,0,0.0
2,20,1,0.0
2,20,2,0.0
2,20,3,0.0
2,20,4,0.0
2,20,5,0.0
2,20,6,0.0
2,20,7,0.0003
2,20,8,0.1135
2,20,9,0.2073
2,20,10,0.2966
2,20,11,0.275
2,20,12,0.2172
2,20,13,0.2525
2,20,14,0.2855
2,20,15,0.1816
2,20,16,0.1106
2,20,17,0.0
2,20,18,0.0
2,20,19,0.0
2,20,20,0.0
2,20,21,0.0
2,20,22,0.0
2,20,23,0.0
2,21,0,0.0
2,21,1,0.0
2,21,2,0.0
2,21,3,0.0
2,21,4,0.0
2,21,5,0.0
2,21,6,0.0
2,21,7,0.0025
2,21,8,0.149
2,21,9,0.2058
2,21,10,0.2625
2,21,11,0.2794
2,21,12,0.2696
2,21,13,0.1973
2,21,14,0.2085
2,21,15,0.3123
2,21,16,0.0925
2,21,17,0.0
2,21,18,0.0
2,21,19,0.0
2,21,20,0.0
2,21,21,0.0
2,21,22,0.0
2,21,23,0.0
2,22,0,0.0
2,22,1,0.0
2,22,2,0.0
2,22,3,0.0
2,22,4,0.0
2,22,5,0.0
2,22,6,0.0
2,22,7,0.0065
2,22,8,0.1638
2,22,9,0.1939
2,22,10,0.2383
2,22,11,0.3286
2,22,12,0.4754
2,22,13,0.4589
2,22,14,0.4155
2,22,15,0.3098
2,22,16,0.1065
2,22,17,0.0
2,22,18,0.0
2,22,19,0.0
2,22,20,0.0
2,22,21,0.0
2,22,22,0.0
2,22,23,0.0
2,23,0,0.0
2,23,1,0.0
2,23,2,0.0
2,23,3,0.0
2,23,4,0.0
2,23,5,0.0
2,23,6,0.0
2,23,7,0.0125
2,23,8,0.1297
2,23,9,0.2228
2,23,10,0.3313
2,23,11,0.3263
2,23,12,0.4896
2,23,13,0.3361
2,23,14,0.363
2,23,15,0.2895
2,23,16,0.1479
2,23,17,0.0
2,23,18,0.0
2,23,19,0.0
2,23,20,0.0
2,23,21,0.0
2,23,22,0.0
2,23,23,0.0
2,24,0,0.0
2,24,1,0.0
2,24,2,0.0
2,24,3,0.0
2,24,4,0.0
2,24,5,0.0
2,24,6,0.0
2,24,7,0.0076
2,24,8,0.1608
2,24,9,0.2752
2,24,10,0.31
2,24,11,0.3433
2,24,12,0.417
2,24,13,0.3241
2,24,14,0.2335
2,24,15,0.2487
2,24,16,0.1415
2,24,17,0.0
2,24,18,0.0
2,24,19,0.0
2,24,20,0.0
2,24,21,0.0
2,24,22,0.0
2,24,23,0.0
2,25,0,0.0
2,25,1,0.0
2,25,2,0.0
2,25,3,0.0
2,25,4,0.0
2,25,5,0.0
2,25,6,0.0
2,25,7,0.0167
2,25,8,0.1376
2,25,9,0.2563
2,25,10,0.3339
2,25,11,0.3376
2,25,12,0.4478
2,25,13,0.3688
2,25,14,0.2954
2,25,15,0.2598
2,25,16,0.1277
2,25,17,0.0
2,25,18,0.0
2,25,19,0.0
2,25,20,0.0
2,25,21,0.0
2,25,22,0.0
2,25,23,0.0
2,26,0,0.0
2,26,1,0.0
2,26,2,0.0
2,26,3,0.0
2,26,4,0.0
2,26,5,0.0
2,26,6,0.0
2,26,7,0.0075
2,26,8,0.124
2,26,9,0.1985
2,26,10,0.3199
2,26,11,0.2318
2,26,12,0.2548
2,26,13,0.3234
2,26,14,0.2953
2,26,15,0.2571
2,26,16,0.0877
2,26,17,0.0
2,26,18,0.0
2,26,19,0.0
2,26,20,0.0
2,26,21,0.0
2,26,22,0.0
2,26,23,0.0
2,27,0,0.0
2,27,1,0.0
2,27,2,0.0
2,27,3,0.0
2,27,4,0.0
2,27,5,0.0
2,27,6,0.0
2,27,7,0.023
2,27,8,0.1474
2,27,9,0.2356
2,27,10,0.2736
2,27,11,0.26
2,27,12,0.3804
2,27,13,0.3437
2,27,14,0.2719
2,27,15,0.2068
2,27,16,0.1227
2,27,17,0.0
2,27,18,0.0
2,27,19,0.0
2,27,20,0.0
2,27,21,0.0
2,27,22,0.0
2,27,23,0.0
2,28,0,0.0
2,28,1,0.0
2,28,2,0.0
2,28,3,0.0
2,28,4,0.0
2,28,5,0.0
2,28,6,0.0
2,28,7,0.0466
2,28,8,0.1871
2,28,9,0.3917
2,28,10,0.4373
2,28,11,0.4278
2,28,12,0.5503
2,28,13,0.5365
2,28,14,0.6348
2,28,15,0.367
2,28,16,0.1653
2,28,17,0.0
2,28,18,0.0
2,28,19,0.0
2,28,20,0.0
2,28,21,0.0
2,28,22,0.0
2,28,23,0.0
2,29,0,0.0
2,29,1,0.0
2,29,2,0.0
2,29,3,0.0
2,29,4,0.0
2,29,5,0.0
2,29,6,0.0
2,29,7,0.0012
2,29,8,0.0788
2,29,9,0.1291
2,29,10,0.5157
2,29,11,0.4579
2,29,12,0.4087
2,29,13,0.1088
2,29,14,0.1725
2,29,15,0.1485
2,29,16,0.1484
2,29,17,0.0
2,29,18,0.0
2,29,19,0.0
2,29,20,0.0
2,29,21,0.0
2,29,22,0.0
2,29,23,0.0
3,1,0,0.0
3,1,1,0.0
3,1,2,0.0
3,1,3,0.0
3,1,4,0.0
3,1,5,0.0
3,1,6,0.0
3,1,7,0.0453
3,1,8,0.1766
3,1,9,0.2957
3,1,10,0.3992
3,1,11,0.5025
3,1,12,0.4237
3,1,13,0.3984
3,1,14,0.307
3,1,15,0.2703
3,1,16,0.1136
3,1,17,0.0
3,1,18,0.0
3,1,19,0.0
3,1,20,0.0
3,1,21,0.0
3,1,22,0.0
3,1,23,0.0
3,2,0,0.0
3,2,1,0.0
3,2,2,0.0
3,2,3,0.0
3,2,4,0.0
3,2,5,0.0
3,2,6,0.0
3,2,7,0.0538
3,2,8,0.2124
3,2,9,0.3787
3,2,10,0.552
3,2,11,0.5752
3,2,12,0.5093
3,2,13,0.4591
3,2,14,0.3984
3,2,15,0.2938
3,2,16,0.1793
3,2,17,0.0
3,2,18,0.0
3,2,19,0.0
3,2,20,0.0
3,2,21,0.0
3,2,22,0.0
3,2,23,0.0
3,3,0,0.0
3,3,1,0.0
3,3,2,0.0
3,3,3,0.0
3,3,4,0.0
3,3,5,0.0
3,3,6,0.0
3,3,7,0.0409
3,3,8,0.1856
3,3,9,0.2759
3,3,10,0.318
3,3,11,0.3819
3,3,12,0.3939
3,3,13,0.3348
3,3,14,0.271
3,3,15,0.2099
3,3,16,0.0896
3,3,17,0.0
3,3,18,0.0
3,3,19,0.0
3,3,20,0.0
3,3,21,0.0
3,3,22,0.0
3,3,23,0.0
3,4,0,0.0
3,4,1,0.0
3,4,2,0.0
3,4,3,0.0
3,4,4,0.0
3,4,5,0.0
3,4,6,0.0
3,4,7,0.0156
3,4,8,0.1179
3,4,9,0.2255
3,4,10,0.2622
3,4,11,0.1511
3,4,12,0.1247
3,4,13,0.1166
3,4,14,0.1459
3,4,15,0.0591
3,4,16,0.0328
3,4,17,0.0002
3,4,18,0.0
3,4,19,0.0
3,4,20,0.0
3,4,21,0.0
3,4,22,0.0
3,4,23,0.0
3,5,0,0.0
3,5,1,0.0
3,5,2,0.0
3,5,3,0.0
3,5,4,0.0
3,5,5,0.0
3,5,6,0.0
3,5,7,0.0423
3,5,8,0.1662
3,5,9,0.2767
3,5,10,0.413
3,5,11,0.288
3,5,12,0.2058
3,5,13,0.1773
3,5,14,0.1599
3,5,15,0.2175
3,5,16,0.0996
3,5,17,0.0012
3,5,18,0.0
3,5,19,0.0
3,5,20,0.0
3,5,21,0.0
3,5,22,0.0
3,5,23,0.0
3,6,0,0.0
3,6,1,0.0
3,6,2,0.0
3,6,3,0.0
3,6,4,0.0
3,6,5,0.0
3,6,6,0.0
3,6,7,0.0541
3,6,8,0.2051
3,6,9,0.3469
3,6,10,0.4735
3,6,11,0.3843
3,6,12,0.3254
3,6,13,0.2496
3,6,14,0.2991
3,6,15,0.1955
3,6,16,0.1145
3,6,17,0.0026
3,6,18,0.0
3,6,19,0.0
3,6,20,0.0
3,6,21,0.0
3,6,22,0.0
3,6,23,0.0
3,7,0,0.0
3,7,1,0.0
3,7,2,0.0
3,7,3,0.0
3,7,4,0.0
3,7,5,0.0
3,7,6,0.0
3,7,7,0.0348
3,7,8,0.1999
3,7,9,0.3373
3,7,10,0.4327
3,7,11,0.4234
3,7,12,0.3409
3,7,13,0.3644
3,7,14,0.3051
3,7,15,0.2753
3,7,16,0.1353
3,7,17,0.0018
3,7,18,0.0
3,7,19,0.0
3,7,20,0.0
3,7,21,0.0
3,7,22,0.0
3,7,23,0.0
3,8,0,0.0
3,8,1,0.0
3,8,2,0.0
3,8,3,0.0
3,8,4,0.0
3,8,5,0.0
3,8,6,0.0
3,8,7,0.0296
3,8,8,0.1812
3,8,9,0.262
3,8,10,0.4467
3,8,11,0.437
3,8,12,0.3326
3,8,13,0.2789
3,8,14,0.3454
3,8,15,0.2171
3,8,16,0.0708
3,8,17,0.004
3,8,18,0.0
3,8,19,0.0
3,8,20,0.0
3,8,21,0.0
3,8,22,0.0
3,8,23,0.0
3,9,0,0.0
3,9,1,0.0
3,9,2,0.0
3,9,3,0.0
3,9,4,0.0
3,9,5,0.0
3,9,6,0.0
3,9,7,0.0445
3,9,8,0.1479
3,9,9,0.3629
3,9,10,0.4469
3,9,11,0.3897
3,9,12,0.2993
3,9,13,0.2573
3,9,14,0.3036
3,9,15,0.3009
3,9,16,0.1487
3,9,17,0.0065
3,9,18,0.0
3,9,19,0.0
3,9,20,0.0
3,9,21,0.0
3,9,22,0.0
3,9,23,0.0
3,10,0,0.0
3,10,1,0.0
3,10,2,0.0
3,10,3,0.0
3,10,4,0.0
3,10,5,0.0
3,10,6,0.0
3,10,7,0.1226
3,10,8,0.346
3,10,9,0.477
3,10,10,0.6003
3,10,11,0.6255
3,10,12,0.4678
3,10,13,0.3551
3,10,14,0.3915
3,10,15,0.3428
3,10,16,0.1887
3,10,17,0.011
3,10,18,0.0
3,10,19,0.0
3,10,20,0.0
3,10,21,0.0
3,10,22,0.0
3,10,23,0.0
3,11,0,0.0
3,11,1,0.0
3,11,2,0.0
3,11,3,0.0
3,11,4,0.0
3,11,5,0.0
3,11,6,0.0
3,11,7,0.0508
3,11,8,0.1562
3,11,9,0.3108
3,11,10,0.3268
3,11,11,0.3167
3,11,12,0.316
3,11,13,0.3593
3,11,14,0.3526
3,11,15,0.2109
3,11,16,0.109
3,11,17,0.0089
3,11,18,0.0
3,11,19,0.0
3,11,20,0.0
3,11,21,0.0
3,11,22,0.0
3,11,23,0.0
3,12,0,0.0
3,12,1,0.0
3,12,2,0.0
3,12,3,0.0
3,12,4,0.0
3,12,5,0.0
3,12,6,0.0
3,12,7,0.0879
3,12,8,0.2192
3,12,9,0.424
3,12,10,0.4837
3,12,11,0.472
3,12,12,0.4471
3,12,13,0.3675
3,12,14,0.4104
3,12,15,0.2393
3,12,16,0.2026
3,12,17,0.0115
3,12,18,0.0
3,12,19,0.0
3,12,20,0.0
3,12,21,0.0
3,12,22,0.0
3,12,23,0.0
3,13,0,0.0
3,13,1,0.0
3,13,2,0.0
3,13,3,0.0
3,13,4,0.0
3,13,5,0.0
3,13,6,0.0
3,13,7,0.0771
3,13,8,0.2003
3,13,9,0.3788
3,13,10,0.5671
3,13,11,0.42
3,13,12,0.4656
3,13,13,0.4555
3,13,14,0.3935
3,13,15,0.2096
3,13,16,0.1183
3,13,17,0.0112
3,13,18,0.0
3,13,19,0.0
3,13,20,0.0
3,13,21,0.0
3,13,22,0.0
3,13,23,0.0
3,14,0,0.0
3,14,1,0.0
3,14,2,0.0
3,14,3,0.0
3,14,4,0.0
3,14,5,0.0
3,14,6,0.0
3,14,7,0.0754
3,14,8,0.2536
3,14,9,0.3488
3,14,10,0.3028
3,14,11,0.3438
3,14,12,0.3859
3,14,13,0.3412
3,14,14,0.2952
3,14,15,0.2841
3,14,16,0.1736
3,14,17,0.0159
3,14,18,0.0
3,14,19,0.0
3,14,20,0.0
3,14,21,0.0
3,14,22,0.0
3,14,23,0.0
3,15,0,0.0
3,15,1,0.0
3,15,2,0.0
3,15,3,0.0
3,15,4,0.0
3,15,5,0.0
3,15,6,0.0
3,15,7,0.1105
3,15,8,0.2963
3,15,9,0.4274
3,15,10,0.4914
3,15,11,0.415
3,15,12,0.4266
3,15,13,0.4474
3,15,14,0.3433
3,15,15,0.2425
3,15,16,0.163
3,15,17,0.0248
3,15,18,0.0
3,15,19,0.0
3,15,20,0.0
3,15,21,0.0
3,15,22,0.0
3,15,23,0.0
3,16,0,0.0
3,16,1,0.0
3,16,2,0.0
3,16,3,0.0
3,16,4,0.0
3,16,5,0.0
3,16,6,0.0
3,16,7,0.1096
3,16,8,0.2571
3,16,9,0.3617
3,16,10,0.4366
3,16,11,0.3701
3,16,12,0.4912
3,16,13,0.4543
3,16,14,0.3944
3,16,15,0.2762
3,16,16,0.1542
3,16,17,0.0295
3,16,18,0.0
3,16,19,0.0
3,16,20,0.0
3,16,21,0.0
3,16,22,0.0
3,16,23,0.0
3,17,0,0.0
3,17,1,0.0
3,17,2,0.0
3,17,3,0.0
3,17,4,0.0
3,17,5,0.0
3,17,6,0.0
3,17,7,0.1414
3,17,8,0.3198
3,17,9,0.4856
3,17,10,0.5931
3,17,11,0.6683
3,17,12,0.6509
3,17,13,0.5663
3,17,14,0.3852
3,17,15,0.2779
3,17,16,0.162
3,17,17,0.0254
3,17,18,0.0
3,17,19,0.0
3,17,20,0.0
3,17,21,0.0
3,17,22,0.0
3,17,23,0.0
3,18,0,0.0
3,18,1,0.0
3,18,2,0.0
3,18,3,0.0
3,18,4,0.0
3,18,5,0.0
3,18,6,0.0
3,18,7,0.1026
3,18,8,0.2862
3,18,9,0.4385
3,18,10,0.4887
3,18,11,0.4912
3,18,12,0.5205
3,18,13,0.5472
3,18,14,0.4852
3,18,15,0.4669
3,18,16,0.1945
3,18,17,0.0465
3,18,18,0.0
3,18,19,0.0
3,18,20,0.0
3,18,21,0.0
3,18,22,0.0
3,18,23,0.0
3,19,0,0.0
3,19,1,0.0
3,19,2,0.0
3,19,3,0.0
3,19,4,0.0
3,19,5,0.0
3,19,6,0.0007
3,19,7,0.1611
3,19,8,0.2975
3,19,9,0.4895
3,19,10,0.5535
3,19,11,0.5538
3,19,12,0.6436
3,19,13,0.471
3,19,14,0.3983
3,19,15,0.2967
3,19,16,0.1719
3,19,17,0.0316
3,19,18,0.0
3,19,19,0.0
3,19,20,0.0
3,19,21,0.0
3,19,22,0.0
3,19,23,0.0
3,20,0,0.0
3,20,1,0.0
3,20,2,0.0
3,20,3,0.0
3,20,4,0.0
3,20,5,0.0
3,20,6,0.0009
3,20,7,0.1325
3,20,8,0.2578
3,20,9,0.4153
3,20,10,0.4602
3,20,11,0.3602
3,20,12,0.4542
3,20,13,0.4969
3,20,14,0.3345
3,20,15,0.3198
3,20,16,0.1669
3,20,17,0.0402
3,20,18,0.0
3,20,19,0.0
3,20,20,0.0
3,20,21,0.0
3,20,22,0.0
3,20,23,0.0
3,21,0,0.0
3,21,1,0.0
3,21,2,0.0
3,21,3,0.0
3,21,4,0.0
3,21,5,0.0
3,21,6,0.001
3,21,7,0.0797
3,21,8,0.1361
3,21,9,0.2078
3,21,10,0.2349
3,21,11,0.2748
3,21,12,0.2688
3,21,13,0.2636
3,21,14,0.2211
3,21,15,0.1922
3,21,16,0.1611
3,21,17,0.0381
3,21,18,0.0
3,21,19,0.0
3,21,20,0.0
3,21,21,0.0
3,21,22,0.0
3,21,23,0.0
3,22,0,0.0
3,22,1,0.0
3,22,2,0.0
3,22,3,0.0
3,22,4,0.0
3,22,5,0.0
3,22,6,0.0045
3,22,7,0.156
3,22,8,0.1846
3,22,9,0.3701
3,22,10,0.357
3,22,11,0.4439
3,22,12,0.4292
3,22,13,0.4559
3,22,14,0.4215
3,22,15,0.2192
3,22,16,0.2183
3,22,17,0.0404
3,22,18,0.0
3,22,19,0.0
3,22,20,0.0
3,22,21,0.0
3,22,22,0.0
3,22,23,0.0
3,23,0,0.0
3,23,1,0.0
3,23,2,0.0
3,23,3,0.0
3,23,4,0.0
3,23,5,0.0
3,23,6,0.0082
3,23,7,0.1457
3,23,8,0.2758
3,23,9,0.4777
3,23,10,0.5833
3,23,11,0.5936
3,23,12,0.4543
3,23,13,0.4511
3,23,14,0.3956
3,23,15,0.3297
3,23,16,0.1941
3,23,17,0.0488
3,23,18,0.0
3,23,19,0.0
3,23,20,0.0
3,23,21,0.0
3,23,22,0.0
3,23,23,0.0
3,24,0,0.0
3,24,1,0.0
3,24,2,0.0
3,24,3,0.0
3,24,4,0.0
3,24,5,0.0
3,24,6,0.0064
3,24,7,0.1292
3,24,8,0.2676
3,24,9,0.4385
3,24,10,0.5513
3,24,11,0.584
3,24,12,0.5945
3,24,13,0.5151
3,24,14,0.4469
3,24,15,0.2676
3,24,16,0.1618
3,24,17,0.0466
3,24,18,0.0
3,24,19,0.0
3,24,20,0.0
3,24,21,0.0
3,24,22,0.0
3,24,23,0.0
3,25,0,0.0
3,25,1,0.0
3,25,2,0.0
3,25,3,0.0
3,25,4,0.0
3,25,5,0.0
3,25,6,0.0077
3,25,7,0.1328
3,25,8,0.3394
3,25,9,0.5315
3,25,10,0.5895
3,25,11,0.5145
3,25,12,0.5809
3,25,13,0.5159
3,25,14,0.5536
3,25,15,0.384
3,25,16,0.2097
3,25,17,0.0385
3,25,18,0.0
3,25,19,0.0
3,25,20,0.0
3,25,21,0.0
3,25,22,0.0
3,25,23,0.0
3,26,0,0.0
3,26,1,0.0
3,26,2,0.0
3,26,3,0.0
3,26,4,0.0
3,26,5,0.0
3,26,6,0.009
3,26,7,0.1318
3,26,8,0.2119
3,26,9,0.3734
3,26,10,0.5331
3,26,11,0.5983
3,26,12,0.5214
3,26,13,0.5322
3,26,14,0.3945
3,26,15,0.2427
3,26,16,0.0853
3,26,17,0.0395
3,26,18,0.0081
3,26,19,0.0
3,26,20,0.0
3,26,21,0.0
3,26,22,0.0
3,26,23,0.0
3,27,0,0.0
3,27,1,0.0
3,27,2,0.0
3,27,3,0.0
3,27,4,0.0
3,27,5,0.0
3,27,6,0.0107
3,27,7,0.1438
3,27,8,0.3201
3,27,9,0.4778
3,27,10,0.5731
3,27,11,0.5952
3,27,12,0.5573
3,27,13,0.406
3,27,14,0.4253
3,27,15,0.3512
3,27,16,0.2394
3,27,17,0.0945
3,27,18,0.0146
3,27,19,0.0
3,27,20,0.0
3,27,21,0.0
3,27,22,0.0
3,27,23,0.0
3,28,0,0.0
3,28,1,0.0
3,28,2,0.0
3,28,3,0.0
3,28,4,0.0
3,28,5,0.0
3,28,6,0.0059
3,28,7,0.0652
3,28,8,0.2424
3,28,9,0.3328
3,28,10,0.4295
3,28,11,0.5953
3,28,12,0.528
3,28,13,0.5385
3,28,14,0.5356
3,28,15,0.4398
3,28,16,0.2426
3,28,17,0.1192
3,28,18,0.0369
3,28,19,0.0
3,28,20,0.0
3,28,21,0.0
3,28,22,0.0
3,28,23,0.0
3,29,0,0.0
3,29,1,0.0
3,29,2,0.0
3,29,3,0.0
3,29,4,0.0
3,29,5,0.0
3,29,6,0.004
3,29,7,0.0417
3,29,8,0.1243
3,29,9,0.3141
3,29,10,0.3952
3,29,11,0.4697
3,29,12,0.4909
3,29,13,0.5742
3,29,14,0.4228
3,29,15,0.3209
3,29,16,0.2254
3,29,17,0.1288
3,29,18,0.0388
3,29,19,0.0
3,29,20,0.0
3,29,21,0.0
3,29,22,0.0
3,29,23,0.0
3,30,0,0.0
3,30,1,0.0
3,30,2,0.0
3,30,3,0.0
3,30,4,0.0
3,30,5,0.0
3,30,6,0.0058
3,30,7,0.0478
3,30,8,0.1756
3,30,9,0.3498
3,30,10,0.524
3,30,11,0.4721
3,30,12,0.5219
3,30,13,0.5557
3,30,14,0.3563
3,30,15,0.274
3,30,16,0.1686
3,30,17,0.1185
3,30,18,0.0363
3,30,19,0.0
3,30,20,0.0
3,30,21,0.0
3,30,22,0.0
3,30,23,0.0
3,31,0,0.0
3,31,1,0.0
3,31,2,0.0
3,31,3,0.0
3,31,4,0.0
3,31,5,0.0
3,31,6,0.0
3,31,7,0.0264
3,31,8,0.1716
3,31,9,0.3275
3,31,10,0.4285
3,31,11,0.5534
3,31,12,0.464
3,31,13,0.4418
3,31,14,0.3235
3,31,15,0.283
3,31,16,0.2405
3,31,17,0.146
3,31,18,0.0465
3,31,19,0.0
3,31,20,0.0
3,31,21,0.0
3,31,22,0.0
3,31,23,0.0
4,1,0,0.0
4,1,1,0.0
4,1,2,0.0
4,1,3,0.0
4,1,4,0.0
4,1,5,0.0
4,1,6,0.0
4,1,7,0.0274
4,1,8,0.1559
4,1,9,0.2935
4,1,10,0.4223
4,1,11,0.5208
4,1,12,0.5336
4,1,13,0.5097
4,1,14,0.445
4,1,15,0.3561
4,1,16,0.2756
4,1,17,0.1447
4,1,18,0.0444
4,1,19,0.0
4,1,20,0.0
4,1,21,0.0
4,1,22,0.0
4,1,23,0.0
4,2,0,0.0
4,2,1,0.0
4,2,2,0.0
4,2,3,0.0
4,2,4,0.0
4,2,5,0.0
4,2,6,0.0
4,2,7,0.0192
4,2,8,0.1128
4,2,9,0.2179
4,2,10,0.3289
4,2,11,0.4123
4,2,12,0.4888
4,2,13,0.4704
4,2,14,0.4786
4,2,15,0.4077
4,2,16,0.3036
4,2,17,0.1844
4,2,18,0.0595
4,2,19,0.0
4,2,20,0.0
4,2,21,0.0
4,2,22,0.0
4,2,23,0.0
4,3,0,0.0
4,3,1,0.0
4,3,2,0.0
4,3,3,0.0
4,3,4,0.0
4,3,5,0.0
4,3,6,0.0
4,3,7,0.0279
4,3,8,0.1224
4,3,9,0.2698
4,3,10,0.3186
4,3,11,0.4712
4,3,12,0.3814
4,3,13,0.3534
4,3,14,0.3254
4,3,15,0.4677
4,3,16,0.2109
4,3,17,0.1667
4,3,18,0.0639
4,3,19,0.0
4,3,20,0.0
4,3,21,0.0
4,3,22,0.0
4,3,23,0.0
4,4,0,0.0
4,4,1,0.0
4,4,2,0.0
4,4,3,0.0
4,4,4,0.0
4,4,5,0.0
4,4,6,0.0
4,4,7,0.032
4,4,8,0.1818
4,4,9,0.3415
4,4,10,0.6
4,4,11,0.6322
4,4,12,0.521
4,4,13,0.5961
4,4,14,0.4181
4,4,15,0.3498
4,4,16,0.2285
4,4,17,0.1882
4,4,18,0.0716
4,4,19,0.0
4,4,20,0.0
4,4,21,0.0
4,4,22,0.0
4,4,23,0.0
4,5,0,0.0
4,5,1,0.0
4,5,2,0.0
4,5,3,0.0
4,5,4,0.0
4,5,5,0.0
4,5,6,0.0
4,5,7,0.0384
4,5,8,0.1567
4,5,9,0.3647
4,5,10,0.5097
4,5,11,0.5355
4,5,12,0.6165
4,5,13,0.5329
4,5,14,0.4818
4,5,15,0.2966
4,5,16,0.192
4,5,17,0.1314
4,5,18,0.0542
4,5,19,0.0
4,5,20,0.0
4,5,21,0.0
4,5,22,0.0
4,5,23,0.0
4,6,0,0.0
4,6,1,0.0
4,6,2,0.0
4,6,3,0.0
4,6,4,0.0
4,6,5,0.0
4,6,6,0.0
4,6,7,0.0229
4,6,8,0.1134
4,6,9,0.2525
4,6,10,0.3826
4,6,11,0.4263
4,6,12,0.5075
4,6,13,0.4097
4,6,14,0.3472
4,6,15,0.2483
4,6,16,0.2758
4,6,17,0.159
4,6,18,0.0617
4,6,19,0.0
4,6,20,0.0
4,6,21,0.0
4,6,22,0.0
4,6,23,0.0
4,7,0,0.0
4,7,1,0.0
4,7,2,0.0
4,7,3,0.0
4,7,4,0.0
4,7,5,0.0
4,7,6,0.0
4,7,7,0.0298
4,7,8,0.1357
4,7,9,0.2902
4,7,10,0.3968
4,7,11,0.4664
4,7,12,0.399
4,7,13,0.5056
4,7,14,0.3798
4,7,15,0.2432
4,7,16,0.2952
4,7,17,0.2173
4,7,18,0.0675
4,7,19,0.0
4,7,20,0.0
4,7,21,0.0
4,7,22,0.0
4,7,23,0.0
4,8,0,0.0
4,8,1,0.0
4,8,2,0.0
4,8,3,0.0
4,8,4,0.0
4,8,5,0.0
4,8,6,0.0
4,8,7,0.0456
4,8,8,0.2296
4,8,9,0.3291
4,8,10,0.4724
4,8,11,0.559
4,8,12,0.446
4,8,13,0.4914
4,8,14,0.4621
4,8,15,0.3447
4,8,16,0.242
4,8,17,0.1393
4,8,18,0.0672
4,8,19,0.0
4,8,20,0.0
4,8,21,0.0
4,8,22,0.0
4,8,23,0.0
4,9,0,0.0
4,9,1,0.0
4,9,2,0.0
4,9,3,0.0
4,9,4,0.0
4,9,5,0.0
4,9,6,0.0
4,9,7,0.0459
4,9,8,0.1732
4,9,9,0.3228
4,9,10,0.4192
4,9,11,0.511
4,9,12,0.4624
4,9,13,0.5575
4,9,14,0.5018
4,9,15,0.4038
4,9,16,0.3639
4,9,17,0.2535
4,9,18,0.0695
4,9,19,0.0
4,9,20,0.0
4,9,21,0.0
4,9,22,0.0
4,9,23,0.0
4,10,0,0.0
4,10,1,0.0
4,10,2,0.0
4,10,3,0.0
4,10,4,0.0
4,10,5,0.0
4,10,6,0.0
4,10,7,0.0446
4,10,8,0.1811
4,10,9,0.3267
4,10,10,0.4453
4,10,11,0.5197
4,10,12,0.425
4,10,13,0.4184
4,10,14,0.5114
4,10,15,0.4975
4,10,16,0.3215
4,10,17,0.1787
4,10,18,0.0542
4,10,19,0.0
4,10,20,0.0
4,10,21,0.0
4,10,22,0.0
4,10,23,0.0
4,11,0,0.0
4,11,1,0.0
4,11,2,0.0
4,11,3,0.0
4,11,4,0.0
4,11,5,0.0
4,11,6,0.0
4,11,7,0.0505
4,11,8,0.205
4,11,9,0.3618
4,11,10,0.3745
4,11,11,0.4256
4,11,12,0.5507
4,11,13,0.3804
4,11,14,0.4495
4,11,15,0.406
4,11,16,0.2493
4,11,17,0.1665
4,11,18,0.0405
4,11,19,0.0003
4,11,20,0.0
4,11,21,0.0
4,11,22,0.0
4,11,23,0.0
4,12,0,0.0
4,12,1,0.0
4,12,2,0.0
4,12,3,0.0
4,12,4,0.0
4,12,5,0.0
4,12,6,0.0
4,12,7,0.0522
4,12,8,0.2259
4,12,9,0.3812
4,12,10,0.4544
4,12,11,0.5326
4,12,12,0.5524
4,12,13,0.5203
4,12,14,0.4925
4,12,15,0.442
4,12,16,0.3394
4,12,17,0.1979
4,12,18,0.0686
4,12,19,0.0005
4,12,20,0.0
4,12,21,0.0
4,12,22,0.0
4,12,23,0.0
4,13,0,0.0
4,13,1,0.0
4,13,2,0.0
4,13,3,0.0
4,13,4,0.0
4,13,5,0.0
4,13,6,0.0
4,13,7,0.0489
4,13,8,0.1404
4,13,9,0.2773
4,13,10,0.379
4,13,11,0.4534
4,13,12,0.3643
4,13,13,0.3923
4,13,14,0.2454
4,13,15,0.2297
4,13,16,0.1006
4,13,17,0.0674
4,13,18,0.0314
4,13,19,0.0001
4,13,20,0.0
4,13,21,0.0
4,13,22,0.0
4,13,23,0.0
4,14,0,0.0
4,14,1,0.0
4,14,2,0.0
4,14,3,0.0
4,14,4,0.0
4,14,5,0.0
4,14,6,0.0
4,14,7,0.0431
4,14,8,0.1441
4,14,9,0.3192
4,14,10,0.3932
4,14,11,0.4925
4,14,12,0.4385
4,14,13,0.6317
4,14,14,0.4048
4,14,15,0.4615
4,14,16,0.286
4,14,17,0.1655
4,14,18,0.0592
4,14,19,0.0015
4,14,20,0.0
4,14,21,0.0
4,14,22,0.0
4,14,23,0.0
4,15,0,0.0
4,15,1,0.0
4,15,2,0.0
4,15,3,0.0
4,15,4,0.0
4,15,5,0.0
4,15,6,0.0
4,15,7,0.0462
4,15,8,0.1581
4,15,9,0.2794
4,15,10,0.419
4,15,11,0.4494
4,15,12,0.4302
4,15,13,0.3799
4,15,14,0.4854
4,15,15,0.36
4,15,16,0.2932
4,15,17,0.1979
4,15,18,0.0706
4,15,19,0.0018
4,15,20,0.0
4,15,21,0.0
4,15,22,0.0
4,15,23,0.0
4,16,0,0.0
4,16,1,0.0
4,16,2,0.0
4,16,3,0.0
4,16,4,0.0
4,16,5,0.0
4,16,6,0.0002
4,16,7,0.0524
4,16,8,0.1858
4,16,9,0.3116
4,16,10,0.3833
4,16,11,0.433
4,16,12,0.5495
4,16,13,0.4983
4,16,14,0.4791
4,16,15,0.4216
4,16,16,0.3417
4,16,17,0.1704
4,16,18,0.0636
4,16,19,0.0022
4,16,20,0.0
4,16,21,0.0
4,16,22,0.0
4,16,23,0.0
4,17,0,0.0
4,17,1,0.0
4,17,2,0.0
4,17,3,0.0
4,17,4,0.0
4,17,5,0.0
4,17,6,0.0005
4,17,7,0.0503
4,17,8,0.167
4,17,9,0.3451
4,17,10,0.3989
4,17,11,0.444
4,17,12,0.3717
4,17,13,0.3396
4,17,14,0.2848
4,17,15,0.2515
4,17,16,0.2064
4,17,17,0.1344
4,17,18,0.0609
4,17,19,0.0029
4,17,20,0.0
4,17,21,0.0
4,17,22,0.0
4,17,23,0.0
4,18,0,0.0
4,18,1,0.0
4,18,2,0.0
4,18,3,0.0
4,18,4,0.0
4,18,5,0.0
4,18,6,0.0018
4,18,7,0.0652
4,18,8,0.2026
4,18,9,0.3568
4,18,10,0.522
4,18,11,0.5431
4,18,12,0.6508
4,18,13,0.6814
4,18,14,0.5504
4,18,15,0.4541
4,18,16,0.383
4,18,17,0.2092
4,18,18,0.0711
4,18,19,0.0029
4,18,20,0.0
4,18,21,0.0
4,18,22,0.0
4,18,23,0.0
4,19,0,0.0
4,19,1,0.0
4,19,2,0.0
4,19,3,0.0
4,19,4,0.0
4,19,5,0.0
4,19,6,0.0009
4,19,7,0.0247
4,19,8,0.127
4,19,9,0.2355
4,19,10,0.3868
4,19,11,0.3529
4,19,12,0.3887
4,19,13,0.442
4,19,14,0.4936
4,19,15,0.4433
4,19,16,0.3095
4,19,17,0.2525
4,19,18,0.0802
4,19,19,0.0048
4,19,20,0.0
4,19,21,0.0
4,19,22,0.0
4,19,23,0.0
4,20,0,0.0
4,20,1,0.0
4,20,2,0.0
4,20,3,0.0
4,20,4,0.0
4,20,5,0.0
4,20,6,0.0036
4,20,7,0.0514
4,20,8,0.1925
4,20,9,0.3717
4,20,10,0.4867
4,20,11,0.522
4,20,12,0.4731
4,20,13,0.5595
4,20,14,0.4905
4,20,15,0.4473
4,20,16,0.4139
4,20,17,0.254
4,20,18,0.0825
4,20,19,0.0063
4,20,20,0.0
4,20,21,0.0
4,20,22,0.0
4,20,23,0.0
4,21,0,0.0
4,21,1,0.0
4,21,2,0.0
4,21,3,0.0
4,21,4,0.0
4,21,5,0.0
4,21,6,0.0036
4,21,7,0.086
4,21,8,0.2691
4,21,9,0.4297
4,21,10,0.5727
4,21,11,0.5472
4,21,12,0.6766
4,21,13,0.6978
4,21,14,0.5913
4,21,15,0.4623
4,21,16,0.3313
4,21,17,0.2126
4,21,18,0.0915
4,21,19,0.0083
4,21,20,0.0
4,21,21,0.0
4,21,22,0.0
4,21,23,0.0
4,22,0,0.0
4,22,1,0.0
4,22,2,0.0
4,22,3,0.0
4,22,4,0.0
4,22,5,0.0
4,22,6,0.0049
4,22,7,0.0806
4,22,8,0.1764
4,22,9,0.2714
4,22,10,0.3792
4,22,11,0.4895
4,22,12,0.5472
4,22,13,0.6858
4,22,14,0.6277
4,22,15,0.5392
4,22,16,0.3742
4,22,17,0.2473
4,22,18,0.0879
4,22,19,0.0085
4,22,20,0.0
4,22,21,0.0
4,22,22,0.0
4,22,23,0.0
4,23,0,0.0
4,23,1,0.0
4,23,2,0.0
4,23,3,0.0
4,23,4,0.0
4,23,5,0.0
4,23,6,0.0069
4,23,7,0.0894
4,23,8,0.2736
4,23,9,0.4734
4,23,10,0.6073
4,23,11,0.723
4,23,12,0.6105
4,23,13,0.5265
4,23,14,0.4425
4,23,15,0.4188
4,23,16,0.3246
4,23,17,0.251
4,23,18,0.0908
4,23,19,0.0095
4,23,20,0.0
4,23,21,0.0
4,23,22,0.0
4,23,23,0.0
4,24,0,0.0
4,24,1,0.0
4,24,2,0.0
4,24,3,0.0
4,24,4,0.0
4,24,5,0.0
4,24,6,0.0039
4,24,7,0.0731
4,24,8,0.2283
4,24,9,0.3446
4,24,10,0.458
4,24,11,0.4313
4,24,12,0.4594
4,24,13,0.5386
4,24,14,0.3863
4,24,15,0.3728
4,24,16,0.2489
4,24,17,0.1583
4,24,18,0.0729
4,24,19,0.009
4,24,20,0.0
4,24,21,0.0
4,24,22,0.0
4,24,23,0.0
4,25,0,0.0
4,25,1,0.0
4,25,2,0.0
4,25,3,0.0
4,25,4,0.0
4,25,5,0.0
4,25,6,0.0027
4,25,7,0.0512
4,25,8,0.1771
4,25,9,0.3567
4,25,10,0.4592
4,25,11,0.3627
4,25,12,0.4114
4,25,13,0.3665
4,25,14,0.3904
4,25,15,0.3141
4,25,16,0.2545
4,25,17,0.2264
4,25,18,0.0649
4,25,19,0.0095
4,25,20,0.0
4,25,21,0.0
4,25,22,0.0
4,25,23,0.0
4,26,0,0.0
4,26,1,0.0
4,26,2,0.0
4,26,3,0.0
4,26,4,0.0
4,26,5,0.0
4,26,6,0.0085
4,26,7,0.0872
4,26,8,0.2512
4,26,9,0.3763
4,26,10,0.4252
4,26,11,0.5416
4,26,12,0.3743
4,26,13,0.3755
4,26,14,0.4402
4,26,15,0.3751
4,26,16,0.2095
4,26,17,0.1957
4,26,18,0.0865
4,26,19,0.0136
4,26,20,0.0
4,26,21,0.0
4,26,22,0.0
4,26,23,0.0
4,27,0,0.0
4,27,1,0.0
4,27,2,0.0
4,27,3,0.0
4,27,4,0.0
4,27,5,0.0
4,27,6,0.008
4,27,7,0.0858
4,27,8,0.262
4,27,9,0.4268
4,27,10,0.4847
4,27,11,0.4132
4,27,12,0.3757
4,27,13,0.4689
4,27,14,0.4262
4,27,15,0.3929
4,27,16,0.3129
4,27,17,0.1889
4,27,18,0.0806
4,27,19,0.0139
4,27,20,0.0
4,27,21,0.0
4,27,22,0.0
4,27,23,0.0
4,28,0,0.0
4,28,1,0.0
4,28,2,0.0
4,28,3,0.0
4,28,4,0.0
4,28,5,0.0
4,28,6,0.0116
4,28,7,0.0842
4,28,8,0.2234
4,28,9,0.4117
4,28,10,0.5172
4,28,11,0.6262
4,28,12,0.5245
4,28,13,0.5224
4,28,14,0.5439
4,28,15,0.3658
4,28,16,0.2438
4,28,17,0.1851
4,28,18,0.0799
4,28,19,0.0118
4,28,20,0.0
4,28,21,0.0
4,28,22,0.0
4,28,23,0.0
4,29,0,0.0
4,29,1,0.0
4,29,2,0.0
4,29,3,0.0
4,29,4,0.0
4,29,5,0.0
4,29,6,0.0052
4,29,7,0.029
4,29,8,0.1194
4,29,9,0.2885
4,29,10,0.3603
4,29,11,0.434
4,29,12,0.3471
4,29,13,0.3187
4,29,14,0.3716
4,29,15,0.2638
4,29,16,0.1544
4,29,17,0.1276
4,29,18,0.0452
4,29,19,0.0132
4,29,20,0.0
4,29,21,0.0
4,29,22,0.0
4,29,23,0.0
4,30,0,0.0
4,30,1,0.0
4,30,2,0.0
4,30,3,0.0
4,30,4,0.0
4,30,5,0.0
4,30,6,0.0021
4,30,7,0.0529
4,30,8,0.1591
4,30,9,0.3181
4,30,10,0.5082
4,30,11,0.5868
4,30,12,0.5677
4,30,13,0.5587
4,30,14,0.4858
4,30,15,0.4793
4,30,16,0.4334
4,30,17,0.2498
4,30,18,0.0965
4,30,19,0.0161
4,30,20,0.0
4,30,21,0.0
4,30,22,0.0
4,30,23,0.0
5,1,0,0.0
5,1,1,0.0
5,1,2,0.0
5,1,3,0.0
5,1,4,0.0
5,1,5,0.0
5,1,6,0.0051
5,1,7,0.0806
5,1,8,0.2209
5,1,9,0.3568
5,1,10,0.4592
5,1,11,0.5134
5,1,12,0.5105
5,1,13,0.4114
5,1,14,0.3895
5,1,15,0.3782
5,1,16,0.2638
5,1,17,0.2216
5,1,18,0.0822
5,1,19,0.0156
5,1,20,0.0
5,1,21,0.0
5,1,22,0.0
5,1,23,0.0
5,2,0,0.0
5,2,1,0.0
5,2,2,0.0
5,2,3,0.0
5,2,4,0.0
5,2,5,0.0
5,2,6,0.0102
5,2,7,0.0749
5,2,8,0.1785
5,2,9,0.2987
5,2,10,0.405
5,2,11,0.4067
5,2,12,0.3165
5,2,13,0.3621
5,2,14,0.4125
5,2,15,0.2215
5,2,16,0.2703
5,2,17,0.1442
5,2,18,0.0501
5,2,19,0.0146
5,2,20,0.0
5,2,21,0.0
5,2,22,0.0
5,2,23,0.0
5,3,0,0.0
5,3,1,0.0
5,3,2,0.0
5,3,3,0.0
5,3,4,0.0
5,3,5,0.0
5,3,6,0.0051
5,3,7,0.0349
5,3,8,0.1105
5,3,9,0.1711
5,3,10,0.3159
5,3,11,0.2905
5,3,12,0.2674
5,3,13,0.2904
5,3,14,0.3562
5,3,15,0.1938
5,3,16,0.1522
5,3,17,0.1886
5,3,18,0.0698
5,3,19,0.0196
5,3,20,0.0
5,3,21,0.0
5,3,22,0.0
5,3,23,0.0
5,4,0,0.0
5,4,1,0.0
5,4,2,0.0
5,4,3,0.0
5,4,4,0.0
5,4,5,0.0
5,4,6,0.0138
5,4,7,0.0961
5,4,8,0.3006
5,4,9,0.5184
5,4,10,0.6209
5,4,11,0.6501
5,4,12,0.6153
5,4,13,0.6032
5,4,14,0.5043
5,4,15,0.3834
5,4,16,0.2639
5,4,17,0.1955
5,4,18,0.0794
5,4,19,0.0184
5,4,20,0.0
5,4,21,0.0
5,4,22,0.0
5,4,23,0.0
5,5,0,0.0
5,5,1,0.0
5,5,2,0.0
5,5,3,0.0
5,5,4,0.0
5,5,5,0.0
5,5,6,0.0104
5,5,7,0.056
5,5,8,0.1553
5,5,9,0.3115
5,5,10,0.5022
5,5,11,0.4449
5,5,12,0.4478
5,5,13,0.3937
5,5,14,0.4085
5,5,15,0.3342
5,5,16,0.2401
5,5,17,0.1725
5,5,18,0.0816
5,5,19,0.0127
5,5,20,0.0
5,5,21,0.0
5,5,22,0.0
5,5,23,0.0
5,6,0,0.0
5,6,1,0.0
5,6,2,0.0
5,6,3,0.0
5,6,4,0.0
5,6,5,0.0
5,6,6,0.0063
5,6,7,0.0586
5,6,8,0.1491
5,6,9,0.2001
5,6,10,0.2294
5,6,11,0.2143
5,6,12,0.1394
5,6,13,0.1842
5,6,14,0.1947
5,6,15,0.2318
5,6,16,0.198
5,6,17,0.1494
5,6,18,0.0543
5,6,19,0.0167
5,6,20,0.0
5,6,21,0.0
5,6,22,0.0
5,6,23,0.0
5,7,0,0.0
5,7,1,0.0
5,7,2,0.0
5,7,3,0.0
5,7,4,0.0
5,7,5,0.0
5,7,6,0.0139
5,7,7,0.0821
5,7,8,0.1844
5,7,9,0.2475
5,7,10,0.3045
5,7,11,0.2419
5,7,12,0.2072
5,7,13,0.1871
5,7,14,0.2197
5,7,15,0.2234
5,7,16,0.2099
5,7,17,0.1323
5,7,18,0.1037
5,7,19,0.019
5,7,20,0.0
5,7,21,0.0
5,7,22,0.0
5,7,23,0.0
5,8,0,0.0
5,8,1,0.0
5,8,2,0.0
5,8,3,0.0
5,8,4,0.0
5,8,5,0.0
5,8,6,0.0218
5,8,7,0.1186
5,8,8,0.2537
5,8,9,0.4308
5,8,10,0.6007
5,8,11,0.5205
5,8,12,0.6049
5,8,13,0.517
5,8,14,0.5613
5,8,15,0.4854
5,8,16,0.2799
5,8,17,0.2329
5,8,18,0.0995
5,8,19,0.0189
5,8,20,0.0
5,8,21,0.0
5,8,22,0.0
5,8,23,0.0
5,9,0,0.0
5,9,1,0.0
5,9,2,0.0
5,9,3,0.0
5,9,4,0.0
5,9,5,0.0
5,9,6,0.0216
5,9,7,0.091
5,9,8,0.244
5,9,9,0.4321
5,9,10,0.5587
5,9,11,0.5853
5,9,12,0.6195
5,9,13,0.6248
5,9,14,0.572
5,9,15,0.5047
5,9,16,0.4095
5,9,17,0.2561
5,9,18,0.1006
5,9,19,0.0212
5,9,20,0.0
5,9,21,0.0
5,9,22,0.0
5,9,23,0.0
5,10,0,0.0
5,10,1,0.0
5,10,2,0.0
5,10,3,0.0
5,10,4,0.0
5,10,5,0.0
5,10,6,0.0233
5,10,7,0.1236
5,10,8,0.3092
5,10,9,0.4825
5,10,10,0.5307
5,10,11,0.5956
5,10,12,0.5288
5,10,13,0.513
5,10,14,0.5469
5,10,15,0.3727
5,10,16,0.2694
5,10,17,0.2107
5,10,18,0.0703
5,10,19,0.0192
5,10,20,0.0
5,10,21,0.0
5,10,22,0.0
5,10,23,0.0
5,11,0,0.0
5,11,1,0.0
5,11,2,0.0
5,11,3,0.0
5,11,4,0.0
5,11,5,0.0
5,11,6,0.0246
5,11,7,0.1174
5,11,8,0.316
5,11,9,0.5006
5,11,10,0.6563
5,11,11,0.6803
5,11,12,0.7241
5,11,13,0.6794
5,11,14,0.5681
5,11,15,0.4405
5,11,16,0.3496
5,11,17,0.2419
5,11,18,0.0964
5,11,19,0.0213
5,11,20,0.0
5,11,21,0.0
5,11,22,0.0
5,11,23,0.0
5,12,0,0.0
5,12,1,0.0
5,12,2,0.0
5,12,3,0.0
5,12,4,0.0
5,12,5,0.0
5,12,6,0.0176
5,12,7,0.0813
5,12,8,0.2356
5,12,9,0.3754
5,12,10,0.4475
5,12,11,0.6134
5,12,12,0.5367
5,12,13,0.4586
5,12,14,0.4125
5,12,15,0.3757
5,12,16,0.3261
5,12,17,0.2218
5,12,18,0.0931
5,12,19,0.0234
5,12,20,0.0
5,12,21,0.0
5,12,22,0.0
5,12,23,0.0
5,13,0,0.0
5,13,1,0.0
5,13,2,0.0
5,13,3,0.0
5,13,4,0.0
5,13,5,0.0
5,13,6,0.0109
5,13,7,0.0826
5,13,8,0.2005
5,13,9,0.3369
5,13,10,0.3732
5,13,11,0.5243
5,13,12,0.4571
5,13,13,0.5168
5,13,14,0.3484
5,13,15,0.1817
5,13,16,0.1658
5,13,17,0.1133
5,13,18,0.0532
5,13,19,0.0171
5,13,20,0.0
5,13,21,0.0
5,13,22,0.0
5,13,23,0.0
5,14,0,0.0
5,14,1,0.0
5,14,2,0.0
5,14,3,0.0
5,14,4,0.0
5,14,5,0.0
5,14,6,0.02
5,14,7,0.0656
5,14,8,0.1467
5,14,9,0.2299
5,14,10,0.3607
5,14,11,0.3438
5,14,12,0.306
5,14,13,0.3115
5,14,14,0.2761
5,14,15,0.2305
5,14,16,0.1964
5,14,17,0.1771
5,14,18,0.0857
5,14,19,0.0244
5,14,20,0.0
5,14,21,0.0
5,14,22,0.0
5,14,23,0.0
5,15,0,0.0
5,15,1,0.0
5,15,2,0.0
5,15,3,0.0
5,15,4,0.0
5,15,5,0.0
5,15,6,0.0128
5,15,7,0.0759
5,15,8,0.1671
5,15,9,0.258
5,15,10,0.322
5,15,11,0.3278
5,15,12,0.3383
5,15,13,0.3808
5,15,14,0.3364
5,15,15,0.297
5,15,16,0.3065
5,15,17,0.208
5,15,18,0.08
5,15,19,0.0249
5,15,20,0.0
5,15,21,0.0
5,15,22,0.0
5,15,23,0.0
5,16,0,0.0
5,16,1,0.0
5,16,2,0.0
5,16,3,0.0
5,16,4,0.0
5,16,5,0.0
5,16,6,0.0215
5,16,7,0.0883
5,16,8,0.2128
5,16,9,0.3188
5,16,10,0.443
5,16,11,0.4831
5,16,12,0.4407
5,16,13,0.485
5,16,14,0.4029
5,16,15,0.3644
5,16,16,0.2713
5,16,17,0.2394
5,16,18,0.1074
5,16,19,0.0245
5,16,20,0.0
5,16,21,0.0
5,16,22,0.0
5,16,23,0.0
5,17,0,0.0
5,17,1,0.0
5,17,2,0.0
5,17,3,0.0
5,17,4,0.0
5,17,5,0.0
5,17,6,0.017
5,17,7,0.0501
5,17,8,0.1143
5,17,9,0.2244
5,17,10,0.2804
5,17,11,0.1887
5,17,12,0.3212
5,17,13,0.3386
5,17,14,0.2916
5,17,15,0.2028
5,17,16,0.1922
5,17,17,0.0986
5,17,18,0.0622
5,17,19,0.0134
5,17,20,0.0
5,17,21,0.0
5,17,22,0.0
5,17,23,0.0
5,18,0,0.0
5,18,1,0.0
5,18,2,0.0
5,18,3,0.0
5,18,4,0.0
5,18,5,0.0
5,18,6,0.0257
5,18,7,0.1015
5,18,8,0.2305
5,18,9,0.3684
5,18,10,0.447
5,18,11,0.5289
5,18,12,0.5778
5,18,13,0.6026
5,18,14,0.5041
5,18,15,0.4821
5,18,16,0.3228
5,18,17,0.2044
5,18,18,0.1127
5,18,19,0.0297
5,18,20,0.0
5,18,21,0.0
5,18,22,0.0
5,18,23,0.0
5,19,0,0.0
5,19,1,0.0
5,19,2,0.0
5,19,3,0.0
5,19,4,0.0
5,19,5,0.0
5,19,6,0.0229
5,19,7,0.0999
5,19,8,0.2397
5,19,9,0.3943
5,19,10,0.528
5,19,11,0.5628
5,19,12,0.6187
5,19,13,0.5977
5,19,14,0.4399
5,19,15,0.2667
5,19,16,0.2186
5,19,17,0.2318
5,19,18,0.0971
5,19,19,0.0292
5,19,20,0.0
5,19,21,0.0
5,19,22,0.0
5,19,23,0.0
5,20,0,0.0
5,20,1,0.0
5,20,2,0.0
5,20,3,0.0
5,20,4,0.0
5,20,5,0.0
5,20,6,0.0163
5,20,7,0.1008
5,20,8,0.1741
5,20,9,0.3205
5,20,10,0.4833
5,20,11,0.545
5,20,12,0.5294
5,20,13,0.6261
5,20,14,0.5707
5,20,15,0.5609
5,20,16,0.3871
5,20,17,0.2676
5,20,18,0.1259
5,20,19,0.0326
5,20,20,0.0
5,20,21,0.0
5,20,22,0.0
5,20,23,0.0
5,21,0,0.0
5,21,1,0.0
5,21,2,0.0
5,21,3,0.0
5,21,4,0.0
5,21,5,0.0
5,21,6,0.0234
5,21,7,0.0867
5,21,8,0.1938
5,21,9,0.3629
5,21,10,0.5774
5,21,11,0.6835
5,21,12,0.6968
5,21,13,0.7273
5,21,14,0.5694
5,21,15,0.4906
5,21,16,0.3663
5,21,17,0.2571
5,21,18,0.1049
5,21,19,0.0266
5,21,20,0.0
5,21,21,0.0
5,21,22,0.0
5,21,23,0.0
5,22,0,0.0
5,22,1,0.0
5,22,2,0.0
5,22,3,0.0
5,22,4,0.0
5,22,5,0.0
5,22,6,0.0249
5,22,7,0.1064
5,22,8,0.2477
5,22,9,0.2626
5,22,10,0.4406
5,22,11,0.4111
5,22,12,0.411
5,22,13,0.4207
5,22,14,0.4251
5,22,15,0.3934
5,22,16,0.2871
5,22,17,0.2228
5,22,18,0.11
5,22,19,0.0376
5,22,20,0.0001
5,22,21,0.0
5,22,22,0.0
5,22,23,0.0
5,23,0,0.0
5,23,1,0.0
5,23,2,0.0
5,23,3,0.0
5,23,4,0.0
5,23,5,0.0
5,23,6,0.0352
5,23,7,0.102
5,23,8,0.2319
5,23,9,0.3116
5,23,10,0.4147
5,23,11,0.4887
5,23,12,0.4131
5,23,13,0.3891
5,23,14,0.2536
5,23,15,0.1917
5,23,16,0.128
5,23,17,0.1149
5,23,18,0.0662
5,23,19,0.0254
5,23,20,0.0001
5,23,21,0.0
5,23,22,0.0
5,23,23,0.0
5,24,0,0.0
5,24,1,0.0
5,24,2,0.0
5,24,3,0.0
5,24,4,0.0
5,24,5,0.0
5,24,6,0.0086
5,24,7,0.0506
5,24,8,0.1415
5,24,9,0.2387
5,24,10,0.3127
5,24,11,0.3722
5,24,12,0.2882
5,24,13,0.3414
5,24,14,0.3858
5,24,15,0.2845
5,24,16,0.2091
5,24,17,0.1709
5,24,18,0.0501
5,24,19,0.025
5,24,20,0.0
5,24,21,0.0
5,24,22,0.0
5,24,23,0.0
5,25,0,0.0
5,25,1,0.0
5,25,2,0.0
5,25,3,0.0
5,25,4,0.0
5,25,5,0.0
5,25,6,0.0125
5,25,7,0.0458
5,25,8,0.0936
5,25,9,0.1622
5,25,10,0.2393
5,25,11,0.3098
5,25,12,0.2591
5,25,13,0.2729
5,25,14,0.2025
5,25,15,0.1974
5,25,16,0.2448
5,25,17,0.1547
5,25,18,0.0845
5,25,19,0.0311
5,25,20,0.0001
5,25,21,0.0
5,25,22,0.0
5,25,23,0.0
5,26,0,0.0
5,26,1,0.0
5,26,2,0.0
5,26,3,0.0
5,26,4,0.0
5,26,5,0.0
5,26,6,0.0201
5,26,7,0.0996
5,26,8,0.2608
5,26,9,0.4083
5,26,10,0.526
5,26,11,0.5016
5,26,12,0.4397
5,26,13,0.5195
5,26,14,0.3479
5,26,15,0.4219
5,26,16,0.4241
5,26,17,0.2281
5,26,18,0.1133
5,26,19,0.0385
5,26,20,0.0002
5,26,21,0.0
5,26,22,0.0
5,26,23,0.0
5,27,0,0.0
5,27,1,0.0
5,27,2,0.0
5,27,3,0.0
5,27,4,0.0
5,27,5,0.0
5,27,6,0.0275
5,27,7,0.1075
5,27,8,0.2661
5,27,9,0.3946
5,27,10,0.5753
5,27,11,0.6018
5,27,12,0.5256
5,27,13,0.4422
5,27,14,0.4146
5,27,15,0.3575
5,27,16,0.2884
5,27,17,0.2148
5,27,18,0.1032
5,27,19,0.0351
5,27,20,0.0007
5,27,21,0.0
5,27,22,0.0
5,27,23,0.0
5,28,0,0.0
5,28,1,0.0
5,28,2,0.0
5,28,3,0.0
5,28,4,0.0
5,28,5,0.0
5,28,6,0.0413
5,28,7,0.1381
5,28,8,0.2642
5,28,9,0.4364
5,28,10,0.4781
5,28,11,0.4534
5,28,12,0.4381
5,28,13,0.356
5,28,14,0.3744
5,28,15,0.3488
5,28,16,0.3518
5,28,17,0.2646
5,28,18,0.1204
5,28,19,0.0365
5,28,20,0.0004
5,28,21,0.0
5,28,22,0.0
5,28,23,0.0
5,29,0,0.0
5,29,1,0.0
5,29,2,0.0
5,29,3,0.0
5,29,4,0.0
5,29,5,0.0
5,29,6,0.0146
5,29,7,0.0702
5,29,8,0.2198
5,29,9,0.3213
5,29,10,0.419
5,29,11,0.4356
5,29,12,0.4436
5,29,13,0.418
5,29,14,0.316
5,29,15,0.3242
5,29,16,0.3173
5,29,17,0.2323
5,29,18,0.1023
5,29,19,0.0325
5,29,20,0.0011
5,29,21,0.0
5,29,22,0.0
5,29,23,0.0
5,30,0,0.0
5,30,1,0.0
5,30,2,0.0
5,30,3,0.0
5,30,4,0.0
5,30,5,0.0
5,30,6,0.0182
5,30,7,0.0826
5,30,8,0.1261
5,30,9,0.241
5,30,10,0.295
5,30,11,0.4438
5,30,12,0.2337
5,30,13,0.4006
5,30,14,0.3355
5,30,15,0.2945
5,30,16,0.2868
5,30,17,0.2024
5,30,18,0.1068
5,30,19,0.0315
5,30,20,0.002
5,30,21,0.0
5,30,22,0.0
5,30,23,0.0
5,31,0,0.0
5,31,1,0.0
5,31,2,0.0
5,31,3,0.0
5,31,4,0.0
5,31,5,0.0
5,31,6,0.0268
5,31,7,0.115
5,31,8,0.2753
5,31,9,0.3853
5,31,10,0.5131
5,31,11,0.4763
5,31,12,0.5668
5,31,13,0.5727
5,31,14,0.5938
5,31,15,0.4969
5,31,16,0.3282
5,31,17,0.224
5,31,18,0.1214
5,31,19,0.032
5,31,20,0.0023
5,31,21,0.0
5,31,22,0.0
5,31,23,0.0
6,1,0,0.0
6,1,1,0.0
6,1,2,0.0
6,1,3,0.0
6,1,4,0.0
6,1,5,0.0
6,1,6,0.0337
6,1,7,0.1137
6,1,8,0.2898
6,1,9,0.4642
6,1,10,0.5627
6,1,11,0.6176
6,1,12,0.6842
6,1,13,0.526
6,1,14,0.4963
6,1,15,0.3255
6,1,16,0.3859
6,1,17,0.2949
6,1,18,0.139
6,1,19,0.0362
6,1,20,0.003
6,1,21,0.0
6,1,22,0.0
6,1,23,0.0
6,2,0,0.0
6,2,1,0.0
6,2,2,0.0
6,2,3,0.0
6,2,4,0.0
6,2,5,0.0011
6,2,6,0.0281
6,2,7,0.1078
6,2,8,0.3183
6,2,9,0.4448
6,2,10,0.5138
6,2,11,0.6186
6,2,12,0.6388
6,2,13,0.5493
6,2,14,0.6286
6,2,15,0.4707
6,2,16,0.3636
6,2,17,0.314
6,2,18,0.1349
6,2,19,0.0349
6,2,20,0.003
6,2,21,0.0
6,2,22,0.0
6,2,23,0.0
6,3,0,0.0
6,3,1,0.0
6,3,2,0.0
6,3,3,0.0
6,3,4,0.0
6,3,5,0.0024
6,3,6,0.0339
6,3,7,0.1444
6,3,8,0.3387
6,3,9,0.5148
6,3,10,0.5991
6,3,11,0.702
6,3,12,0.7638
6,3,13,0.7274
6,3,14,0.6916
6,3,15,0.6154
6,3,16,0.475
6,3,17,0.3239
6,3,18,0.1462
6,3,19,0.0373
6,3,20,0.0059
6,3,21,0.0
6,3,22,0.0
6,3,23,0.0
6,4,0,0.0
6,4,1,0.0
6,4,2,0.0
6,4,3,0.0
6,4,4,0.0
6,4,5,0.0033
6,4,6,0.0338
6,4,7,0.1158
6,4,8,0.3003
6,4,9,0.4612
6,4,10,0.5748
6,4,11,0.6815
6,4,12,0.6876
6,4,13,0.6377
6,4,14,0.5779
6,4,15,0.5108
6,4,16,0.4048
6,4,17,0.262
6,4,18,0.1172
6,4,19,0.0357
6,4,20,0.0017
6,4,21,0.0
6,4,22,0.0
6,4,23,0.0
6,5,0,0.0
6,5,1,0.0
6,5,2,0.0
6,5,3,0.0
6,5,4,0.0
6,5,5,0.0018
6,5,6,0.0277
6,5,7,0.1015
6,5,8,0.2229
6,5,9,0.3413
6,5,10,0.5046
6,5,11,0.5002
6,5,12,0.5479
6,5,13,0.5534
6,5,14,0.4946
6,5,15,0.3827
6,5,16,0.312
6,5,17,0.2339
6,5,18,0.1037
6,5,19,0.0276
6,5,20,0.004
6,5,21,0.0
6,5,22,0.0
6,5,23,0.0
6,6,0,0.0
6,6,1,0.0
6,6,2,0.0
6,6,3,0.0
6,6,4,0.0
6,6,5,0.0019
6,6,6,0.0293
6,6,7,0.1317
6,6,8,0.3024
6,6,9,0.4026
6,6,10,0.5411
6,6,11,0.6402
6,6,12,0.6431
6,6,13,0.5739
6,6,14,0.4584
6,6,15,0.3544
6,6,16,0.3223
6,6,17,0.1669
6,6,18,0.0825
6,6,19,0.0301
6,6,20,0.0048
6,6,21,0.0
6,6,22,0.0
6,6,23,0.0
6,7,0,0.0
6,7,1,0.0
6,7,2,0.0
6,7,3,0.0
6,7,4,0.0
6,7,5,0.0028
6,7,6,0.0192
6,7,7,0.0658
6,7,8,0.2061
6,7,9,0.3509
6,7,10,0.5454
6,7,11,0.5218
6,7,12,0.607
6,7,13,0.6254
6,7,14,0.3955
6,7,15,0.509
6,7,16,0.4458
6,7,17,0.2243
6,7,18,0.1297
6,7,19,0.031
6,7,20,0.0045
6,7,21,0.0
6,7,22,0.0
6,7,23,0.0
6,8,0,0.0
6,8,1,0.0
6,8,2,0.0
6,8,3,0.0
6,8,4,0.0
6,8,5,0.0019
6,8,6,0.0312
6,8,7,0.0931
6,8,8,0.2065
6,8,9,0.3208
6,8,10,0.3967
6,8,11,0.472
6,8,12,0.3485
6,8,13,0.4587
6,8,14,0.2832
6,8,15,0.4085
6,8,16,0.2734
6,8,17,0.2134
6,8,18,0.1134
6,8,19,0.0302
6,8,20,0.004
6,8,21,0.0
6,8,22,0.0
6,8,23,0.0
6,9,0,0.0
6,9,1,0.0
6,9,2,0.0
6,9,3,0.0
6,9,4,0.0
6,9,5,0.004
6,9,6,0.024
6,9,7,0.0727
6,9,8,0.2192
6,9,9,0.3372
6,9,10,0.4496
6,9,11,0.3643
6,9,12,0.4099
6,9,13,0.308
6,9,14,0.2745
6,9,15,0.2958
6,9,16,0.2399
6,9,17,0.1934
6,9,18,0.0901
6,9,19,0.0213
6,9,20,0.0043
6,9,21,0.0
6,9,22,0.0
6,9,23,0.0
6,10,0,0.0
6,10,1,0.0
6,10,2,0.0
6,10,3,0.0
6,10,4,0.0
6,10,5,0.0016
6,10,6,0.0219
6,10,7,0.0841
6,10,8,0.163
6,10,9,0.2483
6,10,10,0.3534
6,10,11,0.425
6,10,12,0.3573
6,10,13,0.5118
6,10,14,0.4103
6,10,15,0.4236
6,10,16,0.2856
6,10,17,0.1801
6,10,18,0.094
6,10,19,0.0325
6,10,20,0.0066
6,10,21,0.0
6,10,22,0.0
6,10,23,0.0
6,11,0,0.0
6,11,1,0.0
6,11,2,0.0
6,11,3,0.0
6,11,4,0.0
6,11,5,0.0013
6,11,6,0.0264
6,11,7,0.1104
6,11,8,0.2852
6,11,9,0.4426
6,11,10,0.5565
6,11,11,0.6367
6,11,12,0.5894
6,11,13,0.6874
6,11,14,0.5666
6,11,15,0.4422
6,11,16,0.2998
6,11,17,0.1848
6,11,18,0.0983
6,11,19,0.0446
6,11,20,0.0087
6,11,21,0.0
6,11,22,0.0
6,11,23,0.0
6,12,0,0.0
6,12,1,0.0
6,12,2,0.0
6,12,3,0.0
6,12,4,0.0
6,12,5,0.0013
6,12,6,0.0358
6,12,7,0.1364
6,12,8,0.2919
6,12,9,0.4344
6,12,10,0.4045
6,12,11,0.4489
6,12,12,0.5649
6,12,13,0.575
6,12,14,0.5873
6,12,15,0.4363
6,12,16,0.3845
6,12,17,0.2532
6,12,18,0.144
6,12,19,0.0359
6,12,20,0.0077
6,12,21,0.0
6,12,22,0.0
6,12,23,0.0
6,13,0,0.0
6,13,1,0.0
6,13,2,0.0
6,13,3,0.0
6,13,4,0.0
6,13,5,0.0015
6,13,6,0.0373
6,13,7,0.12
6,13,8,0.2391
6,13,9,0.353
6,13,10,0.4447
6,13,11,0.5154
6,13,12,0.4925
6,13,13,0.5386
6,13,14,0.4963
6,13,15,0.3721
6,13,16,0.3539
6,13,17,0.2022
6,13,18,0.1146
6,13,19,0.0469
6,13,20,0.0077
6,13,21,0.0
6,13,22,0.0
6,13,23,0.0
6,14,0,0.0
6,14,1,0.0
6,14,2,0.0
6,14,3,0.0
6,14,4,0.0
6,14,5,0.0022
6,14,6,0.0293
6,14,7,0.0845
6,14,8,0.212
6,14,9,0.3009
6,14,10,0.3624
6,14,11,0.3978
6,14,12,0.4157
6,14,13,0.4865
6,14,14,0.4288
6,14,15,0.4277
6,14,16,0.3488
6,14,17,0.2747
6,14,18,0.1447
6,14,19,0.0356
6,14,20,0.0084
6,14,21,0.0
6,14,22,0.0
6,14,23,0.0
6,15,0,0.0
6,15,1,0.0
6,15,2,0.0
6,15,3,0.0
6,15,4,0.0
6,15,5,0.0038
6,15,6,0.0459
6,15,7,0.13
6,15,8,0.2945
6,15,9,0.4234
6,15,10,0.5519
6,15,11,0.6378
6,15,12,0.6623
6,15,13,0.6035
6,15,14,0.6135
6,15,15,0.5109
6,15,16,0.3934
6,15,17,0.2475
6,15,18,0.1392
6,15,19,0.0358
6,15,20,0.011
6,15,21,0.0
6,15,22,0.0
6,15,23,0.0
6,16,0,0.0
6,16,1,0.0
6,16,2,0.0
6,16,3,0.0
6,16,4,0.0
6,16,5,0.005
6,16,6,0.0371
6,16,7,0.1247
6,16,8,0.2833
6,16,9,0.4159
6,16,10,0.4998
6,16,11,0.5478
6,16,12,0.4852
6,16,13,0.3028
6,16,14,0.306
6,16,15,0.2182
6,16,16,0.2803
6,16,17,0.2101
6,16,18,0.0789
6,16,19,0.0318
6,16,20,0.0063
6,16,21,0.0
6,16,22,0.0
6,16,23,0.0
6,17,0,0.0
6,17,1,0.0
6,17,2,0.0
6,17,3,0.0
6,17,4,0.0
6,17,5,0.0033
6,17,6,0.0291
6,17,7,0.08
6,17,8,0.2054
6,17,9,0.3316
6,17,10,0.4441
6,17,11,0.5358
6,17,12,0.5717
6,17,13,0.6257
6,17,14,0.6251
6,17,15,0.5535
6,17,16,0.4179
6,17,17,0.227
6,17,18,0.1253
6,17,19,0.0369
6,17,20,0.0093
6,17,21,0.0
6,17,22,0.0
6,17,23,0.0
6,18,0,0.0
6,18,1,0.0
6,18,2,0.0
6,18,3,0.0
6,18,4,0.0
6,18,5,0.0017
6,18,6,0.0381
6,18,7,0.1115
6,18,8,0.2623
6,18,9,0.4013
6,18,10,0.4706
6,18,11,0.4963
6,18,12,0.5938
6,18,13,0.5871
6,18,14,0.5945
6,18,15,0.364
6,18,16,0.4208
6,18,17,0.2627
6,18,18,0.1259
6,18,19,0.0272
6,18,20,0.0084
6,18,21,0.0
6,18,22,0.0
6,18,23,0.0
6,19,0,0.0
6,19,1,0.0
6,19,2,0.0
6,19,3,0.0
6,19,4,0.0
6,19,5,0.0008
6,19,6,0.0411
6,19,7,0.1126
6,19,8,0.2535
6,19,9,0.4031
6,19,10,0.4983
6,19,11,0.5222
6,19,12,0.5813
6,19,13,0.6752
6,19,14,0.4957
6,19,15,0.4488
6,19,16,0.381
6,19,17,0.2629
6,19,18,0.134
6,19,19,0.0327
6,19,20,0.0074
6,19,21,0.0
6,19,22,0.0
6,19,23,0.0
6,20,0,0.0
6,20,1,0.0
6,20,2,0.0
6,20,3,0.0
6,20,4,0.0
6,20,5,0.002
6,20,6,0.0294
6,20,7,0.0892
6,20,8,0.2169
6,20,9,0.3408
6,20,10,0.4661
6,20,11,0.5379
6,20,12,0.6162
6,20,13,0.5311
6,20,14,0.3326
6,20,15,0.3061
6,20,16,0.2337
6,20,17,0.1548
6,20,18,0.1239
6,20,19,0.0387
6,20,20,0.0084
6,20,21,0.0
6,20,22,0.0
6,20,23,0.0
6,21,0,0.0
6,21,1,0.0
6,21,2,0.0
6,21,3,0.0
6,21,4,0.0
6,21,5,0.002
6,21,6,0.0347
6,21,7,0.1078
6,21,8,0.245
6,21,9,0.3152
6,21,10,0.3279
6,21,11,0.4125
6,21,12,0.4424
6,21,13,0.4079
6,21,14,0.3961
6,21,15,0.3359
6,21,16,0.257
6,21,17,0.1896
6,21,18,0.099
6,21,19,0.0422
6,21,20,0.0038
6,21,21,0.0
6,21,22,0.0
6,21,23,0.0
6,22,0,0.0
6,22,1,0.0
6,22,2,0.0
6,22,3,0.0
6,22,4,0.0
6,22,5,0.0022
6,22,6,0.0406
6,22,7,0.1078
6,22,8,0.2291
6,22,9,0.2957
6,22,10,0.361
6,22,11,0.3929
6,22,12,0.5179
6,22,13,0.5424
6,22,14,0.4939
6,22,15,0.3853
6,22,16,0.382
6,22,17,0.2079
6,22,18,0.1119
6,22,19,0.0381
6,22,20,0.0055
6,22,21,0.0
6,22,22,0.0
6,22,23,0.0
6,23,0,0.0
6,23,1,0.0
6,23,2,0.0
6,23,3,0.0
6,23,4,0.0
6,23,5,0.0011
6,23,6,0.0281
6,23,7,0.0715
6,23,8,0.1918
6,23,9,0.3081
6,23,10,0.4045
6,23,11,0.539
6,23,12,0.4848
6,23,13,0.4964
6,23,14,0.5284
6,23,15,0.3636
6,23,16,0.3036
6,23,17,0.2474
6,23,18,0.1176
6,23,19,0.0421
6,23,20,0.0069
6,23,21,0.0
6,23,22,0.0
6,23,23,0.0
6,24,0,0.0
6,24,1,0.0
6,24,2,0.0
6,24,3,0.0
6,24,4,0.0
6,24,5,0.0013
6,24,6,0.029
6,24,7,0.1015
6,24,8,0.1433
6,24,9,0.2787
6,24,10,0.3544
6,24,11,0.3885
6,24,12,0.3798
6,24,13,0.4091
6,24,14,0.4154
6,24,15,0.3688
6,24,16,0.321
6,24,17,0.1646
6,24,18,0.1124
6,24,19,0.0376
6,24,20,0.0079
6,24,21,0.0
6,24,22,0.0
6,24,23,0.0
6,25,0,0.0
6,25,1,0.0
6,25,2,0.0
6,25,3,0.0
6,25,4,0.0
6,25,5,0.0007
6,25,6,0.0308
6,25,7,0.1326
6,25,8,0.2825
6,25,9,0.4199
6,25,10,0.5582
6,25,11,0.5568
6,25,12,0.5513
6,25,13,0.5255
6,25,14,0.5326
6,25,15,0.4555
6,25,16,0.3698
6,25,17,0.2505
6,25,18,0.1213
6,25,19,0.0346
6,25,20,0.0103
6,25,21,0.0
6,25,22,0.0
6,25,23,0.0
6,26,0,0.0
6,26,1,0.0
6,26,2,0.0
6,26,3,0.0
6,26,4,0.0
6,26,5,0.0013
6,26,6,0.0289
6,26,7,0.1038
6,26,8,0.2582
6,26,9,0.3664
6,26,10,0.4798
6,26,11,0.5053
6,26,12,0.639
6,26,13,0.6418
6,26,14,0.6007
6,26,15,0.4848
6,26,16,0.3779
6,26,17,0.3112
6,26,18,0.119
6,26,19,0.0368
6,26,20,0.0086
6,26,21,0.0
6,26,22,0.0
6,26,23,0.0
6,27,0,0.0
6,27,1,0.0
6,27,2,0.0
6,27,3,0.0
6,27,4,0.0
6,27,5,0.0
6,27,6,0.0372
6,27,7,0.1102
6,27,8,0.2525
6,27,9,0.3625
6,27,10,0.4986
6,27,11,0.6184
6,27,12,0.6341
6,27,13,0.6944
6,27,14,0.6127
6,27,15,0.5316
6,27,16,0.4141
6,27,17,0.3236
6,27,18,0.1569
6,27,19,0.035
6,27,20,0.0124
6,27,21,0.0
6,27,22,0.0
6,27,23,0.0
6,28,0,0.0
6,28,1,0.0
6,28,2,0.0
6,28,3,0.0
6,28,4,0.0
6,28,5,0.0022
6,28,6,0.0247
6,28,7,0.1103
6,28,8,0.2026
6,28,9,0.2965
6,28,10,0.3616
6,28,11,0.4086
6,28,12,0.4789
6,28,13,0.4195
6,28,14,0.4477
6,28,15,0.4799
6,28,16,0.3939
6,28,17,0.2209
6,28,18,0.1349
6,28,19,0.0405
6,28,20,0.0107
6,28,21,0.0
6,28,22,0.0
6,28,23,0.0
6,29,0,0.0
6,29,1,0.0
6,29,2,0.0
6,29,3,0.0
6,29,4,0.0
6,29,5,0.001
6,29,6,0.0173
6,29,7,0.063
6,29,8,0.1501
6,29,9,0.2104
6,29,10,0.3931
6,29,11,0.4525
6,29,12,0.5087
6,29,13,0.4762
6,29,14,0.5427
6,29,15,0.4801
6,29,16,0.3791
6,29,17,0.2489
6,29,18,0.1112
6,29,19,0.0262
6,29,20,0.009
6,29,21,0.0
6,29,22,0.0
6,29,23,0.0
6,30,0,0.0
6,30,1,0.0
6,30,2,0.0
6,30,3,0.0
6,30,4,0.0
6,30,5,0.0014
6,30,6,0.0323
6,30,7,0.1245
6,30,8,0.2813
6,30,9,0.4245
6,30,10,0.5535
6,30,11,0.6166
6,30,12,0.6397
6,30,13,0.5862
6,30,14,0.6592
6,30,15,0.4847
6,30,16,0.3193
6,30,17,0.2277
6,30,18,0.1254
6,30,19,0.0388
6,30,20,0.0092
6,30,21,0.0
6,30,22,0.0
6,30,23,0.0
7,1,0,0.0
7,1,1,0.0
7,1,2,0.0
7,1,3,0.0
7,1,4,0.0
7,1,5,0.0024
7,1,6,0.0302
7,1,7,0.0859
7,1,8,0.1984
7,1,9,0.3357
7,1,10,0.4024
7,1,11,0.4967
7,1,12,0.5931
7,1,13,0.6392
7,1,14,0.5825
7,1,15,0.4748
7,1,16,0.3491
7,1,17,0.2605
7,1,18,0.1262
7,1,19,0.0244
7,1,20,0.0082
7,1,21,0.0
7,1,22,0.0
7,1,23,0.0
7,2,0,0.0
7,2,1,0.0
7,2,2,0.0
7,2,3,0.0
7,2,4,0.0
7,2,5,0.0
7,2,6,0.0258
7,2,7,0.0707
7,2,8,0.13
7,2,9,0.1018
7,2,10,0.2395
7,2,11,0.4197
7,2,12,0.4983
7,2,13,0.4983
7,2,14,0.3844
7,2,15,0.3382
7,2,16,0.3477
7,2,17,0.276
7,2,18,0.1524
7,2,19,0.0426
7,2,20,0.0116
7,2,21,0.0
7,2,22,0.0
7,2,23,0.0
7,3,0,0.0
7,3,1,0.0
7,3,2,0.0
7,3,3,0.0
7,3,4,0.0
7,3,5,0.0011
7,3,6,0.0202
7,3,7,0.0991
7,3,8,0.2445
7,3,9,0.2872
7,3,10,0.5038
7,3,11,0.4891
7,3,12,0.4408
7,3,13,0.5849
7,3,14,0.5652
7,3,15,0.4097
7,3,16,0.3437
7,3,17,0.2856
7,3,18,0.1324
7,3,19,0.0319
7,3,20,0.0092
7,3,21,0.0
7,3,22,0.0
7,3,23,0.0
7,4,0,0.0
7,4,1,0.0
7,4,2,0.0
7,4,3,0.0
7,4,4,0.0
7,4,5,0.0022
7,4,6,0.0325
7,4,7,0.1199
7,4,8,0.3083
7,4,9,0.4622
7,4,10,0.5432
7,4,11,0.5885
7,4,12,0.6603
7,4,13,0.7364
7,4,14,0.6447
7,4,15,0.5288
7,4,16,0.4698
7,4,17,0.33
7,4,18,0.1537
7,4,19,0.0351
7,4,20,0.0117
7,4,21,0.0
7,4,22,0.0
7,4,23,0.0
7,5,0,0.0
7,5,1,0.0
7,5,2,0.0
7,5,3,0.0
7,5,4,0.0
7,5,5,0.0008
7,5,6,0.026
7,5,7,0.0901
7,5,8,0.2003
7,5,9,0.2218
7,5,10,0.4318
7,5,11,0.4968
7,5,12,0.4178
7,5,13,0.3734
7,5,14,0.3816
7,5,15,0.3813
7,5,16,0.299
7,5,17,0.2331
7,5,18,0.0808
7,5,19,0.0238
7,5,20,0.0064
7,5,21,0.0
7,5,22,0.0
7,5,23,0.0
7,6,0,0.0
7,6,1,0.0
7,6,2,0.0
7,6,3,0.0
7,6,4,0.0
7,6,5,0.002
7,6,6,0.0218
7,6,7,0.1044
7,6,8,0.2228
7,6,9,0.3495
7,6,10,0.4955
7,6,11,0.5447
7,6,12,0.4889
7,6,13,0.4834
7,6,14,0.5923
7,6,15,0.3977
7,6,16,0.3788
7,6,17,0.2273
7,6,18,0.1258
7,6,19,0.0359
7,6,20,0.0117
7,6,21,0.0
7,6,22,0.0
7,6,23,0.0
7,7,0,0.0
7,7,1,0.0
7,7,2,0.0
7,7,3,0.0
7,7,4,0.0
7,7,5,0.0001
7,7,6,0.0344
7,7,7,0.1176
7,7,8,0.2879
7,7,9,0.407
7,7,10,0.4817
7,7,11,0.539
7,7,12,0.5758
7,7,13,0.4203
7,7,14,0.3976
7,7,15,0.3393
7,7,16,0.3478
7,7,17,0.2797
7,7,18,0.1505
7,7,19,0.0293
7,7,20,0.0087
7,7,21,0.0
7,7,22,0.0
7,7,23,0.0
7,8,0,0.0
7,8,1,0.0
7,8,2,0.0
7,8,3,0.0
7,8,4,0.0
7,8,5,0.0006
7,8,6,0.0213
7,8,7,0.0818
7,8,8,0.2796
7,8,9,0.4261
7,8,10,0.5499
7,8,11,0.4833
7,8,12,0.3526
7,8,13,0.378
7,8,14,0.4219
7,8,15,0.4456
7,8,16,0.3527
7,8,17,0.2826
7,8,18,0.1237
7,8,19,0.0333
7,8,20,0.0084
7,8,21,0.0
7,8,22,0.0
7,8,23,0.0
7,9,0,0.0
7,9,1,0.0
7,9,2,0.0
7,9,3,0.0
7,9,4,0.0
7,9,5,0.0
7,9,6,0.0098
7,9,7,0.0649
7,9,8,0.2297
7,9,9,0.3704
7,9,10,0.4959
7,9,11,0.4912
7,9,12,0.434
7,9,13,0.5454
7,9,14,0.4856
7,9,15,0.4163
7,9,16,0.2973
7,9,17,0.2557
7,9,18,0.1104
7,9,19,0.0398
7,9,20,0.0091
7,9,21,0.0
7,9,22,0.0
7,9,23,0.0
7,10,0,0.0
7,10,1,0.0
7,10,2,0.0
7,10,3,0.0
7,10,4,0.0
7,10,5,0.0005
7,10,6,0.013
7,10,7,0.0951
7,10,8,0.2545
7,10,9,0.392
7,10,10,0.4613
7,10,11,0.5153
7,10,12,0.4136
7,10,13,0.459
7,10,14,0.4613
7,10,15,0.4576
7,10,16,0.355
7,10,17,0.2602
7,10,18,0.1122
7,10,19,0.0397
7,10,20,0.0102
7,10,21,0.0
7,10,22,0.0
7,10,23,0.0
7,11,0,0.0
7,11,1,0.0
7,11,2,0.0
7,11,3,0.0
7,11,4,0.0
7,11,5,0.0
7,11,6,0.016
7,11,7,0.0791
7,11,8,0.18
7,11,9,0.3196
7,11,10,0.3925
7,11,11,0.5109
7,11,12,0.3807
7,11,13,0.4971
7,11,14,0.2613
7,11,15,0.4423
7,11,16,0.3098
7,11,17,0.2533
7,11,18,0.0937
7,11,19,0.0261
7,11,20,0.0066
7,11,21,0.0
7,11,22,0.0
7,11,23,0.0
7,12,0,0.0
7,12,1,0.0
7,12,2,0.0
7,12,3,0.0
7,12,4,0.0
7,12,5,0.0
7,12,6,0.0162
7,12,7,0.0833
7,12,8,0.1974
7,12,9,0.3639
7,12,10,0.3846
7,12,11,0.3656
7,12,12,0.4036
7,12,13,0.4777
7,12,14,0.3994
7,12,15,0.3707
7,12,16,0.1761
7,12,17,0.2288
7,12,18,0.1226
7,12,19,0.0298
7,12,20,0.0063
7,12,21,0.0
7,12,22,0.0
7,12,23,0.0
7,13,0,0.0
7,13,1,0.0
7,13,2,0.0
7,13,3,0.0
7,13,4,0.0
7,13,5,0.0
7,13,6,0.0169
7,13,7,0.0773
7,13,8,0.2092
7,13,9,0.2894
7,13,10,0.3814
7,13,11,0.4474
7,13,12,0.4649
7,13,13,0.5039
7,13,14,0.4115
7,13,15,0.3873
7,13,16,0.2729
7,13,17,0.249
7,13,18,0.11
7,13,19,0.0396
7,13,20,0.0089
7,13,21,0.0
7,13,22,0.0
7,13,23,0.0
7,14,0,0.0
7,14,1,0.0
7,14,2,0.0
7,14,3,0.0
7,14,4,0.0
7,14,5,0.0
7,14,6,0.0113
7,14,7,0.0864
7,14,8,0.2314
7,14,9,0.3722
7,14,10,0.4948
7,14,11,0.5574
7,14,12,0.5726
7,14,13,0.5362
7,14,14,0.4771
7,14,15,0.3173
7,14,16,0.3129
7,14,17,0.1703
7,14,18,0.1223
7,14,19,0.0262
7,14,20,0.0067
7,14,21,0.0
7,14,22,0.0
7,14,23,0.0
7,15,0,0.0
7,15,1,0.0
7,15,2,0.0
7,15,3,0.0
7,15,4,0.0
7,15,5,0.0
7,15,6,0.0354
7,15,7,0.0937
7,15,8,0.2498
7,15,9,0.3964
7,15,10,0.4986
7,15,11,0.6038
7,15,12,0.6657
7,15,13,0.7136
7,15,14,0.6722
7,15,15,0.5715
7,15,16,0.4509
7,15,17,0.3047
7,15,18,0.1582
7,15,19,0.0395
7,15,20,0.0051
7,15,21,0.0
7,15,22,0.0
7,15,23,0.0
7,16,0,0.0
7,16,1,0.0
7,16,2,0.0
7,16,3,0.0
7,16,4,0.0
7,16,5,0.0
7,16,6,0.0159
7,16,7,0.0675
7,16,8,0.1551
7,16,9,0.2996
7,16,10,0.3939
7,16,11,0.4257
7,16,12,0.344
7,16,13,0.4344
7,16,14,0.429
7,16,15,0.3794
7,16,16,0.2788
7,16,17,0.1965
7,16,18,0.102
7,16,19,0.0424
7,16,20,0.0075
7,16,21,0.0
7,16,22,0.0
7,16,23,0.0
7,17,0,0.0
7,17,1,0.0
7,17,2,0.0
7,17,3,0.0
7,17,4,0.0
7,17,5,0.0
7,17,6,0.0152
7,17,7,0.0881
7,17,8,0.2615
7,17,9,0.3328
7,17,10,0.4607
7,17,11,0.5086
7,17,12,0.46
7,17,13,0.3221
7,17,14,0.3246
7,17,15,0.2978
7,17,16,0.3226
7,17,17,0.1444
7,17,18,0.1202
7,17,19,0.0362
7,17,20,0.0044
7,17,21,0.0
7,17,22,0.0
7,17,23,0.0
7,18,0,0.0
7,18,1,0.0
7,18,2,0.0
7,18,3,0.0
7,18,4,0.0
7,18,5,0.0
7,18,6,0.0295
7,18,7,0.0897
7,18,8,0.2532
7,18,9,0.4063
7,18,10,0.4965
7,18,11,0.5935
7,18,12,0.5829
7,18,13,0.617
7,18,14,0.5476
7,18,15,0.4597
7,18,16,0.3561
7,18,17,0.2181
7,18,18,0.108
7,18,19,0.0425
7,18,20,0.0049
7,18,21,0.0
7,18,22,0.0
7,18,23,0.0
7,19,0,0.0
7,19,1,0.0
7,19,2,0.0
7,19,3,0.0
7,19,4,0.0
7,19,5,0.0
7,19,6,0.0221
7,19,7,0.1116
7,19,8,0.2795
7,19,9,0.4484
7,19,10,0.5372
7,19,11,0.6526
7,19,12,0.6348
7,19,13,0.499
7,19,14,0.4952
7,19,15,0.5145
7,19,16,0.3582
7,19,17,0.2727
7,19,18,0.1093
7,19,19,0.0276
7,19,20,0.0044
7,19,21,0.0
7,19,22,0.0
7,19,23,0.0
7,20,0,0.0
7,20,1,0.0
7,20,2,0.0
7,20,3,0.0
7,20,4,0.0
7,20,5,0.0
7,20,6,0.0159
7,20,7,0.0979
7,20,8,0.2311
7,20,9,0.4024
7,20,10,0.4845
7,20,11,0.6009
7,20,12,0.6609
7,20,13,0.6383
7,20,14,0.5514
7,20,15,0.4661
7,20,16,0.2844
7,20,17,0.2
7,20,18,0.1107
7,20,19,0.0289
7,20,20,0.0028
7,20,21,0.0
7,20,22,0.0
7,20,23,0.0
7,21,0,0.0
7,21,1,0.0
7,21,2,0.0
7,21,3,0.0
7,21,4,0.0
7,21,5,0.0
7,21,6,0.0145
7,21,7,0.0536
7,21,8,0.1399
7,21,9,0.3339
7,21,10,0.4125
7,21,11,0.5017
7,21,12,0.498
7,21,13,0.4288
7,21,14,0.4117
7,21,15,0.2934
7,21,16,0.3048
7,21,17,0.2195
7,21,18,0.1414
7,21,19,0.0304
7,21,20,0.0059
7,21,21,0.0
7,21,22,0.0
7,21,23,0.0
7,22,0,0.0
7,22,1,0.0
7,22,2,0.0
7,22,3,0.0
7,22,4,0.0
7,22,5,0.0
7,22,6,0.014
7,22,7,0.0782
7,22,8,0.1907
7,22,9,0.4271
7,22,10,0.522
7,22,11,0.5161
7,22,12,0.4318
7,22,13,0.4398
7,22,14,0.4691
7,22,15,0.4299
7,22,16,0.3403
7,22,17,0.243
7,22,18,0.1353
7,22,19,0.0413
7,22,20,0.0038
7,22,21,0.0
7,22,22,0.0
7,22,23,0.0
7,23,0,0.0
7,23,1,0.0
7,23,2,0.0
7,23,3,0.0
7,23,4,0.0
7,23,5,0.0
7,23,6,0.0082
7,23,7,0.051
7,23,8,0.1348
7,23,9,0.3009
7,23,10,0.4529
7,23,11,0.5303
7,23,12,0.3676
7,23,13,0.3504
7,23,14,0.4333
7,23,15,0.2481
7,23,16,0.2604
7,23,17,0.256
7,23,18,0.1151
7,23,19,0.0273
7,23,20,0.0015
7,23,21,0.0
7,23,22,0.0
7,23,23,0.0
7,24,0,0.0
7,24,1,0.0
7,24,2,0.0
7,24,3,0.0
7,24,4,0.0
7,24,5,0.0
7,24,6,0.0206
7,24,7,0.0904
7,24,8,0.2243
7,24,9,0.4041
7,24,10,0.5183
7,24,11,0.6342
7,24,12,0.6182
7,24,13,0.518
7,24,14,0.6331
7,24,15,0.569
7,24,16,0.427
7,24,17,0.2466
7,24,18,0.1195
7,24,19,0.0198
7,24,20,0.0024
7,24,21,0.0
7,24,22,0.0
7,24,23,0.0
7,25,0,0.0
7,25,1,0.0
7,25,2,0.0
7,25,3,0.0
7,25,4,0.0
7,25,5,0.0
7,25,6,0.0235
7,25,7,0.0953
7,25,8,0.2533
7,25,9,0.42
7,25,10,0.5433
7,25,11,0.5615
7,25,12,0.5199
7,25,13,0.3683
7,25,14,0.4208
7,25,15,0.3663
7,25,16,0.2983
7,25,17,0.1948
7,25,18,0.1354
7,25,19,0.0307
7,25,20,0.0032
7,25,21,0.0
7,25,22,0.0
7,25,23,0.0
7,26,0,0.0
7,26,1,0.0
7,26,2,0.0
7,26,3,0.0
7,26,4,0.0
7,26,5,0.0
7,26,6,0.0157
7,26,7,0.0682
7,26,8,0.1405
7,26,9,0.2105
7,26,10,0.3277
7,26,11,0.4123
7,26,12,0.4215
7,26,13,0.4209
7,26,14,0.3832
7,26,15,0.2627
7,26,16,0.3188
7,26,17,0.2053
7,26,18,0.0865
7,26,19,0.0223
7,26,20,0.001
7,26,21,0.0
7,26,22,0.0
7,26,23,0.0
7,27,0,0.0
7,27,1,0.0
7,27,2,0.0
7,27,3,0.0
7,27,4,0.0
7,27,5,0.0
7,27,6,0.0202
7,27,7,0.0854
7,27,8,0.2117
7,27,9,0.3546
7,27,10,0.506
7,27,11,0.5213
7,27,12,0.6485
7,27,13,0.6216
7,27,14,0.539
7,27,15,0.4811
7,27,16,0.3783
7,27,17,0.2631
7,27,18,0.1297
7,27,19,0.0398
7,27,20,0.0019
7,27,21,0.0
7,27,22,0.0
7,27,23,0.0
7,28,0,0.0
7,28,1,0.0
7,28,2,0.0
7,28,3,0.0
7,28,4,0.0
7,28,5,0.0
7,28,6,0.0191
7,28,7,0.0754
7,28,8,0.217
7,28,9,0.3274
7,28,10,0.5016
7,28,11,0.5668
7,28,12,0.5926
7,28,13,0.7078
7,28,14,0.6226
7,28,15,0.5756
7,28,16,0.4761
7,28,17,0.2953
7,28,18,0.1238
7,28,19,0.0252
7,28,20,0.001
7,28,21,0.0
7,28,22,0.0
7,28,23,0.0
7,29,0,0.0
7,29,1,0.0
7,29,2,0.0
7,29,3,0.0
7,29,4,0.0
7,29,5,0.0
7,29,6,0.0122
7,29,7,0.0691
7,29,8,0.2131
7,29,9,0.3574
7,29,10,0.5587
7,29,11,0.6465
7,29,12,0.6337
7,29,13,0.6302
7,29,14,0.5608
7,29,15,0.4991
7,29,16,0.4298
7,29,17,0.2631
7,29,18,0.099
7,29,19,0.0216
7,29,20,0.0004
7,29,21,0.0
7,29,22,0.0
7,29,23,0.0
7,30,0,0.0
7,30,1,0.0
7,30,2,0.0
7,30,3,0.0
7,30,4,0.0
7,30,5,0.0
7,30,6,0.0156
7,30,7,0.0773
7,30,8,0.2161
7,30,9,0.418
7,30,10,0.5065
7,30,11,0.5769
7,30,12,0.5484
7,30,13,0.4914
7,30,14,0.4712
7,30,15,0.4006
7,30,16,0.3292
7,30,17,0.183
7,30,18,0.1101
7,30,19,0.0254
7,30,20,0.0001
7,30,21,0.0
7,30,22,0.0
7,30,23,0.0
7,31,0,0.0
7,31,1,0.0
7,31,2,0.0
7,31,3,0.0
7,31,4,0.0
7,31,5,0.0
7,31,6,0.0014
7,31,7,0.0336
7,31,8,0.0946
7,31,9,0.2073
7,31,10,0.291
7,31,11,0.3323
7,31,12,0.4029
7,31,13,0.3964
7,31,14,0.3502
7,31,15,0.3219
7,31,16,0.2129
7,31,17,0.1813
7,31,18,0.1099
7,31,19,0.0306
7,31,20,0.0001
7,31,21,0.0
7,31,22,0.0
7,31,23,0.0
8,1,0,0.0
8,1,1,0.0
8,1,2,0.0
8,1,3,0.0
8,1,4,0.0
8,1,5,0.0
8,1,6,0.0106
8,1,7,0.0728
8,1,8,0.1844
8,1,9,0.3142
8,1,10,0.3574
8,1,11,0.3155
8,1,12,0.4386
8,1,13,0.3942
8,1,14,0.4166
8,1,15,0.4057
8,1,16,0.3898
8,1,17,0.1878
8,1,18,0.0855
8,1,19,0.0233
8,1,20,0.0
8,1,21,0.0
8,1,22,0.0
8,1,23,0.0
8,2,0,0.0
8,2,1,0.0
8,2,2,0.0
8,2,3,0.0
8,2,4,0.0
8,2,5,0.0
8,2,6,0.0092
8,2,7,0.0788
8,2,8,0.2038
8,2,9,0.3533
8,2,10,0.4491
8,2,11,0.5553
8,2,12,0.5593
8,2,13,0.5714
8,2,14,0.6785
8,2,15,0.5137
8,2,16,0.3826
8,2,17,0.195
8,2,18,0.1136
8,2,19,0.0331
8,2,20,0.0
8,2,21,0.0
8,2,22,0.0
8,2,23,0.0
8,3,0,0.0
8,3,1,0.0
8,3,2,0.0
8,3,3,0.0
8,3,4,0.0
8,3,5,0.0
8,3,6,0.009
8,3,7,0.0614
8,3,8,0.1878
8,3,9,0.3398
8,3,10,0.378
8,3,11,0.4344
8,3,12,0.4559
8,3,13,0.3651
8,3,14,0.3168
8,3,15,0.2836
8,3,16,0.2662
8,3,17,0.1735
8,3,18,0.0985
8,3,19,0.03
8,3,20,0.0
8,3,21,0.0
8,3,22,0.0
8,3,23,0.0
8,4,0,0.0
8,4,1,0.0
8,4,2,0.0
8,4,3,0.0
8,4,4,0.0
8,4,5,0.0
8,4,6,0.0125
8,4,7,0.0447
8,4,8,0.1777
8,4,9,0.3074
8,4,10,0.4231
8,4,11,0.4379
8,4,12,0.4529
8,4,13,0.5184
8,4,14,0.3837
8,4,15,0.3426
8,4,16,0.2874
8,4,17,0.2051
8,4,18,0.1082
8,4,19,0.0324
8,4,20,0.0
8,4,21,0.0
8,4,22,0.0
8,4,23,0.0
8,5,0,0.0
8,5,1,0.0
8,5,2,0.0
8,5,3,0.0
8,5,4,0.0
8,5,5,0.0
8,5,6,0.0125
8,5,7,0.0461
8,5,8,0.1362
8,5,9,0.2356
8,5,10,0.3316
8,5,11,0.3864
8,5,12,0.4347
8,5,13,0.4339
8,5,14,0.3856
8,5,15,0.3835
8,5,16,0.2561
8,5,17,0.1874
8,5,18,0.0692
8,5,19,0.0214
8,5,20,0.0
8,5,21,0.0
8,5,22,0.0
8,5,23,0.0
8,6,0,0.0
8,6,1,0.0
8,6,2,0.0
8,6,3,0.0
8,6,4,0.0
8,6,5,0.0
8,6,6,0.0041
8,6,7,0.0401
8,6,8,0.0972
8,6,9,0.1726
8,6,10,0.2072
8,6,11,0.2408
8,6,12,0.2724
8,6,13,0.218
8,6,14,0.2073
8,6,15,0.4039
8,6,16,0.1882
8,6,17,0.2213
8,6,18,0.0997
8,6,19,0.0251
8,6,20,0.0
8,6,21,0.0
8,6,22,0.0
8,6,23,0.0
8,7,0,0.0
8,7,1,0.0
8,7,2,0.0
8,7,3,0.0
8,7,4,0.0
8,7,5,0.0
8,7,6,0.0144
8,7,7,0.0736
8,7,8,0.1762
8,7,9,0.2905
8,7,10,0.3233
8,7,11,0.417
8,7,12,0.4278
8,7,13,0.5037
8,7,14,0.4975
8,7,15,0.4734
8,7,16,0.4345
8,7,17,0.2507
8,7,18,0.1166
8,7,19,0.0256
8,7,20,0.0
8,7,21,0.0
8,7,22,0.0
8,7,23,0.0
8,8,0,0.0
8,8,1,0.0
8,8,2,0.0
8,8,3,0.0
8,8,4,0.0
8,8,5,0.0
8,8,6,0.0052
8,8,7,0.0619
8,8,8,0.2199
8,8,9,0.3722
8,8,10,0.5625
8,8,11,0.4906
8,8,12,0.4793
8,8,13,0.4932
8,8,14,0.5209
8,8,15,0.5283
8,8,16,0.41
8,8,17,0.2536
8,8,18,0.0955
8,8,19,0.0261
8,8,20,0.0
8,8,21,0.0
8,8,22,0.0
8,8,23,0.0
8,9,0,0.0
8,9,1,0.0
8,9,2,0.0
8,9,3,0.0
8,9,4,0.0
8,9,5,0.0
8,9,6,0.0142
8,9,7,0.0888
8,9,8,0.2536
8,9,9,0.4598
8,9,10,0.549
8,9,11,0.5749
8,9,12,0.5219
8,9,13,0.561
8,9,14,0.527
8,9,15,0.3355
8,9,16,0.3038
8,9,17,0.2725
8,9,18,0.1281
8,9,19,0.0208
8,9,20,0.0
8,9,21,0.0
8,9,22,0.0
8,9,23,0.0
8,10,0,0.0
8,10,1,0.0
8,10,2,0.0
8,10,3,0.0
8,10,4,0.0
8,10,5,0.0
8,10,6,0.0152
8,10,7,0.0878
8,10,8,0.2467
8,10,9,0.3983
8,10,10,0.4719
8,10,11,0.5971
8,10,12,0.6612
8,10,13,0.6621
8,10,14,0.5392
8,10,15,0.454
8,10,16,0.3386
8,10,17,0.234
8,10,18,0.1087
8,10,19,0.0248
8,10,20,0.0
8,10,21,0.0
8,10,22,0.0
8,10,23,0.0
8,11,0,0.0
8,11,1,0.0
8,11,2,0.0
8,11,3,0.0
8,11,4,0.0
8,11,5,0.0
8,11,6,0.0143
8,11,7,0.0876
8,11,8,0.2716
8,11,9,0.463
8,11,10,0.6079
8,11,11,0.6611
8,11,12,0.6389
8,11,13,0.6154
8,11,14,0.5721
8,11,15,0.455
8,11,16,0.2746
8,11,17,0.2535
8,11,18,0.1234
8,11,19,0.0258
8,11,20,0.0
8,11,21,0.0
8,11,22,0.0
8,11,23,0.0
8,12,0,0.0
8,12,1,0.0
8,12,2,0.0
8,12,3,0.0
8,12,4,0.0
8,12,5,0.0
8,12,6,0.0122
8,12,7,0.0863
8,12,8,0.2702
8,12,9,0.4514
8,12,10,0.5743
8,12,11,0.6052
8,12,12,0.6148
8,12,13,0.6456
8,12,14,0.6305
8,12,15,0.5941
8,12,16,0.4142
8,12,17,0.264
8,12,18,0.1224
8,12,19,0.0227
8,12,20,0.0
8,12,21,0.0
8,12,22,0.0
8,12,23,0.0
8,13,0,0.0
8,13,1,0.0
8,13,2,0.0
8,13,3,0.0
8,13,4,0.0
8,13,5,0.0
8,13,6,0.0035
8,13,7,0.0418
8,13,8,0.1302
8,13,9,0.2811
8,13,10,0.4216
8,13,11,0.47
8,13,12,0.5846
8,13,13,0.5555
8,13,14,0.5012
8,13,15,0.4363
8,13,16,0.3887
8,13,17,0.2436
8,13,18,0.1148
8,13,19,0.0184
8,13,20,0.0
8,13,21,0.0
8,13,22,0.0
8,13,23,0.0
8,14,0,0.0
8,14,1,0.0
8,14,2,0.0
8,14,3,0.0
8,14,4,0.0
8,14,5,0.0
8,14,6,0.0046
8,14,7,0.0475
8,14,8,0.1761
8,14,9,0.2658
8,14,10,0.3515
8,14,11,0.4616
8,14,12,0.4866
8,14,13,0.5726
8,14,14,0.6188
8,14,15,0.4918
8,14,16,0.3863
8,14,17,0.2644
8,14,18,0.1089
8,14,19,0.0214
8,14,20,0.0
8,14,21,0.0
8,14,22,0.0
8,14,23,0.0
8,15,0,0.0
8,15,1,0.0
8,15,2,0.0
8,15,3,0.0
8,15,4,0.0
8,15,5,0.0
8,15,6,0.0104
8,15,7,0.0825
8,15,8,0.247
8,15,9,0.4279
8,15,10,0.5813
8,15,11,0.636
8,15,12,0.6608
8,15,13,0.61
8,15,14,0.6808
8,15,15,0.6028
8,15,16,0.442
8,15,17,0.2814
8,15,18,0.1198
8,15,19,0.0198
8,15,20,0.0
8,15,21,0.0
8,15,22,0.0
8,15,23,0.0
8,16,0,0.0
8,16,1,0.0
8,16,2,0.0
8,16,3,0.0
8,16,4,0.0
8,16,5,0.0
8,16,6,0.0065
8,16,7,0.0626
8,16,8,0.1977
8,16,9,0.3575
8,16,10,0.5185
8,16,11,0.6349
8,16,12,0.6061
8,16,13,0.551
8,16,14,0.4213
8,16,15,0.4162
8,16,16,0.3118
8,16,17,0.1825
8,16,18,0.0775
8,16,19,0.0107
8,16,20,0.0
8,16,21,0.0
8,16,22,0.0
8,16,23,0.0
8,17,0,0.0
8,17,1,0.0
8,17,2,0.0
8,17,3,0.0
8,17,4,0.0
8,17,5,0.0
8,17,6,0.0074
8,17,7,0.0602
8,17,8,0.1945
8,17,9,0.3385
8,17,10,0.4916
8,17,11,0.5602
8,17,12,0.5944
8,17,13,0.4697
8,17,14,0.3698
8,17,15,0.3283
8,17,16,0.1993
8,17,17,0.2048
8,17,18,0.0958
8,17,19,0.0167
8,17,20,0.0
8,17,21,0.0
8,17,22,0.0
8,17,23,0.0
8,18,0,0.0
8,18,1,0.0
8,18,2,0.0
8,18,3,0.0
8,18,4,0.0
8,18,5,0.0
8,18,6,0.0018
8,18,7,0.049
8,18,8,0.175
8,18,9,0.3337
8,18,10,0.4974
8,18,11,0.5462
8,18,12,0.5302
8,18,13,0.5537
8,18,14,0.5491
8,18,15,0.5046
8,18,16,0.3289
8,18,17,0.2439
8,18,18,0.0799
8,18,19,0.0133
8,18,20,0.0
8,18,21,0.0
8,18,22,0.0
8,18,23,0.0
8,19,0,0.0
8,19,1,0.0
8,19,2,0.0
8,19,3,0.0
8,19,4,0.0
8,19,5,0.0
8,19,6,0.0027
8,19,7,0.0463
8,19,8,0.1542
8,19,9,0.3026
8,19,10,0.3494
8,19,11,0.4068
8,19,12,0.3048
8,19,13,0.3777
8,19,14,0.4053
8,19,15,0.331
8,19,16,0.2826
8,19,17,0.1835
8,19,18,0.0913
8,19,19,0.0146
8,19,20,0.0
8,19,21,0.0
8,19,22,0.0
8,19,23,0.0
8,20,0,0.0
8,20,1,0.0
8,20,2,0.0
8,20,3,0.0
8,20,4,0.0
8,20,5,0.0
8,20,6,0.0017
8,20,7,0.0347
8,20,8,0.143
8,20,9,0.321
8,20,10,0.4058
8,20,11,0.515
8,20,12,0.4149
8,20,13,0.4126
8,20,14,0.3863
8,20,15,0.3281
8,20,16,0.2785
8,20,17,0.1525
8,20,18,0.0766
8,20,19,0.0133
8,20,20,0.0
8,20,21,0.0
8,20,22,0.0
8,20,23,0.0
8,21,0,0.0
8,21,1,0.0
8,21,2,0.0
8,21,3,0.0
8,21,4,0.0
8,21,5,0.0
8,21,6,0.0017
8,21,7,0.0405
8,21,8,0.1452
8,21,9,0.2015
8,21,10,0.2682
8,21,11,0.4458
8,21,12,0.412
8,21,13,0.3409
8,21,14,0.4128
8,21,15,0.3522
8,21,16,0.299
8,21,17,0.1804
8,21,18,0.0727
8,21,19,0.0112
8,21,20,0.0
8,21,21,0.0
8,21,22,0.0
8,21,23,0.0
8,22,0,0.0
8,22,1,0.0
8,22,2,0.0
8,22,3,0.0
8,22,4,0.0
8,22,5,0.0
8,22,6,0.0011
8,22,7,0.0512
8,22,8,0.1923
8,22,9,0.3284
8,22,10,0.4523
8,22,11,0.51
8,22,12,0.5425
8,22,13,0.5083
8,22,14,0.4979
8,22,15,0.3946
8,22,16,0.2846
8,22,17,0.1756
8,22,18,0.0657
8,22,19,0.0057
8,22,20,0.0
8,22,21,0.0
8,22,22,0.0
8,22,23,0.0
8,23,0,0.0
8,23,1,0.0
8,23,2,0.0
8,23,3,0.0
8,23,4,0.0
8,23,5,0.0
8,23,6,0.0009
8,23,7,0.0249
8,23,8,0.0789
8,23,9,0.1894
8,23,10,0.287
8,23,11,0.3864
8,23,12,0.3737
8,23,13,0.4652
8,23,14,0.3921
8,23,15,0.388
8,23,16,0.2676
8,23,17,0.1801
8,23,18,0.0768
8,23,19,0.0082
8,23,20,0.0
8,23,21,0.0
8,23,22,0.0
8,23,23,0.0
8,24,0,0.0
8,24,1,0.0
8,24,2,0.0
8,24,3,0.0
8,24,4,0.0
8,24,5,0.0
8,24,6,0.0008
8,24,7,0.0471
8,24,8,0.1429
8,24,9,0.2625
8,24,10,0.3833
8,24,11,0.4641
8,24,12,0.4509
8,24,13,0.4736
8,24,14,0.5035
8,24,15,0.4513
8,24,16,0.3551
8,24,17,0.1723
8,24,18,0.0742
8,24,19,0.0083
8,24,20,0.0
8,24,21,0.0
8,24,22,0.0
8,24,23,0.0
8,25,0,0.0
8,25,1,0.0
8,25,2,0.0
8,25,3,0.0
8,25,4,0.0
8,25,5,0.0
8,25,6,0.0
8,25,7,0.0443
8,25,8,0.2042
8,25,9,0.3616
8,25,10,0.5113
8,25,11,0.6127
8,25,12,0.6592
8,25,13,0.6839
8,25,14,0.6062
8,25,15,0.559
8,25,16,0.4393
8,25,17,0.2778
8,25,18,0.0953
8,25,19,0.0075
8,25,20,0.0
8,25,21,0.0
8,25,22,0.0
8,25,23,0.0
8,26,0,0.0
8,26,1,0.0
8,26,2,0.0
8,26,3,0.0
8,26,4,0.0
8,26,5,0.0
8,26,6,0.0
8,26,7,0.0502
8,26,8,0.1593
8,26,9,0.2943
8,26,10,0.4322
8,26,11,0.5183
8,26,12,0.5056
8,26,13,0.4769
8,26,14,0.4825
8,26,15,0.4318
8,26,16,0.2452
8,26,17,0.1903
8,26,18,0.0593
8,26,19,0.0062
8,26,20,0.0
8,26,21,0.0
8,26,22,0.0
8,26,23,0.0
8,27,0,0.0
8,27,1,0.0
8,27,2,0.0
8,27,3,0.0
8,27,4,0.0
8,27,5,0.0
8,27,6,0.0
8,27,7,0.0434
8,27,8,0.1411
8,27,9,0.2624
8,27,10,0.3249
8,27,11,0.3788
8,27,12,0.4313
8,27,13,0.537
8,27,14,0.411
8,27,15,0.4246
8,27,16,0.1823
8,27,17,0.087
8,27,18,0.0366
8,27,19,0.0041
8,27,20,0.0
8,27,21,0.0
8,27,22,0.0
8,27,23,0.0
8,28,0,0.0
8,28,1,0.0
8,28,2,0.0
8,28,3,0.0
8,28,4,0.0
8,28,5,0.0
8,28,6,0.0
8,28,7,0.0465
8,28,8,0.1835
8,28,9,0.343
8,28,10,0.479
8,28,11,0.4463
8,28,12,0.4481
8,28,13,0.4082
8,28,14,0.3383
8,28,15,0.2418
8,28,16,0.2456
8,28,17,0.1641
8,28,18,0.0464
8,28,19,0.004
8,28,20,0.0
8,28,21,0.0
8,28,22,0.0
8,28,23,0.0
8,29,0,0.0
8,29,1,0.0
8,29,2,0.0
8,29,3,0.0
8,29,4,0.0
8,29,5,0.0
8,29,6,0.0
8,29,7,0.0334
8,29,8,0.141
8,29,9,0.1979
8,29,10,0.3067
8,29,11,0.366
8,29,12,0.3624
8,29,13,0.3006
8,29,14,0.3504
8,29,15,0.3103
8,29,16,0.3081
8,29,17,0.2029
8,29,18,0.0776
8,29,19,0.0035
8,29,20,0.0
8,29,21,0.0
8,29,22,0.0
8,29,23,0.0
8,30,0,0.0
8,30,1,0.0
8,30,2,0.0
8,30,3,0.0
8,30,4,0.0
8,30,5,0.0
8,30,6,0.0
8,30,7,0.0425
8,30,8,0.1268
8,30,9,0.2425
8,30,10,0.3238
8,30,11,0.3466
8,30,12,0.3951
8,30,13,0.4312
8,30,14,0.3533
8,30,15,0.2877
8,30,16,0.2699
8,30,17,0.0453
8,30,18,0.0322
8,30,19,0.0008
8,30,20,0.0
8,30,21,0.0
8,30,22,0.0
8,30,23,0.0
8,31,0,0.0
8,31,1,0.0
8,31,2,0.0
8,31,3,0.0
8,31,4,0.0
8,31,5,0.0
8,31,6,0.0
8,31,7,0.038
8,31,8,0.1611
8,31,9,0.2626
8,31,10,0.3526
8,31,11,0.3745
8,31,12,0.4206
8,31,13,0.3456
8,31,14,0.3918
8,31,15,0.3207
8,31,16,0.2016
8,31,17,0.1715
8,31,18,0.0543
8,31,19,0.001
8,31,20,0.0
8,31,21,0.0
8,31,22,0.0
8,31,23,0.0
9,1,0,0.0
9,1,1,0.0
9,1,2,0.0
9,1,3,0.0
9,1,4,0.0
9,1,5,0.0
9,1,6,0.0
9,1,7,0.0524
9,1,8,0.1594
9,1,9,0.2849
9,1,10,0.3181
9,1,11,0.4556
9,1,12,0.4452
9,1,13,0.3454
9,1,14,0.4045
9,1,15,0.3159
9,1,16,0.297
9,1,17,0.1876
9,1,18,0.073
9,1,19,0.0007
9,1,20,0.0
9,1,21,0.0
9,1,22,0.0
9,1,23,0.0
9,2,0,0.0
9,2,1,0.0
9,2,2,0.0
9,2,3,0.0
9,2,4,0.0
9,2,5,0.0
9,2,6,0.0
9,2,7,0.0313
9,2,8,0.1274
9,2,9,0.2473
9,2,10,0.3686
9,2,11,0.3321
9,2,12,0.4023
9,2,13,0.3171
9,2,14,0.3418
9,2,15,0.2899
9,2,16,0.1934
9,2,17,0.1756
9,2,18,0.0517
9,2,19,0.0
9,2,20,0.0
9,2,21,0.0
9,2,22,0.0
9,2,23,0.0
9,3,0,0.0
9,3,1,0.0
9,3,2,0.0
9,3,3,0.0
9,3,4,0.0
9,3,5,0.0
9,3,6,0.0
9,3,7,0.0355
9,3,8,0.1621
9,3,9,0.2904
9,3,10,0.5543
9,3,11,0.5834
9,3,12,0.4827
9,3,13,0.4372
9,3,14,0.4158
9,3,15,0.3554
9,3,16,0.3075
9,3,17,0.236
9,3,18,0.0689
9,3,19,0.0
9,3,20,0.0
9,3,21,0.0
9,3,22,0.0
9,3,23,0.0
9,4,0,0.0
9,4,1,0.0
9,4,2,0.0
9,4,3,0.0
9,4,4,0.0
9,4,5,0.0
9,4,6,0.0
9,4,7,0.0425
9,4,8,0.2034
9,4,9,0.3043
9,4,10,0.4392
9,4,11,0.4497
9,4,12,0.428
9,4,13,0.4212
9,4,14,0.382
9,4,15,0.3799
9,4,16,0.2699
9,4,17,0.1907
9,4,18,0.0612
9,4,19,0.0
9,4,20,0.0
9,4,21,0.0
9,4,22,0.0
9,4,23,0.0
9,5,0,0.0
9,5,1,0.0
9,5,2,0.0
9,5,3,0.0
9,5,4,0.0
9,5,5,0.0
9,5,6,0.0
9,5,7,0.05
9,5,8,0.2499
9,5,9,0.4161
9,5,10,0.5796
9,5,11,0.673
9,5,12,0.7228
9,5,13,0.7268
9,5,14,0.6584
9,5,15,0.5656
9,5,16,0.4097
9,5,17,0.2201
9,5,18,0.0676
9,5,19,0.0
9,5,20,0.0
9,5,21,0.0
9,5,22,0.0
9,5,23,0.0
9,6,0,0.0
9,6,1,0.0
9,6,2,0.0
9,6,3,0.0
9,6,4,0.0
9,6,5,0.0
9,6,6,0.0
9,6,7,0.0417
9,6,8,0.1762
9,6,9,0.2353
9,6,10,0.3986
9,6,11,0.5003
9,6,12,0.5212
9,6,13,0.5343
9,6,14,0.5213
9,6,15,0.3843
9,6,16,0.2586
9,6,17,0.1905
9,6,18,0.0621
9,6,19,0.0
9,6,20,0.0
9,6,21,0.0
9,6,22,0.0
9,6,23,0.0
9,7,0,0.0
9,7,1,0.0
9,7,2,0.0
9,7,3,0.0
9,7,4,0.0
9,7,5,0.0
9,7,6,0.0
9,7,7,0.0363
9,7,8,0.1455
9,7,9,0.3295
9,7,10,0.4076
9,7,11,0.6748
9,7,12,0.5988
9,7,13,0.5534
9,7,14,0.5098
9,7,15,0.4358
9,7,16,0.3088
9,7,17,0.1935
9,7,18,0.0552
9,7,19,0.0
9,7,20,0.0
9,7,21,0.0
9,7,22,0.0
9,7,23,0.0
9,8,0,0.0
9,8,1,0.0
9,8,2,0.0
9,8,3,0.0
9,8,4,0.0
9,8,5,0.0
9,8,6,0.0
9,8,7,0.0453
9,8,8,0.1989
9,8,9,0.3663
9,8,10,0.4912
9,8,11,0.5863
9,8,12,0.6167
9,8,13,0.5898
9,8,14,0.504
9,8,15,0.487
9,8,16,0.2665
9,8,17,0.1554
9,8,18,0.0442
9,8,19,0.0
9,8,20,0.0
9,8,21,0.0
9,8,22,0.0
9,8,23,0.0
9,9,0,0.0
9,9,1,0.0
9,9,2,0.0
9,9,3,0.0
9,9,4,0.0
9,9,5,0.0
9,9,6,0.0
9,9,7,0.0458
9,9,8,0.2073
9,9,9,0.3732
9,9,10,0.4484
9,9,11,0.5255
9,9,12,0.5267
9,9,13,0.5686
9,9,14,0.5184
9,9,15,0.4195
9,9,16,0.3127
9,9,17,0.17
9,9,18,0.0455
9,9,19,0.0
9,9,20,0.0
9,9,21,0.0
9,9,22,0.0
9,9,23,0.0
9,10,0,0.0
9,10,1,0.0
9,10,2,0.0
9,10,3,0.0
9,10,4,0.0
9,10,5,0.0
9,10,6,0.0
9,10,7,0.0415
9,10,8,0.1784
9,10,9,0.314
9,10,10,0.4134
9,10,11,0.4869
9,10,12,0.4998
9,10,13,0.5008
9,10,14,0.4754
9,10,15,0.5311
9,10,16,0.3579
9,10,17,0.24
9,10,18,0.0524
9,10,19,0.0
9,10,20,0.0
9,10,21,0.0
9,10,22,0.0
9,10,23,0.0
9,11,0,0.0
9,11,1,0.0
9,11,2,0.0
9,11,3,0.0
9,11,4,0.0
9,11,5,0.0
9,11,6,0.0
9,11,7,0.0503
9,11,8,0.2126
9,11,9,0.3854
9,11,10,0.5019
9,11,11,0.5873
9,11,12,0.6267
9,11,13,0.6438
9,11,14,0.5668
9,11,15,0.4839
9,11,16,0.3855
9,11,17,0.196
9,11,18,0.0471
9,11,19,0.0
9,11,20,0.0
9,11,21,0.0
9,11,22,0.0
9,11,23,0.0
9,12,0,0.0
9,12,1,0.0
9,12,2,0.0
9,12,3,0.0
9,12,4,0.0
9,12,5,0.0
9,12,6,0.0
9,12,7,0.0315
9,12,8,0.2058
9,12,9,0.3775
9,12,10,0.5046
9,12,11,0.5643
9,12,12,0.6491
9,12,13,0.6733
9,12,14,0.6176
9,12,15,0.4717
9,12,16,0.3127
9,12,17,0.1959
9,12,18,0.0425
9,12,19,0.0
9,12,20,0.0
9,12,21,0.0
9,12,22,0.0
9,12,23,0.0
9,13,0,0.0
9,13,1,0.0
9,13,2,0.0
9,13,3,0.0
9,13,4,0.0
9,13,5,0.0
9,13,6,0.0
9,13,7,0.0431
9,13,8,0.1717
9,13,9,0.3621
9,13,10,0.5518
9,13,11,0.6135
9,13,12,0.5601
9,13,13,0.5368
9,13,14,0.3489
9,13,15,0.4526
9,13,16,0.2818
9,13,17,0.1295
9,13,18,0.0288
9,13,19,0.0
9,13,20,0.0
9,13,21,0.0
9,13,22,0.0
9,13,23,0.0
9,14,0,0.0
9,14,1,0.0
9,14,2,0.0
9,14,3,0.0
9,14,4,0.0
9,14,5,0.0
9,14,6,0.0
9,14,7,0.0322
9,14,8,0.1588
9,14,9,0.297
9,14,10,0.4249
9,14,11,0.4321
9,14,12,0.4174
9,14,13,0.3433
9,14,14,0.3024
9,14,15,0.3029
9,14,16,0.2381
9,14,17,0.1513
9,14,18,0.0308
9,14,19,0.0
9,14,20,0.0
9,14,21,0.0
9,14,22,0.0
9,14,23,0.0
9,15,0,0.0
9,15,1,0.0
9,15,2,0.0
9,15,3,0.0
9,15,4,0.0
9,15,5,0.0
9,15,6,0.0
9,15,7,0.0403
9,15,8,0.1915
9,15,9,0.3542
9,15,10,0.4866
9,15,11,0.5117
9,15,12,0.536
9,15,13,0.5313
9,15,14,0.4888
9,15,15,0.414
9,15,16,0.2936
9,15,17,0.1628
9,15,18,0.0312
9,15,19,0.0
9,15,20,0.0
9,15,21,0.0
9,15,22,0.0
9,15,23,0.0
9,16,0,0.0
9,16,1,0.0
9,16,2,0.0
9,16,3,0.0
9,16,4,0.0
9,16,5,0.0
9,16,6,0.0
9,16,7,0.0277
9,16,8,0.1483
9,16,9,0.2444
9,16,10,0.4102
9,16,11,0.4322
9,16,12,0.4312
9,16,13,0.4449
9,16,14,0.4028
9,16,15,0.2411
9,16,16,0.141
9,16,17,0.113
9,16,18,0.0192
9,16,19,0.0
9,16,20,0.0
9,16,21,0.0
9,16,22,0.0
9,16,23,0.0
9,17,0,0.0
9,17,1,0.0
9,17,2,0.0
9,17,3,0.0
9,17,4,0.0
9,17,5,0.0
9,17,6,0.0
9,17,7,0.0151
9,17,8,0.0675
9,17,9,0.1647
9,17,10,0.2232
9,17,11,0.2643
9,17,12,0.2973
9,17,13,0.3182
9,17,14,0.1697
9,17,15,0.1693
9,17,16,0.1877
9,17,17,0.1005
9,17,18,0.0186
9,17,19,0.0
9,17,20,0.0
9,17,21,0.0
9,17,22,0.0
9,17,23,0.0
9,18,0,0.0
9,18,1,0.0
9,18,2,0.0
9,18,3,0.0
9,18,4,0.0
9,18,5,0.0
9,18,6,0.0
9,18,7,0.029
9,18,8,0.1481
9,18,9,0.2222
9,18,10,0.3376
9,18,11,0.3699
9,18,12,0.3483
9,18,13,0.4164
9,18,14,0.3718
9,18,15,0.3731
9,18,16,0.2622
9,18,17,0.1317
9,18,18,0.0208
9,18,19,0.0
9,18,20,0.0
9,18,21,0.0
9,18,22,0.0
9,18,23,0.0
9,19,0,0.0
9,19,1,0.0
9,19,2,0.0
9,19,3,0.0
9,19,4,0.0
9,19,5,0.0
9,19,6,0.0
9,19,7,0.0227
9,19,8,0.1026
9,19,9,0.2298
9,19,10,0.3389
9,19,11,0.3298
9,19,12,0.2454
9,19,13,0.3142
9,19,14,0.1881
9,19,15,0.2509
9,19,16,0.1212
9,19,17,0.0784
9,19,18,0.0186
9,19,19,0.0
9,19,20,0.0
9,19,21,0.0
9,19,22,0.0
9,19,23,0.0
9,20,0,0.0
9,20,1,0.0
9,20,2,0.0
9,20,3,0.0
9,20,4,0.0
9,20,5,0.0
9,20,6,0.0
9,20,7,0.0197
9,20,8,0.1066
9,20,9,0.2559
9,20,10,0.3118
9,20,11,0.4068
9,20,12,0.4514
9,20,13,0.3966
9,20,14,0.4336
9,20,15,0.3958
9,20,16,0.302
9,20,17,0.1389
9,20,18,0.0148
9,20,19,0.0
9,20,20,0.0
9,20,21,0.0
9,20,22,0.0
9,20,23,0.0
9,21,0,0.0
9,21,1,0.0
9,21,2,0.0
9,21,3,0.0
9,21,4,0.0
9,21,5,0.0
9,21,6,0.0
9,21,7,0.0249
9,21,8,0.1813
9,21,9,0.3537
9,21,10,0.4845
9,21,11,0.5565
9,21,12,0.5611
9,21,13,0.5786
9,21,14,0.4303
9,21,15,0.3994
9,21,16,0.2399
9,21,17,0.1676
9,21,18,0.0113
9,21,19,0.0
9,21,20,0.0
9,21,21,0.0
9,21,22,0.0
9,21,23,0.0
9,22,0,0.0
9,22,1,0.0
9,22,2,0.0
9,22,3,0.0
9,22,4,0.0
9,22,5,0.0
9,22,6,0.0
9,22,7,0.0216
9,22,8,0.1563
9,22,9,0.2969
9,22,10,0.4303
9,22,11,0.4398
9,22,12,0.4786
9,22,13,0.4459
9,22,14,0.3957
9,22,15,0.3638
9,22,16,0.3095
9,22,17,0.1301
9,22,18,0.0105
9,22,19,0.0
9,22,20,0.0
9,22,21,0.0
9,22,22,0.0
9,22,23,0.0
9,23,0,0.0
9,23,1,0.0
9,23,2,0.0
9,23,3,0.0
9,23,4,0.0
9,23,5,0.0
9,23,6,0.0
9,23,7,0.0157
9,23,8,0.175
9,23,9,0.2796
9,23,10,0.3352
9,23,11,0.287
9,23,12,0.3156
9,23,13,0.3079
9,23,14,0.3535
9,23,15,0.2792
9,23,16,0.1685
9,23,17,0.1096
9,23,18,0.0083
9,23,19,0.0
9,23,20,0.0
9,23,21,0.0
9,23,22,0.0
9,23,23,0.0
9,24,0,0.0
9,24,1,0.0
9,24,2,0.0
9,24,3,0.0
9,24,4,0.0
9,24,5,0.0
9,24,6,0.0
9,24,7,0.0031
9,24,8,0.0686
9,24,9,0.0998
9,24,10,0.1491
9,24,11,0.21
9,24,12,0.3294
9,24,13,0.3247
9,24,14,0.3473
9,24,15,0.4032
9,24,16,0.2924
9,24,17,0.1215
9,24,18,0.0076
9,24,19,0.0
9,24,20,0.0
9,24,21,0.0
9,24,22,0.0
9,24,23,0.0
9,25,0,0.0
9,25,1,0.0
9,25,2,0.0
9,25,3,0.0
9,25,4,0.0
9,25,5,0.0
9,25,6,0.0
9,25,7,0.0064
9,25,8,0.0407
9,25,9,0.1517
9,25,10,0.1543
9,25,11,0.0894
9,25,12,0.1661
9,25,13,0.1972
9,25,14,0.1036
9,25,15,0.0987
9,25,16,0.0783
9,25,17,0.0497
9,25,18,0.0009
9,25,19,0.0
9,25,20,0.0
9,25,21,0.0
9,25,22,0.0
9,25,23,0.0
9,26,0,0.0
9,26,1,0.0
9,26,2,0.0
9,26,3,0.0
9,26,4,0.0
9,26,5,0.0
9,26,6,0.0
9,26,7,0.0136
9,26,8,0.1071
9,26,9,0.1597
9,26,10,0.2006
9,26,11,0.2685
9,26,12,0.3931
9,26,13,0.3955
9,26,14,0.3025
9,26,15,0.3301
9,26,16,0.1819
9,26,17,0.0914
9,26,18,0.0036
9,26,19,0.0
9,26,20,0.0
9,26,21,0.0
9,26,22,0.0
9,26,23,0.0
9,27,0,0.0
9,27,1,0.0
9,27,2,0.0
9,27,3,0.0
9,27,4,0.0
9,27,5,0.0
9,27,6,0.0
9,27,7,0.0135
9,27,8,0.1427
9,27,9,0.2615
9,27,10,0.2681
9,27,11,0.293
9,27,12,0.4086
9,27,13,0.4099
9,27,14,0.354
9,27,15,0.2545
9,27,16,0.1887
9,27,17,0.0619
9,27,18,0.0018
9,27,19,0.0
9,27,20,0.0
9,27,21,0.0
9,27,22,0.0
9,27,23,0.0
9,28,0,0.0
9,28,1,0.0
9,28,2,0.0
9,28,3,0.0
9,28,4,0.0
9,28,5,0.0
9,28,6,0.0
9,28,7,0.0118
9,28,8,0.1232
9,28,9,0.2621
9,28,10,0.3112
9,28,11,0.3048
9,28,12,0.4317
9,28,13,0.3657
9,28,14,0.2684
9,28,15,0.2605
9,28,16,0.1786
9,28,17,0.1076
9,28,18,0.0011
9,28,19,0.0
9,28,20,0.0
9,28,21,0.0
9,28,22,0.0
9,28,23,0.0
9,29,0,0.0
9,29,1,0.0
9,29,2,0.0
9,29,3,0.0
9,29,4,0.0
9,29,5,0.0
9,29,6,0.0
9,29,7,0.0145
9,29,8,0.1366
9,29,9,0.2124
9,29,10,0.2964
9,29,11,0.3936
9,29,12,0.4784
9,29,13,0.4718
9,29,14,0.3154
9,29,15,0.2408
9,29,16,0.1873
9,29,17,0.0857
9,29,18,0.0005
9,29,19,0.0
9,29,20,0.0
9,29,21,0.0
9,29,22,0.0
9,29,23,0.0
9,30,0,0.0
9,30,1,0.0
9,30,2,0.0
9,30,3,0.0
9,30,4,0.0
9,30,5,0.0
9,30,6,0.0
9,30,7,0.0031
9,30,8,0.0509
9,30,9,0.1001
9,30,10,0.1065
9,30,11,0.123
9,30,12,0.139
9,30,13,0.1491
9,30,14,0.0983
9,30,15,0.0713
9,30,16,0.0526
9,30,17,0.0403
9,30,18,0.0
9,30,19,0.0
9,30,20,0.0
9,30,21,0.0
9,30,22,0.0
9,30,23,0.0
10,1,0,0.0
10,1,1,0.0
10,1,2,0.0
10,1,3,0.0
10,1,4,0.0
10,1,5,0.0
10,1,6,0.0
10,1,7,0.005
10,1,8,0.0873
10,1,9,0.2314
10,1,10,0.3263
10,1,11,0.349
10,1,12,0.4094
10,1,13,0.396
10,1,14,0.2719
10,1,15,0.2528
10,1,16,0.1941
10,1,17,0.0916
10,1,18,0.0
10,1,19,0.0
10,1,20,0.0
10,1,21,0.0
10,1,22,0.0
10,1,23,0.0
10,2,0,0.0
10,2,1,0.0
10,2,2,0.0
10,2,3,0.0
10,2,4,0.0
10,2,5,0.0
10,2,6,0.0
10,2,7,0.0032
10,2,8,0.0963
10,2,9,0.1783
10,2,10,0.2317
10,2,11,0.3244
10,2,12,0.337
10,2,13,0.3227
10,2,14,0.2766
10,2,15,0.2913
10,2,16,0.2323
10,2,17,0.0874
10,2,18,0.0
10,2,19,0.0
10,2,20,0.0
10,2,21,0.0
10,2,22,0.0
10,2,23,0.0
10,3,0,0.0
10,3,1,0.0
10,3,2,0.0
10,3,3,0.0
10,3,4,0.0
10,3,5,0.0
10,3,6,0.0
10,3,7,0.0036
10,3,8,0.1318
10,3,9,0.279
10,3,10,0.4652
10,3,11,0.5346
10,3,12,0.5837
10,3,13,0.4472
10,3,14,0.3775
10,3,15,0.3181
10,3,16,0.224
10,3,17,0.102
10,3,18,0.0
10,3,19,0.0
10,3,20,0.0
10,3,21,0.0
10,3,22,0.0
10,3,23,0.0
10,4,0,0.0
10,4,1,0.0
10,4,2,0.0
10,4,3,0.0
10,4,4,0.0
10,4,5,0.0
10,4,6,0.0
10,4,7,0.0023
10,4,8,0.0946
10,4,9,0.2464
10,4,10,0.3808
10,4,11,0.3772
10,4,12,0.4026
10,4,13,0.3633
10,4,14,0.4727
10,4,15,0.3681
10,4,16,0.3207
10,4,17,0.1187
10,4,18,0.0
10,4,19,0.0
10,4,20,0.0
10,4,21,0.0
10,4,22,0.0
10,4,23,0.0
10,5,0,0.0
10,5,1,0.0
10,5,2,0.0
10,5,3,0.0
10,5,4,0.0
10,5,5,0.0
10,5,6,0.0
10,5,7,0.0016
10,5,8,0.1391
10,5,9,0.2666
10,5,10,0.3744
10,5,11,0.3766
10,5,12,0.4298
10,5,13,0.3566
10,5,14,0.2514
10,5,15,0.1911
10,5,16,0.1427
10,5,17,0.0629
10,5,18,0.0
10,5,19,0.0
10,5,20,0.0
10,5,21,0.0
10,5,22,0.0
10,5,23,0.0
10,6,0,0.0
10,6,1,0.0
10,6,2,0.0
10,6,3,0.0
10,6,4,0.0
10,6,5,0.0
10,6,6,0.0
10,6,7,0.0006
10,6,8,0.11
10,6,9,0.2433
10,6,10,0.3413
10,6,11,0.3627
10,6,12,0.4706
10,6,13,0.4222
10,6,14,0.277
10,6,15,0.2483
10,6,16,0.167
10,6,17,0.0952
10,6,18,0.0
10,6,19,0.0
10,6,20,0.0
10,6,21,0.0
10,6,22,0.0
10,6,23,0.0
10,7,0,0.0
10,7,1,0.0
10,7,2,0.0
10,7,3,0.0
10,7,4,0.0
10,7,5,0.0
10,7,6,0.0
10,7,7,0.0002
10,7,8,0.128
10,7,9,0.2998
10,7,10,0.4327
10,7,11,0.4456
10,7,12,0.4985
10,7,13,0.42
10,7,14,0.3282
10,7,15,0.2846
10,7,16,0.1655
10,7,17,0.0563
10,7,18,0.0
10,7,19,0.0
10,7,20,0.0
10,7,21,0.0
10,7,22,0.0
10,7,23,0.0
10,8,0,0.0
10,8,1,0.0
10,8,2,0.0
10,8,3,0.0
10,8,4,0.0
10,8,5,0.0
10,8,6,0.0
10,8,7,0.0
10,8,8,0.106
10,8,9,0.2006
10,8,10,0.3508
10,8,11,0.4081
10,8,12,0.3894
10,8,13,0.3728
10,8,14,0.2798
10,8,15,0.3686
10,8,16,0.2848
10,8,17,0.0929
10,8,18,0.0
10,8,19,0.0
10,8,20,0.0
10,8,21,0.0
10,8,22,0.0
10,8,23,0.0
10,9,0,0.0
10,9,1,0.0
10,9,2,0.0
10,9,3,0.0
10,9,4,0.0
10,9,5,0.0
10,9,6,0.0
10,9,7,0.0
10,9,8,0.0873
10,9,9,0.2116
10,9,10,0.3355
10,9,11,0.3975
10,9,12,0.3589
10,9,13,0.3808
10,9,14,0.3451
10,9,15,0.2562
10,9,16,0.209
10,9,17,0.0681
10,9,18,0.0
10,9,19,0.0
10,9,20,0.0
10,9,21,0.0
10,9,22,0.0
10,9,23,0.0
10,10,0,0.0
10,10,1,0.0
10,10,2,0.0
10,10,3,0.0
10,10,4,0.0
10,10,5,0.0
10,10,6,0.0
10,10,7,0.0
10,10,8,0.1146
10,10,9,0.2576
10,10,10,0.3708
10,10,11,0.433
10,10,12,0.4114
10,10,13,0.465
10,10,14,0.4443
10,10,15,0.3161
10,10,16,0.1331
10,10,17,0.0536
10,10,18,0.0
10,10,19,0.0
10,10,20,0.0
10,10,21,0.0
10,10,22,0.0
10,10,23,0.0
10,11,0,0.0
10,11,1,0.0
10,11,2,0.0
10,11,3,0.0
10,11,4,0.0
10,11,5,0.0
10,11,6,0.0
10,11,7,0.0
10,11,8,0.1149
10,11,9,0.2887
10,11,10,0.4113
10,11,11,0.3963
10,11,12,0.4465
10,11,13,0.2544
10,11,14,0.3525
10,11,15,0.2526
10,11,16,0.1793
10,11,17,0.0306
10,11,18,0.0
10,11,19,0.0
10,11,20,0.0
10,11,21,0.0
10,11,22,0.0
10,11,23,0.0
10,12,0,0.0
10,12,1,0.0
10,12,2,0.0
10,12,3,0.0
10,12,4,0.0
10,12,5,0.0
10,12,6,0.0
10,12,7,0.0
10,12,8,0.0741
10,12,9,0.254
10,12,10,0.3768
10,12,11,0.4475
10,12,12,0.3884
10,12,13,0.1814
10,12,14,0.3826
10,12,15,0.3382
10,12,16,0.2064
10,12,17,0.0487
10,12,18,0.0
10,12,19,0.0
10,12,20,0.0
10,12,21,0.0
10,12,22,0.0
10,12,23,0.0
10,13,0,0.0
10,13,1,0.0
10,13,2,0.0
10,13,3,0.0
10,13,4,0.0
10,13,5,0.0
10,13,6,0.0
10,13,7,0.0
10,13,8,0.0904
10,13,9,0.2071
10,13,10,0.3199
10,13,11,0.3847
10,13,12,0.4186
10,13,13,0.4294
10,13,14,0.3013
10,13,15,0.3014
10,13,16,0.2018
10,13,17,0.0671
10,13,18,0.0
10,13,19,0.0
10,13,20,0.0
10,13,21,0.0
10,13,22,0.0
10,13,23,0.0
10,14,0,0.0
10,14,1,0.0
10,14,2,0.0
10,14,3,0.0
10,14,4,0.0
10,14,5,0.0
10,14,6,0.0
10,14,7,0.0
10,14,8,0.0802
10,14,9,0.1956
10,14,10,0.3249
10,14,11,0.3309
10,14,12,0.3665
10,14,13,0.4107
10,14,14,0.3349
10,14,15,0.2109
10,14,16,0.1611
10,14,17,0.0534
10,14,18,0.0
10,14,19,0.0
10,14,20,0.0
10,14,21,0.0
10,14,22,0.0
10,14,23,0.0
10,15,0,0.0
10,15,1,0.0
10,15,2,0.0
10,15,3,0.0
10,15,4,0.0
10,15,5,0.0
10,15,6,0.0
10,15,7,0.0
10,15,8,0.0927
10,15,9,0.2424
10,15,10,0.2866
10,15,11,0.3259
10,15,12,0.3141
10,15,13,0.2573
10,15,14,0.2003
10,15,15,0.1997
10,15,16,0.0848
10,15,17,0.0252
10,15,18,0.0
10,15,19,0.0
10,15,20,0.0
10,15,21,0.0
10,15,22,0.0
10,15,23,0.0
10,16,0,0.0
10,16,1,0.0
10,16,2,0.0
10,16,3,0.0
10,16,4,0.0
10,16,5,0.0
10,16,6,0.0
10,16,7,0.0
10,16,8,0.0624
10,16,9,0.1384
10,16,10,0.1774
10,16,11,0.235
10,16,12,0.0905
10,16,13,0.1077
10,16,14,0.2233
10,16,15,0.146
10,16,16,0.1024
10,16,17,0.0151
10,16,18,0.0
10,16,19,0.0
10,16,20,0.0
10,16,21,0.0
10,16,22,0.0
10,16,23,0.0
10,17,0,0.0
10,17,1,0.0
10,17,2,0.0
10,17,3,0.0
10,17,4,0.0
10,17,5,0.0
10,17,6,0.0
10,17,7,0.0
10,17,8,0.0998
10,17,9,0.2438
10,17,10,0.3588
10,17,11,0.3881
10,17,12,0.3729
10,17,13,0.3349
10,17,14,0.2838
10,17,15,0.2406
10,17,16,0.1219
10,17,17,0.0265
10,17,18,0.0
10,17,19,0.0
10,17,20,0.0
10,17,21,0.0
10,17,22,0.0
10,17,23,0.0
10,18,0,0.0
10,18,1,0.0
10,18,2,0.0
10,18,3,0.0
10,18,4,0.0
10,18,5,0.0
10,18,6,0.0
10,18,7,0.0
10,18,8,0.0914
10,18,9,0.2538
10,18,10,0.35
10,18,11,0.4315
10,18,12,0.5148
10,18,13,0.4079
10,18,14,0.3763
10,18,15,0.2856
10,18,16,0.1663
10,18,17,0.0224
10,18,18,0.0
10,18,19,0.0
10,18,20,0.0
10,18,21,0.0
10,18,22,0.0
10,18,23,0.0
10,19,0,0.0
10,19,1,0.0
10,19,2,0.0
10,19,3,0.0
10,19,4,0.0
10,19,5,0.0
10,19,6,0.0
10,19,7,0.0
10,19,8,0.0385
10,19,9,0.1965
10,19,10,0.32
10,19,11,0.2355
10,19,12,0.2372
10,19,13,0.2328
10,19,14,0.2556
10,19,15,0.2086
10,19,16,0.1171
10,19,17,0.0188
10,19,18,0.0
10,19,19,0.0
10,19,20,0.0
10,19,21,0.0
10,19,22,0.0
10,19,23,0.0
10,20,0,0.0
10,20,1,0.0
10,20,2,0.0
10,20,3,0.0
10,20,4,0.0
10,20,5,0.0
10,20,6,0.0
10,20,7,0.0
10,20,8,0.0866
10,20,9,0.2641
10,20,10,0.4046
10,20,11,0.5285
10,20,12,0.5701
10,20,13,0.5437
10,20,14,0.4843
10,20,15,0.3574
10,20,16,0.2291
10,20,17,0.0253
10,20,18,0.0
10,20,19,0.0
10,20,20,0.0
10,20,21,0.0
10,20,22,0.0
10,20,23,0.0
10,21,0,0.0
10,21,1,0.0
10,21,2,0.0
10,21,3,0.0
10,21,4,0.0
10,21,5,0.0
10,21,6,0.0
10,21,7,0.0
10,21,8,0.0578
10,21,9,0.1327
10,21,10,0.2666
10,21,11,0.1708
10,21,12,0.3218
10,21,13,0.3523
10,21,14,0.3666
10,21,15,0.2998
10,21,16,0.1637
10,21,17,0.0231
10,21,18,0.0
10,21,19,0.0
10,21,20,0.0
10,21,21,0.0
10,21,22,0.0
10,21,23,0.0
10,22,0,0.0
10,22,1,0.0
10,22,2,0.0
10,22,3,0.0
10,22,4,0.0
10,22,5,0.0
10,22,6,0.0
10,22,7,0.0
10,22,8,0.0622
10,22,9,0.1595
10,22,10,0.3269
10,22,11,0.3732
10,22,12,0.4088
10,22,13,0.3815
10,22,14,0.3088
10,22,15,0.2603
10,22,16,0.1072
10,22,17,0.0154
10,22,18,0.0
10,22,19,0.0
10,22,20,0.0
10,22,21,0.0
10,22,22,0.0
10,22,23,0.0
10,23,0,0.0
10,23,1,0.0
10,23,2,0.0
10,23,3,0.0
10,23,4,0.0
10,23,5,0.0
10,23,6,0.0
10,23,7,0.0
10,23,8,0.0432
10,23,9,0.1352
10,23,10,0.2245
10,23,11,0.1933
10,23,12,0.2712
10,23,13,0.4314
10,23,14,0.3127
10,23,15,0.3046
10,23,16,0.1785
10,23,17,0.0097
10,23,18,0.0
10,23,19,0.0
10,23,20,0.0
10,23,21,0.0
10,23,22,0.0
10,23,23,0.0
10,24,0,0.0
10,24,1,0.0
10,24,2,0.0
10,24,3,0.0
10,24,4,0.0
10,24,5,0.0
10,24,6,0.0
10,24,7,0.0
10,24,8,0.0679
10,24,9,0.1975
10,24,10,0.2603
10,24,11,0.3289
10,24,12,0.4181
10,24,13,0.4558
10,24,14,0.3866
10,24,15,0.288
10,24,16,0.1578
10,24,17,0.0118
10,24,18,0.0
10,24,19,0.0
10,24,20,0.0
10,24,21,0.0
10,24,22,0.0
10,24,23,0.0
10,25,0,0.0
10,25,1,0.0
10,25,2,0.0
10,25,3,0.0
10,25,4,0.0
10,25,5,0.0
10,25,6,0.0
10,25,7,0.0065
10,25,8,0.0832
10,25,9,0.2301
10,25,10,0.2265
10,25,11,0.2833
10,25,12,0.5202
10,25,13,0.4618
10,25,14,0.3144
10,25,15,0.2969
10,25,16,0.1601
10,25,17,0.0033
10,25,18,0.0
10,25,19,0.0
10,25,20,0.0
10,25,21,0.0
10,25,22,0.0
10,25,23,0.0
10,26,0,0.0
10,26,1,0.0
10,26,2,0.0
10,26,3,0.0
10,26,4,0.0
10,26,5,0.0
10,26,6,0.0
10,26,7,0.0051
10,26,8,0.0634
10,26,9,0.2332
10,26,10,0.488
10,26,11,0.5795
10,26,12,0.4603
10,26,13,0.3903
10,26,14,0.2806
10,26,15,0.2509
10,26,16,0.12
10,26,17,0.004
10,26,18,0.0
10,26,19,0.0
10,26,20,0.0
10,26,21,0.0
10,26,22,0.0
10,26,23,0.0
10,27,0,0.0
10,27,1,0.0
10,27,2,0.0
10,27,3,0.0
10,27,4,0.0
10,27,5,0.0
10,27,6,0.0
10,27,7,0.0213
10,27,8,0.1067
10,27,9,0.2426
10,27,10,0.3444
10,27,11,0.4527
10,27,12,0.4805
10,27,13,0.4687
10,27,14,0.3649
10,27,15,0.2377
10,27,16,0.0528
10,27,17,0.0
10,27,18,0.0
10,27,19,0.0
10,27,20,0.0
10,27,21,0.0
10,27,22,0.0
10,27,23,0.0
10,28,0,0.0
10,28,1,0.0
10,28,2,0.0
10,28,3,0.0
10,28,4,0.0
10,28,5,0.0
10,28,6,0.0
10,28,7,0.0126
10,28,8,0.0862
10,28,9,0.2507
10,28,10,0.3577
10,28,11,0.4654
10,28,12,0.3895
10,28,13,0.3831
10,28,14,0.2769
10,28,15,0.2325
10,28,16,0.0813
10,28,17,0.0001
10,28,18,0.0
10,28,19,0.0
10,28,20,0.0
10,28,21,0.0
10,28,22,0.0
10,28,23,0.0
10,29,0,0.0
10,29,1,0.0
10,29,2,0.0
10,29,3,0.0
10,29,4,0.0
10,29,5,0.0
10,29,6,0.0
10,29,7,0.0265
10,29,8,0.1458
10,29,9,0.2793
10,29,10,0.3902
10,29,11,0.3656
10,29,12,0.404
10,29,13,0.4235
10,29,14,0.2757
10,29,15,0.1927
10,29,16,0.0869
10,29,17,0.0
10,29,18,0.0
10,29,19,0.0
10,29,20,0.0
10,29,21,0.0
10,29,22,0.0
10,29,23,0.0
10,30,0,0.0
10,30,1,0.0
10,30,2,0.0
10,30,3,0.0
10,30,4,0.0
10,30,5,0.0
10,30,6,0.0
10,30,7,0.0259
10,30,8,0.1581
10,30,9,0.3131
10,30,10,0.3627
10,30,11,0.434
10,30,12,0.4178
10,30,13,0.417
10,30,14,0.3236
10,30,15,0.1651
10,30,16,0.0394
10,30,17,0.0
10,30,18,0.0
10,30,19,0.0
10,30,20,0.0
10,30,21,0.0
10,30,22,0.0
10,30,23,0.0
10,31,0,0.0
10,31,1,0.0
10,31,2,0.0
10,31,3,0.0
10,31,4,0.0
10,31,5,0.0
10,31,6,0.0
10,31,7,0.0341
10,31,8,0.1755
10,31,9,0.3044
10,31,10,0.3826
10,31,11,0.4849
10,31,12,0.4549
10,31,13,0.3896
10,31,14,0.3277
10,31,15,0.1591
10,31,16,0.0
10,31,17,0.0
10,31,18,0.0
10,31,19,0.0
10,31,20,0.0
10,31,21,0.0
10,31,22,0.0
10,31,23,0.0
11,1,0,0.0
11,1,1,0.0
11,1,2,0.0
11,1,3,0.0
11,1,4,0.0
11,1,5,0.0
11,1,6,0.0
11,1,7,0.033
11,1,8,0.2034
11,1,9,0.3781
11,1,10,0.3779
11,1,11,0.5069
11,1,12,0.4676
11,1,13,0.4395
11,1,14,0.2875
11,1,15,0.1719
11,1,16,0.0
11,1,17,0.0
11,1,18,0.0
11,1,19,0.0
11,1,20,0.0
11,1,21,0.0
11,1,22,0.0
11,1,23,0.0
11,2,0,0.0
11,2,1,0.0
11,2,2,0.0
11,2,3,0.0
11,2,4,0.0
11,2,5,0.0
11,2,6,0.0
11,2,7,0.022
11,2,8,0.1061
11,2,9,0.244
11,2,10,0.3109
11,2,11,0.3001
11,2,12,0.2619
11,2,13,0.2882
11,2,14,0.1634
11,2,15,0.0518
11,2,16,0.0
11,2,17,0.0
11,2,18,0.0
11,2,19,0.0
11,2,20,0.0
11,2,21,0.0
11,2,22,0.0
11,2,23,0.0
11,3,0,0.0
11,3,1,0.0
11,3,2,0.0
11,3,3,0.0
11,3,4,0.0
11,3,5,0.0
11,3,6,0.0
11,3,7,0.0207
11,3,8,0.1478
11,3,9,0.223
11,3,10,0.2786
11,3,11,0.3545
11,3,12,0.3218
11,3,13,0.2205
11,3,14,0.1585
11,3,15,0.0766
11,3,16,0.0
11,3,17,0.0
11,3,18,0.0
11,3,19,0.0
11,3,20,0.0
11,3,21,0.0
11,3,22,0.0
11,3,23,0.0
11,4,0,0.0
11,4,1,0.0
11,4,2,0.0
11,4,3,0.0
11,4,4,0.0
11,4,5,0.0
11,4,6,0.0
11,4,7,0.026
11,4,8,0.0928
11,4,9,0.1504
11,4,10,0.2078
11,4,11,0.1661
11,4,12,0.2634
11,4,13,0.1775
11,4,14,0.1497
11,4,15,0.0636
11,4,16,0.0
11,4,17,0.0
11,4,18,0.0
11,4,19,0.0
11,4,20,0.0
11,4,21,0.0
11,4,22,0.0
11,4,23,0.0
11,5,0,0.0
11,5,1,0.0
11,5,2,0.0
11,5,3,0.0
11,5,4,0.0
11,5,5,0.0
11,5,6,0.0
11,5,7,0.021
11,5,8,0.0986
11,5,9,0.1018
11,5,10,0.1045
11,5,11,0.1956
11,5,12,0.1702
11,5,13,0.1029
11,5,14,0.0694
11,5,15,0.094
11,5,16,0.0
11,5,17,0.0
11,5,18,0.0
11,5,19,0.0
11,5,20,0.0
11,5,21,0.0
11,5,22,0.0
11,5,23,0.0
11,6,0,0.0
11,6,1,0.0
11,6,2,0.0
11,6,3,0.0
11,6,4,0.0
11,6,5,0.0
11,6,6,0.0
11,6,7,0.0284
11,6,8,0.1917
11,6,9,0.2396
11,6,10,0.2968
11,6,11,0.4624
11,6,12,0.4416
11,6,13,0.241
11,6,14,0.2167
11,6,15,0.1278
11,6,16,0.0
11,6,17,0.0
11,6,18,0.0
11,6,19,0.0
11,6,20,0.0
11,6,21,0.0
11,6,22,0.0
11,6,23,0.0
11,7,0,0.0
11,7,1,0.0
11,7,2,0.0
11,7,3,0.0
11,7,4,0.0
11,7,5,0.0
11,7,6,0.0
11,7,7,0.0025
11,7,8,0.0824
11,7,9,0.2201
11,7,10,0.3585
11,7,11,0.498
11,7,12,0.5982
11,7,13,0.4684
11,7,14,0.2956
11,7,15,0.1595
11,7,16,0.0
11,7,17,0.0
11,7,18,0.0
11,7,19,0.0
11,7,20,0.0
11,7,21,0.0
11,7,22,0.0
11,7,23,0.0
11,8,0,0.0
11,8,1,0.0
11,8,2,0.0
11,8,3,0.0
11,8,4,0.0
11,8,5,0.0
11,8,6,0.0
11,8,7,0.0026
11,8,8,0.1515
11,8,9,0.3777
11,8,10,0.3939
11,8,11,0.4444
11,8,12,0.3863
11,8,13,0.3141
11,8,14,0.2809
11,8,15,0.1261
11,8,16,0.0
11,8,17,0.0
11,8,18,0.0
11,8,19,0.0
11,8,20,0.0
11,8,21,0.0
11,8,22,0.0
11,8,23,0.0
11,9,0,0.0
11,9,1,0.0
11,9,2,0.0
11,9,3,0.0
11,9,4,0.0
11,9,5,0.0
11,9,6,0.0
11,9,7,0.0005
11,9,8,0.0887
11,9,9,0.1989
11,9,10,0.2101
11,9,11,0.2378
11,9,12,0.2268
11,9,13,0.1656
11,9,14,0.1266
11,9,15,0.0638
11,9,16,0.0
11,9,17,0.0
11,9,18,0.0
11,9,19,0.0
11,9,20,0.0
11,9,21,0.0
11,9,22,0.0
11,9,23,0.0
11,10,0,0.0
11,10,1,0.0
11,10,2,0.0
11,10,3,0.0
11,10,4,0.0
11,10,5,0.0
11,10,6,0.0
11,10,7,0.0004
11,10,8,0.0889
11,10,9,0.1469
11,10,10,0.3062
11,10,11,0.1912
11,10,12,0.1915
11,10,13,0.2361
11,10,14,0.1101
11,10,15,0.0496
11,10,16,0.0
11,10,17,0.0
11,10,18,0.0
11,10,19,0.0
11,10,20,0.0
11,10,21,0.0
11,10,22,0.0
11,10,23,0.0
11,11,0,0.0
11,11,1,0.0
11,11,2,0.0
11,11,3,0.0
11,11,4,0.0
11,11,5,0.0
11,11,6,0.0
11,11,7,0.0003
11,11,8,0.1272
11,11,9,0.1986
11,11,10,0.1889
11,11,11,0.3514
11,11,12,0.3685
11,11,13,0.2194
11,11,14,0.167
11,11,15,0.0391
11,11,16,0.0
11,11,17,0.0
11,11,18,0.0
11,11,19,0.0
11,11,20,0.0
11,11,21,0.0
11,11,22,0.0
11,11,23,0.0
11,12,0,0.0
11,12,1,0.0
11,12,2,0.0
11,12,3,0.0
11,12,4,0.0
11,12,5,0.0
11,12,6,0.0
11,12,7,0.0
11,12,8,0.0533
11,12,9,0.1434
11,12,10,0.1827
11,12,11,0.1775
11,12,12,0.1545
11,12,13,0.1331
11,12,14,0.0893
11,12,15,0.0339
11,12,16,0.0
11,12,17,0.0
11,12,18,0.0
11,12,19,0.0
11,12,20,0.0
11,12,21,0.0
11,12,22,0.0
11,12,23,0.0
11,13,0,0.0
11,13,1,0.0
11,13,2,0.0
11,13,3,0.0
11,13,4,0.0
11,13,5,0.0
11,13,6,0.0
11,13,7,0.0
11,13,8,0.0309
11,13,9,0.067
11,13,10,0.0608
11,13,11,0.1606
11,13,12,0.3413
11,13,13,0.3599
11,13,14,0.1689
11,13,15,0.1048
11,13,16,0.0
11,13,17,0.0
11,13,18,0.0
11,13,19,0.0
11,13,20,0.0
11,13,21,0.0
11,13,22,0.0
11,13,23,0.0
11,14,0,0.0
11,14,1,0.0
11,14,2,0.0
11,14,3,0.0
11,14,4,0.0
11,14,5,0.0
11,14,6,0.0
11,14,7,0.0
11,14,8,0.0579
11,14,9,0.1358
11,14,10,0.162
11,14,11,0.1723
11,14,12,0.1113
11,14,13,0.2323
11,14,14,0.1379
11,14,15,0.0473
11,14,16,0.0
11,14,17,0.0
11,14,18,0.0
11,14,19,0.0
11,14,20,0.0
11,14,21,0.0
11,14,22,0.0
11,14,23,0.0
11,15,0,0.0
11,15,1,0.0
11,15,2,0.0
11,15,3,0.0
11,15,4,0.0
11,15,5,0.0
11,15,6,0.0
11,15,7,0.0
11,15,8,0.0986
11,15,9,0.2028
11,15,10,0.2707
11,15,11,0.3998
11,15,12,0.3363
11,15,13,0.2716
11,15,14,0.1529
11,15,15,0.0377
11,15,16,0.0
11,15,17,0.0
11,15,18,0.0
11,15,19,0.0
11,15,20,0.0
11,15,21,0.0
11,15,22,0.0
11,15,23,0.0
11,16,0,0.0
11,16,1,0.0
11,16,2,0.0
11,16,3,0.0
11,16,4,0.0
11,16,5,0.0
11,16,6,0.0
11,16,7,0.0
11,16,8,0.0232
11,16,9,0.1178
11,16,10,0.1153
11,16,11,0.2866
11,16,12,0.2045
11,16,13,0.1335
11,16,14,0.1097
11,16,15,0.0265
11,16,16,0.0
11,16,17,0.0
11,16,18,0.0
11,16,19,0.0
11,16,20,0.0
11,16,21,0.0
11,16,22,0.0
11,16,23,0.0
11,17,0,0.0
11,17,1,0.0
11,17,2,0.0
11,17,3,0.0
11,17,4,0.0
11,17,5,0.0
11,17,6,0.0
11,17,7,0.0
11,17,8,0.0799
11,17,9,0.1652
11,17,10,0.1307
11,17,11,0.2207
11,17,12,0.25
11,17,13,0.1685
11,17,14,0.0636
11,17,15,0.012
11,17,16,0.0
11,17,17,0.0
11,17,18,0.0
11,17,19,0.0
11,17,20,0.0
11,17,21,0.0
11,17,22,0.0
11,17,23,0.0
11,18,0,0.0
11,18,1,0.0
11,18,2,0.0
11,18,3,0.0
11,18,4,0.0
11,18,5,0.0
11,18,6,0.0
11,18,7,0.0
11,18,8,0.0268
11,18,9,0.0574
11,18,10,0.0792
11,18,11,0.0824
11,18,12,0.0772
11,18,13,0.0735
11,18,14,0.0614
11,18,15,0.0082
11,18,16,0.0
11,18,17,0.0
11,18,18,0.0
11,18,19,0.0
11,18,20,0.0
11,18,21,0.0
11,18,22,0.0
11,18,23,0.0
11,19,0,0.0
11,19,1,0.0
11,19,2,0.0
11,19,3,0.0
11,19,4,0.0
11,19,5,0.0
11,19,6,0.0
11,19,7,0.0
11,19,8,0.0767
11,19,9,0.1399
11,19,10,0.1665
11,19,11,0.1916
11,19,12,0.1877
11,19,13,0.2093
11,19,14,0.1706
11,19,15,0.0656
11,19,16,0.0
11,19,17,0.0
11,19,18,0.0
11,19,19,0.0
11,19,20,0.0
11,19,21,0.0
11,19,22,0.0
11,19,23,0.0
11,20,0,0.0
11,20,1,0.0
11,20,2,0.0
11,20,3,0.0
11,20,4,0.0
11,20,5,0.0
11,20,6,0.0
11,20,7,0.0
11,20,8,0.117
11,20,9,0.187
11,20,10,0.1859
11,20,11,0.18
11,20,12,0.2046
11,20,13,0.1024
11,20,14,0.1143
11,20,15,0.0089
11,20,16,0.0
11,20,17,0.0
11,20,18,0.0
11,20,19,0.0
11,20,20,0.0
11,20,21,0.0
11,20,22,0.0
11,20,23,0.0
11,21,0,0.0
11,21,1,0.0
11,21,2,0.0
11,21,3,0.0
11,21,4,0.0
11,21,5,0.0
11,21,6,0.0
11,21,7,0.0
11,21,8,0.1023
11,21,9,0.1963
11,21,10,0.2787
11,21,11,0.13
11,21,12,0.2065
11,21,13,0.1405
11,21,14,0.1028
11,21,15,0.0241
11,21,16,0.0
11,21,17,0.0
11,21,18,0.0
11,21,19,0.0
11,21,20,0.0
11,21,21,0.0
11,21,22,0.0
11,21,23,0.0
11,22,0,0.0
11,22,1,0.0
11,22,2,0.0
11,22,3,0.0
11,22,4,0.0
11,22,5,0.0
11,22,6,0.0
11,22,7,0.0
11,22,8,0.0903
11,22,9,0.2338
11,22,10,0.3374
11,22,11,0.3416
11,22,12,0.253
11,22,13,0.1461
11,22,14,0.1132
11,22,15,0.0417
11,22,16,0.0
11,22,17,0.0
11,22,18,0.0
11,22,19,0.0
11,22,20,0.0
11,22,21,0.0
11,22,22,0.0
11,22,23,0.0
11,23,0,0.0
11,23,1,0.0
11,23,2,0.0
11,23,3,0.0
11,23,4,0.0
11,23,5,0.0
11,23,6,0.0
11,23,7,0.0
11,23,8,0.063
11,23,9,0.1687
11,23,10,0.2159
11,23,11,0.2726
11,23,12,0.1535
11,23,13,0.2483
11,23,14,0.0898
11,23,15,0.0224
11,23,16,0.0
11,23,17,0.0
11,23,18,0.0
11,23,19,0.0
11,23,20,0.0
11,23,21,0.0
11,23,22,0.0
11,23,23,0.0
11,24,0,0.0
11,24,1,0.0
11,24,2,0.0
11,24,3,0.0
11,24,4,0.0
11,24,5,0.0
11,24,6,0.0
11,24,7,0.0
11,24,8,0.0672
11,24,9,0.2808
11,24,10,0.3012
11,24,11,0.3841
11,24,12,0.3443
11,24,13,0.277
11,24,14,0.1501
11,24,15,0.0315
11,24,16,0.0
11,24,17,0.0
11,24,18,0.0
11,24,19,0.0
11,24,20,0.0
11,24,21,0.0
11,24,22,0.0
11,24,23,0.0
11,25,0,0.0
11,25,1,0.0
11,25,2,0.0
11,25,3,0.0
11,25,4,0.0
11,25,5,0.0
11,25,6,0.0
11,25,7,0.0
11,25,8,0.1084
11,25,9,0.2185
11,25,10,0.2447
11,25,11,0.2781
11,25,12,0.2167
11,25,13,0.1402
11,25,14,0.0916
11,25,15,0.0166
11,25,16,0.0
11,25,17,0.0
11,25,18,0.0
11,25,19,0.0
11,25,20,0.0
11,25,21,0.0
11,25,22,0.0
11,25,23,0.0
11,26,0,0.0
11,26,1,0.0
11,26,2,0.0
11,26,3,0.0
11,26,4,0.0
11,26,5,0.0
11,26,6,0.0
11,26,7,0.0
11,26,8,0.0297
11,26,9,0.0752
11,26,10,0.1302
11,26,11,0.0967
11,26,12,0.1364
11,26,13,0.0525
11,26,14,0.0467
11,26,15,0.0018
11,26,16,0.0
11,26,17,0.0
11,26,18,0.0
11,26,19,0.0
11,26,20,0.0
11,26,21,0.0
11,26,22,0.0
11,26,23,0.0
11,27,0,0.0
11,27,1,0.0
11,27,2,0.0
11,27,3,0.0
11,27,4,0.0
11,27,5,0.0
11,27,6,0.0
11,27,7,0.0
11,27,8,0.0748
11,27,9,0.1554
11,27,10,0.2709
11,27,11,0.294
11,27,12,0.3796
11,27,13,0.1612
11,27,14,0.1363
11,27,15,0.0072
11,27,16,0.0
11,27,17,0.0
11,27,18,0.0
11,27,19,0.0
11,27,20,0.0
11,27,21,0.0
11,27,22,0.0
11,27,23,0.0
11,28,0,0.0
11,28,1,0.0
11,28,2,0.0
11,28,3,0.0
11,28,4,0.0
11,28,5,0.0
11,28,6,0.0
11,28,7,0.0
11,28,8,0.0899
11,28,9,0.0487
11,28,10,0.0275
11,28,11,0.1657
11,28,12,0.0991
11,28,13,0.0975
11,28,14,0.0665
11,28,15,0.0149
11,28,16,0.0
11,28,17,0.0
11,28,18,0.0
11,28,19,0.0
11,28,20,0.0
11,28,21,0.0
11,28,22,0.0
11,28,23,0.0
11,29,0,0.0
11,29,1,0.0
11,29,2,0.0
11,29,3,0.0
11,29,4,0.0
11,29,5,0.0
11,29,6,0.0
11,29,7,0.0
11,29,8,0.0496
11,29,9,0.0944
11,29,10,0.1113
11,29,11,0.1486
11,29,12,0.1392
11,29,13,0.1592
11,29,14,0.108
11,29,15,0.014
11,29,16,0.0
11,29,17,0.0
11,29,18,0.0
11,29,19,0.0
11,29,20,0.0
11,29,21,0.0
11,29,22,0.0
11,29,23,0.0
11,30,0,0.0
11,30,1,0.0
11,30,2,0.0
11,30,3,0.0
11,30,4,0.0
11,30,5,0.0
11,30,6,0.0
11,30,7,0.0
11,30,8,0.0352
11,30,9,0.0808
11,30,10,0.1597
11,30,11,0.2434
11,30,12,0.1838
11,30,13,0.1088
11,30,14,0.1129
11,30,15,0.0091
11,30,16,0.0
11,30,17,0.0
11,30,18,0.0
11,30,19,0.0
11,30,20,0.0
11,30,21,0.0
11,30,22,0.0
11,30,23,0.0
12,1,0,0.0
12,1,1,0.0
12,1,2,0.0
12,1,3,0.0
12,1,4,0.0
12,1,5,0.0
12,1,6,0.0
12,1,7,0.0
12,1,8,0.0979
12,1,9,0.2607
12,1,10,0.2937
12,1,11,0.2676
12,1,12,0.266
12,1,13,0.27
12,1,14,0.1597
12,1,15,0.0282
12,1,16,0.0
12,1,17,0.0
12,1,18,0.0
12,1,19,0.0
12,1,20,0.0
12,1,21,0.0
12,1,22,0.0
12,1,23,0.0
12,2,0,0.0
12,2,1,0.0
12,2,2,0.0
12,2,3,0.0
12,2,4,0.0
12,2,5,0.0
12,2,6,0.0
12,2,7,0.0
12,2,8,0.0151
12,2,9,0.0601
12,2,10,0.0469
12,2,11,0.076
12,2,12,0.1408
12,2,13,0.0746
12,2,14,0.0365
12,2,15,0.0249
12,2,16,0.0
12,2,17,0.0
12,2,18,0.0
12,2,19,0.0
12,2,20,0.0
12,2,21,0.0
12,2,22,0.0
12,2,23,0.0
12,3,0,0.0
12,3,1,0.0
12,3,2,0.0
12,3,3,0.0
12,3,4,0.0
12,3,5,0.0
12,3,6,0.0
12,3,7,0.0
12,3,8,0.0542
12,3,9,0.066
12,3,10,0.0682
12,3,11,0.2174
12,3,12,0.2514
12,3,13,0.245
12,3,14,0.0663
12,3,15,0.0121
12,3,16,0.0
12,3,17,0.0
12,3,18,0.0
12,3,19,0.0
12,3,20,0.0
12,3,21,0.0
12,3,22,0.0
12,3,23,0.0
12,4,0,0.0
12,4,1,0.0
12,4,2,0.0
12,4,3,0.0
12,4,4,0.0
12,4,5,0.0
12,4,6,0.0
12,4,7,0.0
12,4,8,0.0417
12,4,9,0.1994
12,4,10,0.1895
12,4,11,0.2535
12,4,12,0.315
12,4,13,0.4128
12,4,14,0.2268
12,4,15,0.0294
12,4,16,0.0
12,4,17,0.0
12,4,18,0.0
12,4,19,0.0
12,4,20,0.0
12,4,21,0.0
12,4,22,0.0
12,4,23,0.0
12,5,0,0.0
12,5,1,0.0
12,5,2,0.0
12,5,3,0.0
12,5,4,0.0
12,5,5,0.0
12,5,6,0.0
12,5,7,0.0
12,5,8,0.0609
12,5,9,0.1571
12,5,10,0.1534
12,5,11,0.2459
12,5,12,0.2122
12,5,13,0.2471
12,5,14,0.1184
12,5,15,0.0277
12,5,16,0.0
12,5,17,0.0
12,5,18,0.0
12,5,19,0.0
12,5,20,0.0
12,5,21,0.0
12,5,22,0.0
12,5,23,0.0
12,6,0,0.0
12,6,1,0.0
12,6,2,0.0
12,6,3,0.0
12,6,4,0.0
12,6,5,0.0
12,6,6,0.0
12,6,7,0.0
12,6,8,0.0674
12,6,9,0.1527
12,6,10,0.2504
12,6,11,0.2826
12,6,12,0.2626
12,6,13,0.239
12,6,14,0.1257
12,6,15,0.0331
12,6,16,0.0
12,6,17,0.0
12,6,18,0.0
12,6,19,0.0
12,6,20,0.0
12,6,21,0.0
12,6,22,0.0
12,6,23,0.0
12,7,0,0.0
12,7,1,0.0
12,7,2,0.0
12,7,3,0.0
12,7,4,0.0
12,7,5,0.0
12,7,6,0.0
12,7,7,0.0
12,7,8,0.0174
12,7,9,0.0425
12,7,10,0.0544
12,7,11,0.1209
12,7,12,0.0932
12,7,13,0.145
12,7,14,0.0715
12,7,15,0.0053
12,7,16,0.0
12,7,17,0.0
12,7,18,0.0
12,7,19,0.0
12,7,20,0.0
12,7,21,0.0
12,7,22,0.0
12,7,23,0.0
12,8,0,0.0
12,8,1,0.0
12,8,2,0.0
12,8,3,0.0
12,8,4,0.0
12,8,5,0.0
12,8,6,0.0
12,8,7,0.0
12,8,8,0.0243
12,8,9,0.1205
12,8,10,0.203
12,8,11,0.0856
12,8,12,0.1573
12,8,13,0.2153
12,8,14,0.1111
12,8,15,0.0159
12,8,16,0.0
12,8,17,0.0
12,8,18,0.0
12,8,19,0.0
12,8,20,0.0
12,8,21,0.0
12,8,22,0.0
12,8,23,0.0
12,9,0,0.0
12,9,1,0.0
12,9,2,0.0
12,9,3,0.0
12,9,4,0.0
12,9,5,0.0
12,9,6,0.0
12,9,7,0.0
12,9,8,0.0245
12,9,9,0.041
12,9,10,0.0288
12,9,11,0.057
12,9,12,0.0642
12,9,13,0.0465
12,9,14,0.0662
12,9,15,0.0039
12,9,16,0.0
12,9,17,0.0
12,9,18,0.0
12,9,19,0.0
12,9,20,0.0
12,9,21,0.0
12,9,22,0.0
12,9,23,0.0
12,10,0,0.0
12,10,1,0.0
12,10,2,0.0
12,10,3,0.0
12,10,4,0.0
12,10,5,0.0
12,10,6,0.0
12,10,7,0.0
12,10,8,0.0391
12,10,9,0.0414
12,10,10,0.0726
12,10,11,0.1351
12,10,12,0.1174
12,10,13,0.0537
12,10,14,0.0378
12,10,15,0.0035
12,10,16,0.0
12,10,17,0.0
12,10,18,0.0
12,10,19,0.0
12,10,20,0.0
12,10,21,0.0
12,10,22,0.0
12,10,23,0.0
12,11,0,0.0
12,11,1,0.0
12,11,2,0.0
12,11,3,0.0
12,11,4,0.0
12,11,5,0.0
12,11,6,0.0
12,11,7,0.0
12,11,8,0.0583
12,11,9,0.1403
12,11,10,0.2498
12,11,11,0.3061
12,11,12,0.3733
12,11,13,0.3106
12,11,14,0.1788
12,11,15,0.0317
12,11,16,0.0
12,11,17,0.0
12,11,18,0.0
12,11,19,0.0
12,11,20,0.0
12,11,21,0.0
12,11,22,0.0
12,11,23,0.0
12,12,0,0.0
12,12,1,0.0
12,12,2,0.0
12,12,3,0.0
12,12,4,0.0
12,12,5,0.0
12,12,6,0.0
12,12,7,0.0
12,12,8,0.0518
12,12,9,0.1417
12,12,10,0.2135
12,12,11,0.2264
12,12,12,0.2279
12,12,13,0.1575
12,12,14,0.0943
12,12,15,0.0018
12,12,16,0.0
12,12,17,0.0
12,12,18,0.0
12,12,19,0.0
12,12,20,0.0
12,12,21,0.0
12,12,22,0.0
12,12,23,0.0
12,13,0,0.0
12,13,1,0.0
12,13,2,0.0
12,13,3,0.0
12,13,4,0.0
12,13,5,0.0
12,13,6,0.0
12,13,7,0.0
12,13,8,0.0059
12,13,9,0.0817
12,13,10,0.0584
12,13,11,0.1039
12,13,12,0.0583
12,13,13,0.0645
12,13,14,0.0442
12,13,15,0.0023
12,13,16,0.0
12,13,17,0.0
12,13,18,0.0
12,13,19,0.0
12,13,20,0.0
12,13,21,0.0
12,13,22,0.0
12,13,23,0.0
12,14,0,0.0
12,14,1,0.0
12,14,2,0.0
12,14,3,0.0
12,14,4,0.0
12,14,5,0.0
12,14,6,0.0
12,14,7,0.0
12,14,8,0.0064
12,14,9,0.0939
12,14,10,0.1639
12,14,11,0.2585
12,14,12,0.2392
12,14,13,0.1215
12,14,14,0.0601
12,14,15,0.0117
12,14,16,0.0
12,14,17,0.0
12,14,18,0.0
12,14,19,0.0
12,14,20,0.0
12,14,21,0.0
12,14,22,0.0
12,14,23,0.0
12,15,0,0.0
12,15,1,0.0
12,15,2,0.0
12,15,3,0.0
12,15,4,0.0
12,15,5,0.0
12,15,6,0.0
12,15,7,0.0
12,15,8,0.0039
12,15,9,0.0957
12,15,10,0.1287
12,15,11,0.1416
12,15,12,0.1214
12,15,13,0.1336
12,15,14,0.0633
12,15,15,0.0409
12,15,16,0.0
12,15,17,0.0
12,15,18,0.0
12,15,19,0.0
12,15,20,0.0
12,15,21,0.0
12,15,22,0.0
12,15,23,0.0
12,16,0,0.0
12,16,1,0.0
12,16,2,0.0
12,16,3,0.0
12,16,4,0.0
12,16,5,0.0
12,16,6,0.0
12,16,7,0.0
12,16,8,0.0093
12,16,9,0.1183
12,16,10,0.1392
12,16,11,0.1593
12,16,12,0.1502
12,16,13,0.088
12,16,14,0.0237
12,16,15,0.019
12,16,16,0.0
12,16,17,0.0
12,16,18,0.0
12,16,19,0.0
12,16,20,0.0
12,16,21,0.0
12,16,22,0.0
12,16,23,0.0
12,17,0,0.0
12,17,1,0.0
12,17,2,0.0
12,17,3,0.0
12,17,4,0.0
12,17,5,0.0
12,17,6,0.0
12,17,7,0.0
12,17,8,0.0364
12,17,9,0.0497
12,17,10,0.1036
12,17,11,0.1753
12,17,12,0.0884
12,17,13,0.0379
12,17,14,0.0472
12,17,15,0.0019
12,17,16,0.0
12,17,17,0.0
12,17,18,0.0
12,17,19,0.0
12,17,20,0.0
12,17,21,0.0
12,17,22,0.0
12,17,23,0.0
12,18,0,0.0
12,18,1,0.0
12,18,2,0.0
12,18,3,0.0
12,18,4,0.0
12,18,5,0.0
12,18,6,0.0
12,18,7,0.0
12,18,8,0.0025
12,18,9,0.2095
12,18,10,0.2171
12,18,11,0.2967
12,18,12,0.2688
12,18,13,0.1922
12,18,14,0.127
12,18,15,0.052
12,18,16,0.0
12,18,17,0.0
12,18,18,0.0
12,18,19,0.0
12,18,20,0.0
12,18,21,0.0
12,18,22,0.0
12,18,23,0.0
12,19,0,0.0
12,19,1,0.0
12,19,2,0.0
12,19,3,0.0
12,19,4,0.0
12,19,5,0.0
12,19,6,0.0
12,19,7,0.0
12,19,8,0.0026
12,19,9,0.1841
12,19,10,0.2651
12,19,11,0.281
12,19,12,0.2536
12,19,13,0.2177
12,19,14,0.0965
12,19,15,0.0265
12,19,16,0.0
12,19,17,0.0
12,19,18,0.0
12,19,19,0.0
12,19,20,0.0
12,19,21,0.0
12,19,22,0.0
12,19,23,0.0
12,20,0,0.0
12,20,1,0.0
12,20,2,0.0
12,20,3,0.0
12,20,4,0.0
12,20,5,0.0
12,20,6,0.0
12,20,7,0.0
12,20,8,0.0009
12,20,9,0.1128
12,20,10,0.1288
12,20,11,0.1457
12,20,12,0.1658
12,20,13,0.1169
12,20,14,0.0797
12,20,15,0.0205
12,20,16,0.0
12,20,17,0.0
12,20,18,0.0
12,20,19,0.0
12,20,20,0.0
12,20,21,0.0
12,20,22,0.0
12,20,23,0.0
12,21,0,0.0
12,21,1,0.0
12,21,2,0.0
12,21,3,0.0
12,21,4,0.0
12,21,5,0.0
12,21,6,0.0
12,21,7,0.0
12,21,8,0.0017
12,21,9,0.1167
12,21,10,0.1385
12,21,11,0.2237
12,21,12,0.1723
12,21,13,0.0904
12,21,14,0.0827
12,21,15,0.0329
12,21,16,0.0
12,21,17,0.0
12,21,18,0.0
12,21,19,0.0
12,21,20,0.0
12,21,21,0.0
12,21,22,0.0
12,21,23,0.0
12,22,0,0.0
12,22,1,0.0
12,22,2,0.0
12,22,3,0.0
12,22,4,0.0
12,22,5,0.0
12,22,6,0.0
12,22,7,0.0
12,22,8,0.0014
12,22,9,0.1211
12,22,10,0.1915
12,22,11,0.1806
12,22,12,0.1377
12,22,13,0.17
12,22,14,0.1106
12,22,15,0.0062
12,22,16,0.0
12,22,17,0.0
12,22,18,0.0
12,22,19,0.0
12,22,20,0.0
12,22,21,0.0
12,22,22,0.0
12,22,23,0.0
12,23,0,0.0
12,23,1,0.0
12,23,2,0.0
12,23,3,0.0
12,23,4,0.0
12,23,5,0.0
12,23,6,0.0
12,23,7,0.0
12,23,8,0.0015
12,23,9,0.11
12,23,10,0.0664
12,23,11,0.1246
12,23,12,0.0566
12,23,13,0.0382
12,23,14,0.0591
12,23,15,0.0057
12,23,16,0.0
12,23,17,0.0
12,23,18,0.0
12,23,19,0.0
12,23,20,0.0
12,23,21,0.0
12,23,22,0.0
12,23,23,0.0
12,24,0,0.0
12,24,1,0.0
12,24,2,0.0
12,24,3,0.0
12,24,4,0.0
12,24,5,0.0
12,24,6,0.0
12,24,7,0.0
12,24,8,0.0013
12,24,9,0.0885
12,24,10,0.0541
12,24,11,0.085
12,24,12,0.0466
12,24,13,0.0306
12,24,14,0.0426
12,24,15,0.0008
12,24,16,0.0
12,24,17,0.0
12,24,18,0.0
12,24,19,0.0
12,24,20,0.0
12,24,21,0.0
12,24,22,0.0
12,24,23,0.0
12,25,0,0.0
12,25,1,0.0
12,25,2,0.0
12,25,3,0.0
12,25,4,0.0
12,25,5,0.0
12,25,6,0.0
12,25,7,0.0
12,25,8,0.001
12,25,9,0.1255
12,25,10,0.1304
12,25,11,0.1538
12,25,12,0.1613
12,25,13,0.1396
12,25,14,0.1126
12,25,15,0.0508
12,25,16,0.0
12,25,17,0.0
12,25,18,0.0
12,25,19,0.0
12,25,20,0.0
12,25,21,0.0
12,25,22,0.0
12,25,23,0.0
12,26,0,0.0
12,26,1,0.0
12,26,2,0.0
12,26,3,0.0
12,26,4,0.0
12,26,5,0.0
12,26,6,0.0
12,26,7,0.0
12,26,8,0.0018
12,26,9,0.1137
12,26,10,0.156
12,26,11,0.152
12,26,12,0.1653
12,26,13,0.0836
12,26,14,0.1125
12,26,15,0.0442
12,26,16,0.0
12,26,17,0.0
12,26,18,0.0
12,26,19,0.0
12,26,20,0.0
12,26,21,0.0
12,26,22,0.0
12,26,23,0.0
12,27,0,0.0
12,27,1,0.0
12,27,2,0.0
12,27,3,0.0
12,27,4,0.0
12,27,5,0.0
12,27,6,0.0
12,27,7,0.0
12,27,8,0.0029
12,27,9,0.2434
12,27,10,0.3233
12,27,11,0.3982
12,27,12,0.3456
12,27,13,0.2576
12,27,14,0.2459
12,27,15,0.0449
12,27,16,0.0
12,27,17,0.0
12,27,18,0.0
12,27,19,0.0
12,27,20,0.0
12,27,21,0.0
12,27,22,0.0
12,27,23,0.0
12,28,0,0.0
12,28,1,0.0
12,28,2,0.0
12,28,3,0.0
12,28,4,0.0
12,28,5,0.0
12,28,6,0.0
12,28,7,0.0
12,28,8,0.0016
12,28,9,0.1348
12,28,10,0.1923
12,28,11,0.1754
12,28,12,0.214
12,28,13,0.1677
12,28,14,0.0611
12,28,15,0.0241
12,28,16,0.0
12,28,17,0.0
12,28,18,0.0
12,28,19,0.0
12,28,20,0.0
12,28,21,0.0
12,28,22,0.0
12,28,23,0.0
12,29,0,0.0
12,29,1,0.0
12,29,2,0.0
12,29,3,0.0
12,29,4,0.0
12,29,5,0.0
12,29,6,0.0
12,29,7,0.0
12,29,8,0.0012
12,29,9,0.1328
12,29,10,0.2352
12,29,11,0.2398
12,29,12,0.2302
12,29,13,0.1707
12,29,14,0.1281
12,29,15,0.0614
12,29,16,0.0
12,29,17,0.0
12,29,18,0.0
12,29,19,0.0
12,29,20,0.0
12,29,21,0.0
12,29,22,0.0
12,29,23,0.0
12,30,0,0.0
12,30,1,0.0
12,30,2,0.0
12,30,3,0.0
12,30,4,0.0
12,30,5,0.0
12,30,6,0.0
12,30,7,0.0
12,30,8,0.0022
12,30,9,0.1504
12,30,10,0.1172
12,30,11,0.0544
12,30,12,0.2298
12,30,13,0.1386
12,30,14,0.0928
12,30,15,0.0416
12,30,16,0.0
12,30,17,0.0
12,30,18,0.0
12,30,19,0.0
12,30,20,0.0
12,30,21,0.0
12,30,22,0.0
12,30,23,0.0
12,31,0,0.0
12,31,1,0.0
12,31,2,0.0
12,31,3,0.0
12,31,4,0.0
12,31,5,0.0
12,31,6,0.0
12,31,7,0.0
12,31,8,0.0021
12,31,9,0.1941
12,31,10,0.1542
12,31,11,0.1712
12,31,12,0.1037
12,31,13,0.0936
12,31,14,0.0685
12,31,15,0.0289
12,31,16,0.0
12,31,17,0.0
12,31,18,0.0
12,31,19,0.0
12,31,20,0.0
12,31,21,0.0
12,31,22,0.0
12,31,23,0.0
