timestamp,outdoor_temp_c,radiation_w_m2,gti_w_m2,cloud_cover_pct
2025-10-01 00:00:00,6.2,0.0,0.0,100
2025-10-01 01:00:00,6.7,0.0,0.0,100
2025-10-01 02:00:00,7.2,0.0,0.0,75
2025-10-01 03:00:00,7.0,0.0,0.0,100
2025-10-01 04:00:00,7.3,0.0,0.0,100
2025-10-01 05:00:00,7.1,0.0,0.0,100
2025-10-01 06:00:00,7.2,0.0,0.0,99
2025-10-01 07:00:00,6.7,1.0,0.0,100
2025-10-01 08:00:00,7.2,15.0,13.9,100
2025-10-01 09:00:00,7.7,74.0,71.8,100
2025-10-01 10:00:00,8.0,92.0,86.1,100
2025-10-01 11:00:00,8.7,150.0,144.1,100
2025-10-01 12:00:00,9.5,216.0,208.0,100
2025-10-01 13:00:00,9.0,172.0,166.5,98
2025-10-01 14:00:00,9.8,290.0,318.5,100
2025-10-01 15:00:00,10.1,248.0,282.5,100
2025-10-01 16:00:00,10.4,195.0,226.4,95
2025-10-01 17:00:00,10.4,149.0,178.0,99
2025-10-01 18:00:00,9.7,61.0,76.1,97
2025-10-01 19:00:00,9.0,2.0,1.9,100
2025-10-01 20:00:00,7.7,0.0,0.0,99
2025-10-01 21:00:00,7.7,0.0,0.0,45
2025-10-01 22:00:00,7.2,0.0,0.0,20
2025-10-01 23:00:00,6.4,0.0,0.0,6
2025-10-02 00:00:00,5.6,0.0,0.0,13
2025-10-02 01:00:00,5.0,0.0,0.0,6
2025-10-02 02:00:00,5.5,0.0,0.0,9
2025-10-02 03:00:00,5.1,0.0,0.0,11
2025-10-02 04:00:00,4.6,0.0,0.0,5
2025-10-02 05:00:00,3.8,0.0,0.0,2
2025-10-02 06:00:00,3.1,0.0,0.0,2
2025-10-02 07:00:00,2.6,1.0,0.0,2
2025-10-02 08:00:00,2.9,69.0,108.0,5
2025-10-02 09:00:00,4.3,215.0,326.7,8
2025-10-02 10:00:00,6.5,364.0,555.6,3
2025-10-02 11:00:00,8.2,482.0,735.7,36
2025-10-02 12:00:00,9.0,506.0,730.1,84
2025-10-02 13:00:00,9.3,434.0,567.5,64
2025-10-02 14:00:00,9.1,440.0,586.7,75
2025-10-02 15:00:00,9.7,373.0,496.1,39
2025-10-02 16:00:00,9.9,307.0,418.4,72
2025-10-02 17:00:00,9.6,197.0,274.0,13
2025-10-02 18:00:00,8.2,80.0,122.6,2
2025-10-02 19:00:00,7.0,2.0,1.9,0
2025-10-02 20:00:00,6.0,0.0,0.0,0
2025-10-02 21:00:00,5.1,0.0,0.0,0
2025-10-02 22:00:00,4.6,0.0,0.0,0
2025-10-02 23:00:00,4.1,0.0,0.0,0
2025-10-03 00:00:00,3.6,0.0,0.0,0
2025-10-03 01:00:00,3.1,0.0,0.0,0
2025-10-03 02:00:00,2.1,0.0,0.0,0
2025-10-03 03:00:00,1.5,0.0,0.0,0
2025-10-03 04:00:00,0.8,0.0,0.0,0
2025-10-03 05:00:00,0.8,0.0,0.0,0
2025-10-03 06:00:00,0.2,0.0,0.0,0
2025-10-03 07:00:00,0.1,0.0,0.0,0
2025-10-03 08:00:00,1.1,66.0,107.8,0
2025-10-03 09:00:00,3.0,214.0,332.6,0
2025-10-03 10:00:00,5.4,359.0,553.7,0
2025-10-03 11:00:00,7.8,476.0,732.7,0
2025-10-03 12:00:00,9.3,545.0,831.2,30
2025-10-03 13:00:00,10.0,537.0,781.7,9
2025-10-03 14:00:00,10.9,544.0,819.5,61
2025-10-03 15:00:00,10.9,451.0,660.2,39
2025-10-03 16:00:00,10.4,320.0,449.0,34
2025-10-03 17:00:00,9.8,213.0,319.1,5
2025-10-03 18:00:00,8.1,75.0,119.1,7
2025-10-03 19:00:00,6.9,1.0,0.9,33
2025-10-03 20:00:00,6.3,0.0,0.0,59
2025-10-03 21:00:00,5.5,0.0,0.0,98
2025-10-03 22:00:00,5.3,0.0,0.0,80
2025-10-03 23:00:00,5.2,0.0,0.0,60
2025-10-04 00:00:00,5.1,0.0,0.0,95
2025-10-04 01:00:00,5.1,0.0,0.0,73
2025-10-04 02:00:00,4.8,0.0,0.0,27
2025-10-04 03:00:00,4.2,0.0,0.0,11
2025-10-04 04:00:00,3.7,0.0,0.0,0
2025-10-04 05:00:00,3.2,0.0,0.0,0
2025-10-04 06:00:00,2.7,0.0,0.0,0
2025-10-04 07:00:00,2.3,0.0,0.0,8
2025-10-04 08:00:00,3.1,62.0,101.8,100
2025-10-04 09:00:00,4.7,187.0,267.1,57
2025-10-04 10:00:00,6.1,293.0,399.3,73
2025-10-04 11:00:00,7.7,391.0,527.5,64
2025-10-04 12:00:00,9.1,531.0,785.6,16
2025-10-04 13:00:00,10.4,587.0,912.1,5
2025-10-04 14:00:00,10.9,563.0,874.7,27
2025-10-04 15:00:00,11.8,488.0,758.3,66
2025-10-04 16:00:00,12.2,366.0,566.0,88
2025-10-04 17:00:00,12.1,203.0,293.8,100
2025-10-04 18:00:00,11.2,53.0,65.4,100
2025-10-04 19:00:00,11.5,0.0,0.0,100
2025-10-04 20:00:00,9.8,0.0,0.0,100
2025-10-04 21:00:00,9.5,0.0,0.0,100
2025-10-04 22:00:00,9.5,0.0,0.0,100
2025-10-04 23:00:00,8.1,0.0,0.0,100
2025-10-05 00:00:00,8.1,0.0,0.0,100
2025-10-05 01:00:00,8.6,0.0,0.0,100
2025-10-05 02:00:00,8.0,0.0,0.0,99
2025-10-05 03:00:00,8.0,0.0,0.0,100
2025-10-05 04:00:00,8.0,0.0,0.0,100
2025-10-05 05:00:00,8.0,0.0,0.0,93
2025-10-05 06:00:00,7.6,0.0,0.0,21
2025-10-05 07:00:00,6.9,0.0,0.0,48
2025-10-05 08:00:00,7.5,53.0,77.3,22
2025-10-05 09:00:00,8.8,169.0,247.2,52
2025-10-05 10:00:00,10.4,293.0,414.4,100
2025-10-05 11:00:00,11.4,381.0,509.1,100
2025-10-05 12:00:00,12.0,318.0,355.3,84
2025-10-05 13:00:00,12.0,241.0,259.1,98
2025-10-05 14:00:00,12.3,386.0,537.6,100
2025-10-05 15:00:00,12.9,373.0,516.2,100
2025-10-05 16:00:00,12.4,273.0,394.9,100
2025-10-05 17:00:00,11.8,162.0,224.8,93
2025-10-05 18:00:00,10.5,45.0,67.0,70
2025-10-05 19:00:00,9.8,1.0,0.0,27
2025-10-05 20:00:00,9.1,0.0,0.0,20
2025-10-05 21:00:00,8.6,0.0,0.0,25
2025-10-05 22:00:00,8.1,0.0,0.0,43
2025-10-05 23:00:00,7.5,0.0,0.0,22
2025-10-06 00:00:00,7.0,0.0,0.0,15
2025-10-06 01:00:00,6.7,0.0,0.0,1
2025-10-06 02:00:00,7.3,0.0,0.0,9
2025-10-06 03:00:00,6.9,0.0,0.0,13
2025-10-06 04:00:00,6.6,0.0,0.0,20
2025-10-06 05:00:00,6.3,0.0,0.0,50
2025-10-06 06:00:00,6.0,0.0,0.0,100
2025-10-06 07:00:00,6.5,0.0,0.0,95
2025-10-06 08:00:00,7.2,26.0,28.4,92
2025-10-06 09:00:00,8.7,147.0,195.8,100
2025-10-06 10:00:00,9.0,98.0,104.9,100
2025-10-06 11:00:00,8.9,61.0,56.6,100
2025-10-06 12:00:00,9.7,119.0,110.4,100
2025-10-06 13:00:00,9.9,104.0,96.5,100
2025-10-06 14:00:00,10.2,121.0,118.3,100
2025-10-06 15:00:00,10.2,120.0,119.1,100
2025-10-06 16:00:00,10.9,200.0,221.0,100
2025-10-06 17:00:00,9.9,49.0,45.5,100
2025-10-06 18:00:00,9.3,6.0,5.6,100
2025-10-06 19:00:00,9.1,0.0,0.0,100
2025-10-06 20:00:00,9.2,0.0,0.0,100
2025-10-06 21:00:00,9.1,0.0,0.0,100
2025-10-06 22:00:00,9.1,0.0,0.0,100
2025-10-06 23:00:00,9.1,0.0,0.0,100
2025-10-07 00:00:00,8.9,0.0,0.0,100
2025-10-07 01:00:00,9.0,0.0,0.0,100
2025-10-07 02:00:00,9.0,0.0,0.0,100
2025-10-07 03:00:00,9.1,0.0,0.0,100
2025-10-07 04:00:00,9.0,0.0,0.0,100
2025-10-07 05:00:00,9.1,0.0,0.0,100
2025-10-07 06:00:00,9.0,0.0,0.0,100
2025-10-07 07:00:00,9.1,0.0,0.0,100
2025-10-07 08:00:00,9.5,6.0,5.6,100
2025-10-07 09:00:00,9.6,22.0,20.4,100
2025-10-07 10:00:00,9.8,45.0,41.7,100
2025-10-07 11:00:00,10.1,60.0,57.2,100
2025-10-07 12:00:00,10.1,67.0,62.2,100
2025-10-07 13:00:00,10.4,72.0,67.6,100
2025-10-07 14:00:00,11.6,102.0,98.5,100
2025-10-07 15:00:00,12.1,147.0,160.9,88
2025-10-07 16:00:00,11.3,134.0,169.9,89
2025-10-07 17:00:00,11.1,91.0,105.8,86
2025-10-07 18:00:00,10.5,32.0,44.6,28
2025-10-07 19:00:00,9.8,0.0,0.0,92
2025-10-07 20:00:00,9.7,0.0,0.0,35
2025-10-07 21:00:00,9.3,0.0,0.0,34
2025-10-07 22:00:00,8.8,0.0,0.0,52
2025-10-07 23:00:00,8.5,0.0,0.0,52
2025-10-08 00:00:00,8.1,0.0,0.0,95
2025-10-08 01:00:00,8.2,0.0,0.0,100
2025-10-08 02:00:00,8.9,0.0,0.0,94
2025-10-08 03:00:00,9.1,0.0,0.0,100
2025-10-08 04:00:00,8.9,0.0,0.0,100
2025-10-08 05:00:00,8.6,0.0,0.0,100
2025-10-08 06:00:00,8.5,0.0,0.0,100
2025-10-08 07:00:00,8.2,0.0,0.0,100
2025-10-08 08:00:00,8.2,19.0,17.6,100
2025-10-08 09:00:00,8.4,77.0,77.5,100
2025-10-08 10:00:00,9.0,152.0,154.8,100
2025-10-08 11:00:00,10.3,243.0,276.3,100
2025-10-08 12:00:00,11.6,348.0,420.7,91
2025-10-08 13:00:00,12.9,438.0,609.7,99
2025-10-08 14:00:00,12.3,330.0,400.2,100
2025-10-08 15:00:00,12.5,159.0,154.8,100
2025-10-08 16:00:00,12.5,122.0,117.5,99
2025-10-08 17:00:00,12.4,122.0,138.4,100
2025-10-08 18:00:00,11.7,17.0,15.8,100
2025-10-08 19:00:00,11.3,0.0,0.0,100
2025-10-08 20:00:00,10.7,0.0,0.0,100
2025-10-08 21:00:00,10.7,0.0,0.0,100
2025-10-08 22:00:00,10.4,0.0,0.0,100
2025-10-08 23:00:00,10.2,0.0,0.0,100
2025-10-09 00:00:00,10.0,0.0,0.0,100
2025-10-09 01:00:00,9.7,0.0,0.0,100
2025-10-09 02:00:00,9.6,0.0,0.0,100
2025-10-09 03:00:00,9.5,0.0,0.0,100
2025-10-09 04:00:00,9.4,0.0,0.0,100
2025-10-09 05:00:00,9.5,0.0,0.0,100
2025-10-09 06:00:00,9.6,0.0,0.0,100
2025-10-09 07:00:00,9.6,0.0,0.0,100
2025-10-09 08:00:00,9.9,10.0,9.3,100
2025-10-09 09:00:00,10.6,55.0,51.0,100
2025-10-09 10:00:00,11.1,53.0,50.0,100
2025-10-09 11:00:00,11.8,75.0,70.4,100
2025-10-09 12:00:00,12.3,113.0,107.2,100
2025-10-09 13:00:00,12.8,113.0,104.8,95
2025-10-09 14:00:00,13.6,273.0,320.2,76
2025-10-09 15:00:00,14.2,266.0,348.8,82
2025-10-09 16:00:00,13.9,143.0,176.9,96
2025-10-09 17:00:00,13.8,124.0,155.8,95
2025-10-09 18:00:00,12.3,35.0,49.1,87
2025-10-09 19:00:00,11.9,0.0,0.0,68
2025-10-09 20:00:00,11.2,0.0,0.0,51
2025-10-09 21:00:00,11.0,0.0,0.0,31
2025-10-09 22:00:00,10.5,0.0,0.0,100
2025-10-09 23:00:00,10.7,0.0,0.0,60
2025-10-10 00:00:00,9.7,0.0,0.0,9
2025-10-10 01:00:00,8.7,0.0,0.0,100
2025-10-10 02:00:00,8.8,0.0,0.0,100
2025-10-10 03:00:00,8.9,0.0,0.0,100
2025-10-10 04:00:00,9.1,0.0,0.0,100
2025-10-10 05:00:00,9.4,0.0,0.0,100
2025-10-10 06:00:00,9.5,0.0,0.0,100
2025-10-10 07:00:00,9.7,0.0,0.0,100
2025-10-10 08:00:00,9.9,11.0,10.2,100
2025-10-10 09:00:00,10.1,29.0,26.9,100
2025-10-10 10:00:00,10.2,35.0,32.5,100
2025-10-10 11:00:00,10.6,56.0,51.9,100
2025-10-10 12:00:00,10.9,65.0,60.3,100
2025-10-10 13:00:00,11.7,183.0,191.4,100
2025-10-10 14:00:00,11.6,157.0,168.3,98
2025-10-10 15:00:00,12.5,256.0,332.3,76
2025-10-10 16:00:00,12.7,204.0,259.9,44
2025-10-10 17:00:00,12.0,139.0,217.7,100
2025-10-10 18:00:00,11.2,20.0,27.4,96
2025-10-10 19:00:00,10.7,0.0,0.0,100
2025-10-10 20:00:00,10.6,0.0,0.0,100
2025-10-10 21:00:00,10.5,0.0,0.0,100
2025-10-10 22:00:00,10.4,0.0,0.0,100
2025-10-10 23:00:00,10.4,0.0,0.0,100
2025-10-11 00:00:00,10.4,0.0,0.0,100
2025-10-11 01:00:00,10.4,0.0,0.0,100
2025-10-11 02:00:00,10.7,0.0,0.0,100
2025-10-11 03:00:00,11.0,0.0,0.0,100
2025-10-11 04:00:00,11.0,0.0,0.0,100
2025-10-11 05:00:00,11.0,0.0,0.0,100
2025-10-11 06:00:00,10.9,0.0,0.0,100
2025-10-11 07:00:00,11.0,0.0,0.0,100
2025-10-11 08:00:00,11.1,4.0,3.7,100
2025-10-11 09:00:00,11.3,22.0,20.4,100
2025-10-11 10:00:00,11.5,37.0,34.3,100
2025-10-11 11:00:00,11.9,70.0,64.9,100
2025-10-11 12:00:00,12.4,112.0,108.8,100
2025-10-11 13:00:00,13.0,185.0,180.6,98
2025-10-11 14:00:00,12.8,303.0,369.2,100
2025-10-11 15:00:00,12.5,158.0,162.0,100
2025-10-11 16:00:00,12.8,178.0,203.1,100
2025-10-11 17:00:00,12.4,63.0,58.4,100
2025-10-11 18:00:00,12.1,16.0,14.8,99
2025-10-11 19:00:00,11.9,0.0,0.0,100
2025-10-11 20:00:00,11.7,0.0,0.0,100
2025-10-11 21:00:00,11.7,0.0,0.0,100
2025-10-11 22:00:00,11.6,0.0,0.0,100
2025-10-11 23:00:00,11.5,0.0,0.0,100
2025-10-12 00:00:00,11.4,0.0,0.0,100
2025-10-12 01:00:00,11.0,0.0,0.0,100
2025-10-12 02:00:00,11.2,0.0,0.0,100
2025-10-12 03:00:00,10.8,0.0,0.0,100
2025-10-12 04:00:00,10.9,0.0,0.0,100
2025-10-12 05:00:00,11.0,0.0,0.0,100
2025-10-12 06:00:00,10.6,0.0,0.0,100
2025-10-12 07:00:00,10.4,0.0,0.0,100
2025-10-12 08:00:00,10.5,13.0,12.1,98
2025-10-12 09:00:00,10.8,57.0,54.0,95
2025-10-12 10:00:00,11.3,140.0,164.9,100
2025-10-12 11:00:00,11.5,140.0,143.8,100
2025-10-12 12:00:00,12.1,195.0,201.8,100
2025-10-12 13:00:00,12.9,243.0,257.7,100
2025-10-12 14:00:00,12.2,245.0,271.7,100
2025-10-12 15:00:00,12.2,140.0,140.3,100
2025-10-12 16:00:00,12.4,122.0,121.7,100
2025-10-12 17:00:00,12.1,45.0,42.9,100
2025-10-12 18:00:00,11.9,12.0,11.1,100
2025-10-12 19:00:00,11.6,0.0,0.0,100
2025-10-12 20:00:00,11.1,0.0,0.0,100
2025-10-12 21:00:00,10.6,0.0,0.0,100
2025-10-12 22:00:00,10.4,0.0,0.0,100
2025-10-12 23:00:00,10.4,0.0,0.0,100
2025-10-13 00:00:00,10.4,0.0,0.0,100
2025-10-13 01:00:00,10.3,0.0,0.0,100
2025-10-13 02:00:00,9.9,0.0,0.0,100
2025-10-13 03:00:00,9.8,0.0,0.0,100
2025-10-13 04:00:00,9.2,0.0,0.0,100
2025-10-13 05:00:00,8.9,0.0,0.0,100
2025-10-13 06:00:00,8.1,0.0,0.0,44
2025-10-13 07:00:00,6.1,0.0,0.0,45
2025-10-13 08:00:00,5.8,37.0,75.5,6
2025-10-13 09:00:00,6.7,170.0,301.0,3
2025-10-13 10:00:00,8.1,308.0,516.1,92
2025-10-13 11:00:00,9.5,422.0,693.4,78
2025-10-13 12:00:00,10.4,496.0,808.1,79
2025-10-13 13:00:00,11.0,518.0,837.2,94
2025-10-13 14:00:00,11.5,478.0,750.9,95
2025-10-13 15:00:00,11.7,416.0,676.2,38
2025-10-13 16:00:00,11.5,300.0,497.1,55
2025-10-13 17:00:00,10.8,154.0,258.6,40
2025-10-13 18:00:00,9.1,34.0,65.0,48
2025-10-13 19:00:00,8.4,0.0,0.0,88
2025-10-13 20:00:00,7.6,0.0,0.0,99
2025-10-13 21:00:00,7.3,0.0,0.0,100
2025-10-13 22:00:00,7.0,0.0,0.0,88
2025-10-13 23:00:00,6.6,0.0,0.0,98
2025-10-14 00:00:00,5.8,0.0,0.0,100
2025-10-14 01:00:00,5.2,0.0,0.0,99
2025-10-14 02:00:00,4.9,0.0,0.0,93
2025-10-14 03:00:00,4.8,0.0,0.0,100
2025-10-14 04:00:00,5.3,0.0,0.0,99
2025-10-14 05:00:00,4.9,0.0,0.0,100
2025-10-14 06:00:00,5.2,0.0,0.0,100
2025-10-14 07:00:00,5.3,0.0,0.0,100
2025-10-14 08:00:00,5.4,10.0,9.3,100
2025-10-14 09:00:00,5.7,19.0,17.6,100
2025-10-14 10:00:00,6.4,70.0,67.9,100
2025-10-14 11:00:00,7.0,93.0,91.7,100
2025-10-14 12:00:00,7.3,91.0,87.0,100
2025-10-14 13:00:00,7.6,88.0,81.6,100
2025-10-14 14:00:00,8.0,73.0,67.7,100
2025-10-14 15:00:00,8.2,80.0,74.2,100
2025-10-14 16:00:00,8.3,84.0,77.9,100
2025-10-14 17:00:00,8.0,27.0,25.0,100
2025-10-14 18:00:00,7.7,6.0,5.6,100
2025-10-14 19:00:00,7.5,0.0,0.0,100
2025-10-14 20:00:00,7.5,0.0,0.0,100
2025-10-14 21:00:00,7.5,0.0,0.0,100
2025-10-14 22:00:00,7.5,0.0,0.0,100
2025-10-14 23:00:00,7.6,0.0,0.0,100
2025-10-15 00:00:00,7.6,0.0,0.0,100
2025-10-15 01:00:00,7.5,0.0,0.0,100
2025-10-15 02:00:00,7.2,0.0,0.0,100
2025-10-15 03:00:00,7.2,0.0,0.0,100
2025-10-15 04:00:00,7.2,0.0,0.0,100
2025-10-15 05:00:00,7.1,0.0,0.0,100
2025-10-15 06:00:00,7.0,0.0,0.0,92
2025-10-15 07:00:00,6.7,0.0,0.0,100
2025-10-15 08:00:00,7.4,9.0,8.3,100
2025-10-15 09:00:00,8.1,39.0,38.7,99
2025-10-15 10:00:00,9.1,208.0,308.4,99
2025-10-15 11:00:00,9.8,269.0,351.5,50
2025-10-15 12:00:00,10.8,370.0,512.9,16
2025-10-15 13:00:00,11.1,413.0,619.3,38
2025-10-15 14:00:00,10.5,370.0,522.8,100
2025-10-15 15:00:00,10.4,132.0,139.0,100
2025-10-15 16:00:00,10.3,117.0,116.7,100
2025-10-15 17:00:00,10.0,97.0,138.0,100
2025-10-15 18:00:00,8.9,20.0,35.0,86
2025-10-15 19:00:00,8.3,0.0,0.0,83
2025-10-15 20:00:00,7.6,0.0,0.0,5
2025-10-15 21:00:00,7.1,0.0,0.0,19
2025-10-15 22:00:00,6.4,0.0,0.0,14
2025-10-15 23:00:00,6.0,0.0,0.0,13
2025-10-16 00:00:00,5.3,0.0,0.0,1
2025-10-16 01:00:00,4.9,0.0,0.0,0
2025-10-16 02:00:00,4.5,0.0,0.0,0
2025-10-16 03:00:00,4.1,0.0,0.0,3
2025-10-16 04:00:00,4.1,0.0,0.0,5
2025-10-16 05:00:00,3.9,0.0,0.0,5
2025-10-16 06:00:00,3.3,0.0,0.0,10
2025-10-16 07:00:00,3.5,0.0,0.0,12
2025-10-16 08:00:00,4.3,26.0,48.2,88
2025-10-16 09:00:00,5.7,110.0,151.0,87
2025-10-16 10:00:00,7.2,235.0,336.2,92
2025-10-16 11:00:00,9.9,341.0,500.7,2
2025-10-16 12:00:00,11.9,471.0,787.3,0
2025-10-16 13:00:00,12.8,494.0,818.2,8
2025-10-16 14:00:00,13.2,458.0,751.6,52
2025-10-16 15:00:00,12.7,200.0,253.2,100
2025-10-16 16:00:00,12.4,115.0,110.9,100
2025-10-16 17:00:00,11.8,45.0,41.7,100
2025-10-16 18:00:00,11.0,5.0,4.6,100
2025-10-16 19:00:00,10.6,0.0,0.0,100
2025-10-16 20:00:00,10.5,0.0,0.0,100
2025-10-16 21:00:00,10.2,0.0,0.0,100
2025-10-16 22:00:00,9.8,0.0,0.0,100
2025-10-16 23:00:00,9.0,0.0,0.0,100
2025-10-17 00:00:00,8.4,0.0,0.0,100
2025-10-17 01:00:00,8.6,0.0,0.0,100
2025-10-17 02:00:00,9.2,0.0,0.0,82
2025-10-17 03:00:00,8.7,0.0,0.0,15
2025-10-17 04:00:00,8.3,0.0,0.0,29
2025-10-17 05:00:00,7.9,0.0,0.0,55
2025-10-17 06:00:00,7.5,0.0,0.0,93
2025-10-17 07:00:00,7.4,0.0,0.0,70
2025-10-17 08:00:00,7.7,19.0,37.9,15
2025-10-17 09:00:00,8.9,134.0,239.5,85
2025-10-17 10:00:00,10.3,218.0,339.1,63
2025-10-17 11:00:00,11.1,246.0,345.4,74
2025-10-17 12:00:00,11.5,256.0,342.9,40
2025-10-17 13:00:00,12.3,315.0,442.8,60
2025-10-17 14:00:00,11.9,244.0,308.3,100
2025-10-17 15:00:00,11.1,117.0,125.8,100
2025-10-17 16:00:00,11.1,114.0,125.0,97
2025-10-17 17:00:00,10.3,47.0,53.4,100
2025-10-17 18:00:00,9.6,4.0,3.7,98
2025-10-17 19:00:00,9.3,0.0,0.0,32
2025-10-17 20:00:00,9.1,0.0,0.0,55
2025-10-17 21:00:00,8.7,0.0,0.0,100
2025-10-17 22:00:00,9.1,0.0,0.0,45
2025-10-17 23:00:00,7.9,0.0,0.0,41
2025-10-18 00:00:00,7.3,0.0,0.0,99
2025-10-18 01:00:00,7.5,0.0,0.0,26
2025-10-18 02:00:00,7.4,0.0,0.0,70
2025-10-18 03:00:00,7.2,0.0,0.0,100
2025-10-18 04:00:00,7.5,0.0,0.0,41
2025-10-18 05:00:00,6.7,0.0,0.0,79
2025-10-18 06:00:00,7.1,0.0,0.0,38
2025-10-18 07:00:00,6.4,0.0,0.0,45
2025-10-18 08:00:00,6.0,19.0,33.7,71
2025-10-18 09:00:00,5.9,102.0,155.7,84
2025-10-18 10:00:00,6.1,178.0,230.3,35
2025-10-18 11:00:00,7.1,348.0,571.4,21
2025-10-18 12:00:00,7.9,432.0,712.1,16
2025-10-18 13:00:00,8.4,439.0,708.8,100
2025-10-18 14:00:00,8.0,143.0,132.7,84
2025-10-18 15:00:00,7.9,194.0,251.2,73
2025-10-18 16:00:00,7.6,153.0,209.9,74
2025-10-18 17:00:00,7.2,60.0,74.6,50
2025-10-18 18:00:00,7.0,13.0,23.3,35
2025-10-18 19:00:00,6.6,0.0,0.0,100
2025-10-18 20:00:00,6.7,0.0,0.0,100
2025-10-18 21:00:00,6.6,0.0,0.0,100
2025-10-18 22:00:00,6.5,0.0,0.0,100
2025-10-18 23:00:00,6.2,0.0,0.0,100
2025-10-19 00:00:00,6.0,0.0,0.0,100
2025-10-19 01:00:00,6.0,0.0,0.0,100
2025-10-19 02:00:00,5.6,0.0,0.0,100
2025-10-19 03:00:00,5.8,0.0,0.0,100
2025-10-19 04:00:00,5.8,0.0,0.0,100
2025-10-19 05:00:00,5.8,0.0,0.0,100
2025-10-19 06:00:00,5.7,0.0,0.0,100
2025-10-19 07:00:00,5.5,0.0,0.0,100
2025-10-19 08:00:00,5.4,10.0,9.3,100
2025-10-19 09:00:00,5.5,39.0,37.7,100
2025-10-19 10:00:00,6.0,102.0,105.7,100
2025-10-19 11:00:00,6.4,153.0,156.8,94
2025-10-19 12:00:00,7.5,351.0,517.2,66
2025-10-19 13:00:00,8.2,386.0,565.5,66
2025-10-19 14:00:00,8.7,367.0,527.8,73
2025-10-19 15:00:00,8.9,274.0,379.5,81
2025-10-19 16:00:00,8.8,213.0,314.5,26
2025-10-19 17:00:00,8.1,125.0,229.6,0
2025-10-19 18:00:00,6.4,18.0,43.5,0
2025-10-19 19:00:00,5.7,0.0,0.0,0
2025-10-19 20:00:00,4.6,0.0,0.0,0
2025-10-19 21:00:00,4.3,0.0,0.0,1
2025-10-19 22:00:00,3.8,0.0,0.0,0
2025-10-19 23:00:00,3.5,0.0,0.0,0
2025-10-20 00:00:00,3.4,0.0,0.0,0
2025-10-20 01:00:00,3.2,0.0,0.0,0
2025-10-20 02:00:00,2.3,0.0,0.0,0
2025-10-20 03:00:00,1.8,0.0,0.0,0
2025-10-20 04:00:00,1.5,0.0,0.0,0
2025-10-20 05:00:00,1.1,0.0,0.0,0
2025-10-20 06:00:00,0.9,0.0,0.0,0
2025-10-20 07:00:00,0.7,0.0,0.0,0
2025-10-20 08:00:00,0.9,20.0,48.4,35
2025-10-20 09:00:00,2.2,132.0,249.3,9
2025-10-20 10:00:00,4.3,272.0,486.8,11
2025-10-20 11:00:00,6.6,386.0,668.6,0
2025-10-20 12:00:00,8.8,464.0,803.9,0
2025-10-20 13:00:00,10.4,489.0,843.2,0
2025-10-20 14:00:00,11.7,462.0,801.1,0
2025-10-20 15:00:00,11.9,386.0,679.6,0
2025-10-20 16:00:00,11.6,271.0,495.8,0
2025-10-20 17:00:00,10.0,132.0,264.4,0
2025-10-20 18:00:00,7.9,17.0,41.1,0
2025-10-20 19:00:00,7.0,0.0,0.0,0
2025-10-20 20:00:00,6.5,0.0,0.0,0
2025-10-20 21:00:00,6.1,0.0,0.0,0
2025-10-20 22:00:00,5.4,0.0,0.0,0
2025-10-20 23:00:00,4.6,0.0,0.0,0
2025-10-21 00:00:00,4.2,0.0,0.0,0
2025-10-21 01:00:00,3.6,0.0,0.0,1
2025-10-21 02:00:00,3.0,0.0,0.0,19
2025-10-21 03:00:00,2.7,0.0,0.0,45
2025-10-21 04:00:00,2.8,0.0,0.0,100
2025-10-21 05:00:00,2.9,0.0,0.0,96
2025-10-21 06:00:00,3.2,0.0,0.0,100
2025-10-21 07:00:00,4.0,0.0,0.0,100
2025-10-21 08:00:00,4.4,7.0,9.7,100
2025-10-21 09:00:00,5.3,56.0,51.9,100
2025-10-21 10:00:00,6.7,106.0,110.0,100
2025-10-21 11:00:00,7.7,90.0,83.5,100
2025-10-21 12:00:00,9.5,188.0,189.0,100
2025-10-21 13:00:00,11.2,216.0,219.5,100
2025-10-21 14:00:00,13.2,341.0,468.3,100
2025-10-21 15:00:00,13.2,278.0,377.9,97
2025-10-21 16:00:00,13.1,233.0,395.8,98
2025-10-21 17:00:00,11.8,107.0,179.8,100
2025-10-21 18:00:00,10.3,13.0,22.2,98
2025-10-21 19:00:00,9.4,0.0,0.0,97
2025-10-21 20:00:00,9.4,0.0,0.0,82
2025-10-21 21:00:00,8.8,0.0,0.0,84
2025-10-21 22:00:00,8.4,0.0,0.0,98
2025-10-21 23:00:00,8.3,0.0,0.0,95
2025-10-22 00:00:00,8.4,0.0,0.0,88
2025-10-22 01:00:00,8.7,0.0,0.0,86
2025-10-22 02:00:00,8.5,0.0,0.0,99
2025-10-22 03:00:00,9.1,0.0,0.0,100
2025-10-22 04:00:00,9.7,0.0,0.0,100
2025-10-22 05:00:00,10.2,0.0,0.0,100
2025-10-22 06:00:00,10.4,0.0,0.0,66
2025-10-22 07:00:00,9.0,0.0,0.0,79
2025-10-22 08:00:00,9.4,15.0,30.6,91
2025-10-22 09:00:00,10.6,106.0,174.1,91
2025-10-22 10:00:00,12.1,235.0,398.2,45
2025-10-22 11:00:00,13.6,326.0,539.0,42
2025-10-22 12:00:00,15.1,391.0,640.2,66
2025-10-22 13:00:00,16.3,391.0,636.8,96
2025-10-22 14:00:00,16.8,369.0,575.1,62
2025-10-22 15:00:00,16.9,305.0,488.6,88
2025-10-22 16:00:00,16.1,179.0,265.4,98
2025-10-22 17:00:00,15.1,93.0,142.9,97
2025-10-22 18:00:00,13.8,11.0,17.4,100
2025-10-22 19:00:00,13.8,0.0,0.0,100
2025-10-22 20:00:00,13.3,0.0,0.0,100
2025-10-22 21:00:00,12.2,0.0,0.0,100
2025-10-22 22:00:00,11.7,0.0,0.0,74
2025-10-22 23:00:00,11.3,0.0,0.0,100
2025-10-23 00:00:00,11.5,0.0,0.0,100
2025-10-23 01:00:00,11.8,0.0,0.0,100
2025-10-23 02:00:00,11.7,0.0,0.0,97
2025-10-23 03:00:00,11.0,0.0,0.0,87
2025-10-23 04:00:00,10.7,0.0,0.0,89
2025-10-23 05:00:00,10.3,0.0,0.0,60
2025-10-23 06:00:00,10.3,0.0,0.0,74
2025-10-23 07:00:00,10.0,0.0,0.0,99
2025-10-23 08:00:00,10.6,13.0,26.2,94
2025-10-23 09:00:00,12.3,113.0,221.2,46
2025-10-23 10:00:00,14.5,243.0,449.1,2
2025-10-23 11:00:00,16.0,349.0,622.4,9
2025-10-23 12:00:00,17.0,414.0,721.5,6
2025-10-23 13:00:00,18.0,441.0,770.6,23
2025-10-23 14:00:00,18.5,398.0,676.6,95
2025-10-23 15:00:00,17.9,301.0,473.8,88
2025-10-23 16:00:00,18.0,204.0,337.2,66
2025-10-23 17:00:00,17.3,86.0,154.9,69
2025-10-23 18:00:00,16.0,8.0,15.1,100
2025-10-23 19:00:00,15.7,0.0,0.0,100
2025-10-23 20:00:00,14.6,0.0,0.0,100
2025-10-23 21:00:00,14.2,0.0,0.0,100
2025-10-23 22:00:00,13.4,0.0,0.0,100
2025-10-23 23:00:00,13.2,0.0,0.0,100
2025-10-24 00:00:00,13.4,0.0,0.0,100
2025-10-24 01:00:00,12.3,0.0,0.0,100
2025-10-24 02:00:00,10.1,0.0,0.0,100
2025-10-24 03:00:00,9.5,0.0,0.0,100
2025-10-24 04:00:00,9.1,0.0,0.0,100
2025-10-24 05:00:00,9.1,0.0,0.0,100
2025-10-24 06:00:00,9.0,0.0,0.0,100
2025-10-24 07:00:00,8.8,0.0,0.0,100
2025-10-24 08:00:00,8.8,1.0,0.9,100
2025-10-24 09:00:00,8.8,8.0,7.4,100
2025-10-24 10:00:00,9.0,25.0,23.2,100
2025-10-24 11:00:00,9.2,33.0,30.6,100
2025-10-24 12:00:00,8.8,49.0,45.5,100
2025-10-24 13:00:00,8.7,54.0,50.1,100
2025-10-24 14:00:00,8.8,120.0,113.4,100
2025-10-24 15:00:00,9.7,131.0,122.6,100
2025-10-24 16:00:00,9.9,137.0,146.2,99
2025-10-24 17:00:00,9.2,72.0,85.5,99
2025-10-24 18:00:00,8.1,7.0,10.6,73
2025-10-24 19:00:00,7.3,0.0,0.0,48
2025-10-24 20:00:00,7.0,0.0,0.0,63
2025-10-24 21:00:00,6.8,0.0,0.0,98
2025-10-24 22:00:00,6.6,0.0,0.0,70
2025-10-24 23:00:00,5.6,0.0,0.0,14
2025-10-25 00:00:00,5.5,0.0,0.0,4
2025-10-25 01:00:00,5.1,0.0,0.0,0
2025-10-25 02:00:00,5.2,0.0,0.0,5
2025-10-25 03:00:00,5.0,0.0,0.0,5
2025-10-25 04:00:00,4.7,0.0,0.0,2
2025-10-25 05:00:00,4.5,0.0,0.0,0
2025-10-25 06:00:00,4.3,0.0,0.0,1
2025-10-25 07:00:00,4.3,0.0,0.0,16
2025-10-25 08:00:00,4.8,11.0,26.1,43
2025-10-25 09:00:00,5.7,100.0,194.5,76
2025-10-25 10:00:00,6.9,226.0,394.3,72
2025-10-25 11:00:00,8.2,342.0,604.1,12
2025-10-25 12:00:00,9.6,419.0,742.8,13
2025-10-25 13:00:00,10.5,443.0,783.4,16
2025-10-25 14:00:00,11.1,422.0,755.3,87
2025-10-25 15:00:00,10.5,260.0,375.3,77
2025-10-25 16:00:00,9.9,131.0,172.5,76
2025-10-25 17:00:00,9.3,75.0,128.2,27
2025-10-25 18:00:00,8.3,8.0,20.6,92
2025-10-25 19:00:00,8.3,0.0,0.0,74
2025-10-25 20:00:00,8.9,0.0,0.0,62
2025-10-25 21:00:00,8.1,0.0,0.0,9
2025-10-25 22:00:00,7.7,0.0,0.0,2
2025-10-25 23:00:00,7.5,0.0,0.0,3
2025-10-26 00:00:00,7.4,0.0,0.0,6
2025-10-26 01:00:00,7.0,0.0,0.0,30
2025-10-26 02:00:00,6.8,0.0,0.0,33
2025-10-26 03:00:00,6.7,0.0,0.0,44
2025-10-26 04:00:00,6.6,0.0,0.0,100
2025-10-26 05:00:00,7.0,0.0,0.0,100
2025-10-26 06:00:00,7.1,0.0,0.0,100
2025-10-26 07:00:00,7.1,0.0,0.0,68
2025-10-26 08:00:00,6.6,8.0,15.9,98
2025-10-26 09:00:00,7.5,52.0,55.9,99
2025-10-26 10:00:00,8.9,163.0,240.5,44
2025-10-26 11:00:00,10.0,294.0,492.8,30
2025-10-26 12:00:00,10.7,388.0,676.7,23
2025-10-26 13:00:00,11.3,406.0,686.6,38
2025-10-26 14:00:00,11.0,374.0,638.5,89
2025-10-26 15:00:00,10.4,267.0,440.3,43
2025-10-26 16:00:00,9.4,146.0,244.1,64
2025-10-26 17:00:00,9.4,64.0,110.4,9
2025-10-26 18:00:00,8.2,6.0,15.0,30
2025-10-26 19:00:00,7.7,0.0,0.0,87
2025-10-26 20:00:00,7.4,0.0,0.0,98
2025-10-26 21:00:00,6.6,0.0,0.0,100
2025-10-26 22:00:00,6.1,0.0,0.0,100
2025-10-26 23:00:00,6.1,0.0,0.0,93
2025-10-27 00:00:00,6.2,0.0,0.0,100
2025-10-27 01:00:00,6.6,0.0,0.0,98
2025-10-27 02:00:00,6.4,0.0,0.0,94
2025-10-27 03:00:00,5.9,0.0,0.0,100
2025-10-27 04:00:00,6.1,0.0,0.0,100
2025-10-27 05:00:00,5.8,0.0,0.0,100
2025-10-27 06:00:00,5.3,0.0,0.0,99
2025-10-27 07:00:00,4.6,0.0,0.0,100
2025-10-27 08:00:00,4.4,7.0,11.0,76
2025-10-27 09:00:00,5.3,96.0,183.2,55
2025-10-27 10:00:00,6.3,216.0,390.1,27
2025-10-27 11:00:00,7.0,297.0,511.3,99
2025-10-27 12:00:00,7.2,135.0,144.6,72
2025-10-27 13:00:00,8.6,317.0,484.8,100
2025-10-27 14:00:00,8.2,233.0,278.7,100
2025-10-27 15:00:00,7.1,53.0,49.2,100
2025-10-27 16:00:00,6.4,33.0,30.6,100
2025-10-27 17:00:00,6.0,19.0,17.6,100
2025-10-27 18:00:00,5.9,1.0,0.9,100
2025-10-27 19:00:00,5.6,0.0,0.0,89
2025-10-27 20:00:00,6.0,0.0,0.0,88
2025-10-27 21:00:00,6.0,0.0,0.0,98
2025-10-27 22:00:00,6.0,0.0,0.0,99
2025-10-27 23:00:00,5.8,0.0,0.0,95
2025-10-28 00:00:00,6.0,0.0,0.0,100
2025-10-28 01:00:00,6.0,0.0,0.0,100
2025-10-28 02:00:00,5.4,0.0,0.0,92
2025-10-28 03:00:00,5.5,0.0,0.0,91
2025-10-28 04:00:00,5.6,0.0,0.0,77
2025-10-28 05:00:00,5.0,0.0,0.0,67
2025-10-28 06:00:00,5.1,0.0,0.0,100
2025-10-28 07:00:00,5.7,0.0,0.0,100
2025-10-28 08:00:00,5.3,1.0,0.9,90
2025-10-28 09:00:00,6.5,68.0,115.3,94
2025-10-28 10:00:00,7.7,162.0,245.4,38
2025-10-28 11:00:00,8.7,255.0,418.2,33
2025-10-28 12:00:00,9.3,347.0,613.3,40
2025-10-28 13:00:00,9.7,345.0,581.3,38
2025-10-28 14:00:00,9.3,327.0,559.9,94
2025-10-28 15:00:00,10.0,241.0,377.6,100
2025-10-28 16:00:00,8.8,111.0,115.7,100
2025-10-28 17:00:00,7.9,23.0,23.6,100
2025-10-28 18:00:00,7.2,1.0,0.9,100
2025-10-28 19:00:00,7.1,0.0,0.0,100
2025-10-28 20:00:00,7.5,0.0,0.0,100
2025-10-28 21:00:00,8.2,0.0,0.0,100
2025-10-28 22:00:00,8.5,0.0,0.0,100
2025-10-28 23:00:00,8.8,0.0,0.0,92
2025-10-29 00:00:00,8.9,0.0,0.0,100
2025-10-29 01:00:00,8.6,0.0,0.0,100
2025-10-29 02:00:00,8.5,0.0,0.0,68
2025-10-29 03:00:00,7.9,0.0,0.0,20
2025-10-29 04:00:00,7.4,0.0,0.0,17
2025-10-29 05:00:00,7.3,0.0,0.0,3
2025-10-29 06:00:00,6.9,0.0,0.0,12
2025-10-29 07:00:00,6.6,0.0,0.0,4
2025-10-29 08:00:00,6.9,6.0,15.8,5
2025-10-29 09:00:00,8.0,94.0,211.3,1
2025-10-29 10:00:00,9.6,223.0,439.9,1
2025-10-29 11:00:00,11.1,331.0,621.0,99
2025-10-29 12:00:00,12.4,392.0,703.2,4
2025-10-29 13:00:00,13.2,422.0,771.1,38
2025-10-29 14:00:00,13.0,387.0,701.3,95
2025-10-29 15:00:00,13.6,239.0,361.8,80
2025-10-29 16:00:00,13.2,165.0,270.4,83
2025-10-29 17:00:00,12.2,69.0,132.0,2
2025-10-29 18:00:00,10.3,4.0,9.6,1
2025-10-29 19:00:00,10.0,0.0,0.0,0
2025-10-29 20:00:00,9.1,0.0,0.0,93
2025-10-29 21:00:00,8.9,0.0,0.0,80
2025-10-29 22:00:00,8.7,0.0,0.0,14
2025-10-29 23:00:00,8.2,0.0,0.0,99
2025-10-30 00:00:00,8.1,0.0,0.0,100
2025-10-30 01:00:00,8.1,0.0,0.0,100
2025-10-30 02:00:00,8.0,0.0,0.0,100
2025-10-30 03:00:00,8.2,0.0,0.0,100
2025-10-30 04:00:00,8.5,0.0,0.0,99
2025-10-30 05:00:00,8.4,0.0,0.0,100
2025-10-30 06:00:00,8.3,0.0,0.0,100
2025-10-30 07:00:00,8.8,0.0,0.0,99
2025-10-30 08:00:00,9.3,4.0,3.7,95
2025-10-30 09:00:00,11.3,86.0,182.0,87
2025-10-30 10:00:00,12.9,207.0,394.6,93
2025-10-30 11:00:00,13.9,241.0,365.9,100
2025-10-30 12:00:00,14.6,208.0,226.8,100
2025-10-30 13:00:00,14.2,54.0,50.1,100
2025-10-30 14:00:00,14.4,34.0,31.5,100
2025-10-30 15:00:00,13.8,48.0,44.5,19
2025-10-30 16:00:00,13.8,165.0,306.1,27
2025-10-30 17:00:00,12.4,66.0,152.2,34
2025-10-30 18:00:00,11.0,2.0,8.2,0
2025-10-30 19:00:00,9.6,0.0,0.0,0
2025-10-30 20:00:00,9.0,0.0,0.0,1
2025-10-30 21:00:00,8.2,0.0,0.0,0
2025-10-30 22:00:00,8.3,0.0,0.0,17
2025-10-30 23:00:00,7.3,0.0,0.0,0
2025-10-31 00:00:00,6.6,0.0,0.0,0
2025-10-31 01:00:00,6.4,0.0,0.0,0
2025-10-31 02:00:00,6.3,0.0,0.0,41
2025-10-31 03:00:00,5.4,0.0,0.0,100
2025-10-31 04:00:00,5.2,0.0,0.0,100
2025-10-31 05:00:00,5.0,0.0,0.0,93
2025-10-31 06:00:00,4.7,0.0,0.0,95
2025-10-31 07:00:00,4.5,0.0,0.0,23
2025-10-31 08:00:00,3.9,5.0,10.5,0
2025-10-31 09:00:00,4.7,89.0,213.0,0
2025-10-31 10:00:00,6.5,217.0,441.4,0
2025-10-31 11:00:00,8.6,325.0,623.6,47
2025-10-31 12:00:00,10.1,393.0,733.7,61
2025-10-31 13:00:00,10.9,413.0,762.5,59
2025-10-31 14:00:00,11.4,384.0,711.1,88
2025-10-31 15:00:00,11.6,311.0,593.4,53
2025-10-31 16:00:00,11.3,201.0,405.9,93
2025-10-31 17:00:00,9.7,75.0,172.8,100
2025-10-31 18:00:00,8.2,2.0,1.9,100
2025-10-31 19:00:00,7.2,0.0,0.0,100
2025-10-31 20:00:00,6.7,0.0,0.0,100
2025-10-31 21:00:00,6.4,0.0,0.0,100
2025-10-31 22:00:00,6.0,0.0,0.0,100
2025-10-31 23:00:00,5.7,0.0,0.0,100
2025-11-01 00:00:00,5.7,0.0,0.0,100
2025-11-01 01:00:00,5.6,0.0,0.0,100
2025-11-01 02:00:00,5.0,0.0,0.0,100
2025-11-01 03:00:00,4.3,0.0,0.0,100
2025-11-01 04:00:00,4.5,0.0,0.0,100
2025-11-01 05:00:00,5.1,0.0,0.0,100
2025-11-01 06:00:00,5.5,0.0,0.0,100
2025-11-01 07:00:00,5.6,0.0,0.0,100
2025-11-01 08:00:00,5.3,3.0,2.8,81
2025-11-01 09:00:00,6.0,72.0,133.7,56
2025-11-01 10:00:00,7.9,195.0,375.3,2
2025-11-01 11:00:00,10.4,307.0,586.4,1
2025-11-01 12:00:00,13.0,377.0,706.2,0
2025-11-01 13:00:00,15.0,398.0,739.7,0
2025-11-01 14:00:00,16.5,371.0,695.5,79
2025-11-01 15:00:00,16.9,296.0,562.2,98
2025-11-01 16:00:00,16.2,186.0,364.7,82
2025-11-01 17:00:00,14.4,69.0,169.6,95
2025-11-01 18:00:00,13.7,2.0,1.9,100
2025-11-01 19:00:00,13.5,0.0,0.0,100
2025-11-01 20:00:00,13.6,0.0,0.0,100
2025-11-01 21:00:00,13.1,0.0,0.0,100
2025-11-01 22:00:00,12.6,0.0,0.0,100
2025-11-01 23:00:00,12.5,0.0,0.0,100
2025-11-02 00:00:00,12.9,0.0,0.0,100
2025-11-02 01:00:00,12.5,0.0,0.0,100
2025-11-02 02:00:00,12.7,0.0,0.0,100
2025-11-02 03:00:00,12.9,0.0,0.0,100
2025-11-02 04:00:00,13.0,0.0,0.0,100
2025-11-02 05:00:00,13.0,0.0,0.0,100
2025-11-02 06:00:00,12.3,0.0,0.0,100
2025-11-02 07:00:00,12.0,0.0,0.0,80
2025-11-02 08:00:00,11.5,3.0,2.8,22
2025-11-02 09:00:00,12.3,73.0,171.4,55
2025-11-02 10:00:00,13.5,188.0,375.1,99
2025-11-02 11:00:00,14.4,266.0,456.3,100
2025-11-02 12:00:00,15.0,286.0,414.4,100
2025-11-02 13:00:00,15.7,296.0,417.0,100
2025-11-02 14:00:00,15.7,169.0,181.8,100
2025-11-02 15:00:00,15.5,205.0,260.5,100
2025-11-02 16:00:00,15.0,129.0,162.9,100
2025-11-02 17:00:00,13.6,40.0,40.0,100
2025-11-02 18:00:00,12.8,1.0,0.9,100
2025-11-02 19:00:00,12.5,0.0,0.0,100
2025-11-02 20:00:00,12.5,0.0,0.0,100
2025-11-02 21:00:00,12.2,0.0,0.0,100
2025-11-02 22:00:00,12.1,0.0,0.0,100
2025-11-02 23:00:00,11.8,0.0,0.0,100
2025-11-03 00:00:00,11.6,0.0,0.0,100
2025-11-03 01:00:00,11.4,0.0,0.0,100
2025-11-03 02:00:00,11.6,0.0,0.0,100
2025-11-03 03:00:00,11.4,0.0,0.0,100
2025-11-03 04:00:00,11.2,0.0,0.0,100
2025-11-03 05:00:00,10.6,0.0,0.0,100
2025-11-03 06:00:00,10.0,0.0,0.0,100
2025-11-03 07:00:00,9.7,0.0,0.0,100
2025-11-03 08:00:00,9.4,0.0,0.0,100
2025-11-03 09:00:00,9.4,11.0,10.2,100
2025-11-03 10:00:00,9.2,25.0,23.2,100
2025-11-03 11:00:00,9.3,57.0,52.9,100
2025-11-03 12:00:00,8.9,46.0,42.7,100
2025-11-03 13:00:00,9.0,48.0,44.5,100
2025-11-03 14:00:00,8.8,55.0,51.0,100
2025-11-03 15:00:00,8.9,37.0,34.3,100
2025-11-03 16:00:00,8.8,23.0,21.3,100
2025-11-03 17:00:00,8.9,14.0,13.0,100
2025-11-03 18:00:00,8.6,0.0,0.0,100
2025-11-03 19:00:00,8.5,0.0,0.0,100
2025-11-03 20:00:00,8.4,0.0,0.0,100
2025-11-03 21:00:00,8.3,0.0,0.0,99
2025-11-03 22:00:00,7.7,0.0,0.0,27
2025-11-03 23:00:00,6.8,0.0,0.0,5
2025-11-04 00:00:00,6.0,0.0,0.0,6
2025-11-04 01:00:00,5.4,0.0,0.0,4
2025-11-04 02:00:00,5.1,0.0,0.0,0
2025-11-04 03:00:00,4.5,0.0,0.0,0
2025-11-04 04:00:00,4.1,0.0,0.0,0
2025-11-04 05:00:00,3.8,0.0,0.0,0
2025-11-04 06:00:00,3.7,0.0,0.0,0
2025-11-04 07:00:00,3.5,0.0,0.0,0
2025-11-04 08:00:00,3.6,2.0,1.9,0
2025-11-04 09:00:00,4.7,70.0,178.6,0
2025-11-04 10:00:00,6.7,189.0,397.4,2
2025-11-04 11:00:00,8.4,292.0,573.5,5
2025-11-04 12:00:00,9.7,354.0,669.2,1
2025-11-04 13:00:00,10.7,381.0,722.1,2
2025-11-04 14:00:00,11.3,354.0,676.1,0
2025-11-04 15:00:00,11.4,283.0,558.4,1
2025-11-04 16:00:00,11.1,178.0,377.3,2
2025-11-04 17:00:00,9.5,60.0,159.7,5
2025-11-04 18:00:00,8.0,1.0,0.0,0
2025-11-04 19:00:00,7.0,0.0,0.0,3
2025-11-04 20:00:00,6.8,0.0,0.0,0
2025-11-04 21:00:00,6.5,0.0,0.0,0
2025-11-04 22:00:00,6.1,0.0,0.0,0
2025-11-04 23:00:00,5.6,0.0,0.0,1
2025-11-05 00:00:00,5.2,0.0,0.0,41
2025-11-05 01:00:00,4.8,0.0,0.0,2
2025-11-05 02:00:00,4.1,0.0,0.0,0
2025-11-05 03:00:00,3.8,0.0,0.0,1
2025-11-05 04:00:00,3.5,0.0,0.0,15
2025-11-05 05:00:00,3.2,0.0,0.0,48
2025-11-05 06:00:00,3.0,0.0,0.0,62
2025-11-05 07:00:00,2.7,0.0,0.0,36
2025-11-05 08:00:00,2.2,2.0,1.9,99
2025-11-05 09:00:00,2.8,66.0,159.6,98
2025-11-05 10:00:00,4.9,177.0,344.9,98
2025-11-05 11:00:00,7.2,281.0,530.8,79
2025-11-05 12:00:00,9.6,354.0,668.5,95
2025-11-05 13:00:00,11.3,369.0,675.5,84
2025-11-05 14:00:00,12.8,346.0,645.5,99
2025-11-05 15:00:00,12.8,241.0,391.5,100
2025-11-05 16:00:00,11.9,141.0,218.9,89
2025-11-05 17:00:00,9.8,49.0,86.6,9
2025-11-05 18:00:00,8.5,0.0,0.0,9
2025-11-05 19:00:00,7.7,0.0,0.0,25
2025-11-05 20:00:00,7.5,0.0,0.0,30
2025-11-05 21:00:00,6.8,0.0,0.0,6
2025-11-05 22:00:00,6.4,0.0,0.0,0
2025-11-05 23:00:00,6.1,0.0,0.0,7
2025-11-06 00:00:00,5.6,0.0,0.0,0
2025-11-06 01:00:00,4.9,0.0,0.0,0
2025-11-06 02:00:00,3.9,0.0,0.0,0
2025-11-06 03:00:00,2.9,0.0,0.0,0
2025-11-06 04:00:00,2.3,0.0,0.0,0
2025-11-06 05:00:00,2.1,0.0,0.0,9
2025-11-06 06:00:00,1.6,0.0,0.0,22
2025-11-06 07:00:00,1.6,0.0,0.0,41
2025-11-06 08:00:00,1.1,1.0,0.0,41
2025-11-06 09:00:00,1.8,60.0,145.7,59
2025-11-06 10:00:00,4.0,169.0,333.4,63
2025-11-06 11:00:00,6.7,282.0,552.0,11
2025-11-06 12:00:00,9.1,354.0,685.3,7
2025-11-06 13:00:00,10.9,378.0,729.5,0
2025-11-06 14:00:00,12.5,352.0,687.9,0
2025-11-06 15:00:00,12.8,280.0,566.8,0
2025-11-06 16:00:00,12.0,173.0,380.0,0
2025-11-06 17:00:00,9.7,55.0,155.9,0
2025-11-06 18:00:00,9.1,0.0,0.0,0
2025-11-06 19:00:00,7.9,0.0,0.0,2
2025-11-06 20:00:00,7.2,0.0,0.0,1
2025-11-06 21:00:00,7.0,0.0,0.0,1
2025-11-06 22:00:00,6.6,0.0,0.0,0
2025-11-06 23:00:00,5.8,0.0,0.0,0
2025-11-07 00:00:00,4.9,0.0,0.0,0
2025-11-07 01:00:00,4.3,0.0,0.0,0
2025-11-07 02:00:00,3.8,0.0,0.0,0
2025-11-07 03:00:00,3.6,0.0,0.0,0
2025-11-07 04:00:00,3.9,0.0,0.0,0
2025-11-07 05:00:00,4.1,0.0,0.0,2
2025-11-07 06:00:00,3.7,0.0,0.0,13
2025-11-07 07:00:00,3.3,0.0,0.0,26
2025-11-07 08:00:00,2.7,1.0,0.0,28
2025-11-07 09:00:00,3.4,60.0,161.7,36
2025-11-07 10:00:00,5.3,177.0,380.5,5
2025-11-07 11:00:00,7.3,283.0,569.5,5
2025-11-07 12:00:00,9.5,353.0,691.3,0
2025-11-07 13:00:00,11.1,375.0,730.0,0
2025-11-07 14:00:00,12.7,348.0,686.1,0
2025-11-07 15:00:00,12.9,277.0,565.4,0
2025-11-07 16:00:00,12.0,170.0,377.4,0
2025-11-07 17:00:00,10.0,53.0,150.9,0
2025-11-07 18:00:00,9.2,0.0,0.0,0
2025-11-07 19:00:00,8.0,0.0,0.0,0
2025-11-07 20:00:00,6.9,0.0,0.0,0
2025-11-07 21:00:00,6.3,0.0,0.0,0
2025-11-07 22:00:00,6.0,0.0,0.0,0
2025-11-07 23:00:00,5.7,0.0,0.0,0
2025-11-08 00:00:00,5.4,0.0,0.0,0
2025-11-08 01:00:00,4.8,0.0,0.0,0
2025-11-08 02:00:00,4.4,0.0,0.0,0
2025-11-08 03:00:00,3.4,0.0,0.0,0
2025-11-08 04:00:00,3.1,0.0,0.0,0
2025-11-08 05:00:00,2.7,0.0,0.0,0
2025-11-08 06:00:00,2.1,0.0,0.0,0
2025-11-08 07:00:00,2.1,0.0,0.0,3
2025-11-08 08:00:00,1.7,1.0,0.0,61
2025-11-08 09:00:00,2.1,47.0,100.1,100
2025-11-08 10:00:00,3.5,127.0,202.6,100
2025-11-08 11:00:00,5.5,233.0,389.7,100
2025-11-08 12:00:00,6.2,154.0,174.1,100
2025-11-08 13:00:00,6.4,67.0,62.2,100
2025-11-08 14:00:00,6.6,128.0,142.3,99
2025-11-08 15:00:00,7.3,162.0,205.5,9
2025-11-08 16:00:00,7.5,157.0,337.4,39
2025-11-08 17:00:00,6.2,45.0,111.9,41
2025-11-08 18:00:00,5.3,0.0,0.0,23
2025-11-08 19:00:00,4.6,0.0,0.0,22
2025-11-08 20:00:00,4.9,0.0,0.0,63
2025-11-08 21:00:00,4.7,0.0,0.0,81
2025-11-08 22:00:00,4.1,0.0,0.0,89
2025-11-08 23:00:00,3.9,0.0,0.0,100
2025-11-09 00:00:00,4.6,0.0,0.0,100
2025-11-09 01:00:00,5.1,0.0,0.0,100
2025-11-09 02:00:00,5.3,0.0,0.0,100
2025-11-09 03:00:00,4.8,0.0,0.0,100
2025-11-09 04:00:00,4.8,0.0,0.0,100
2025-11-09 05:00:00,4.8,0.0,0.0,100
2025-11-09 06:00:00,5.1,0.0,0.0,100
2025-11-09 07:00:00,5.1,0.0,0.0,100
2025-11-09 08:00:00,5.2,0.0,0.0,100
2025-11-09 09:00:00,5.7,23.0,24.8,100
2025-11-09 10:00:00,6.8,72.0,72.3,100
2025-11-09 11:00:00,7.8,115.0,134.4,100
2025-11-09 12:00:00,8.1,117.0,145.6,100
2025-11-09 13:00:00,8.1,83.0,77.0,100
2025-11-09 14:00:00,8.6,94.0,99.2,100
2025-11-09 15:00:00,8.7,54.0,53.1,95
2025-11-09 16:00:00,8.9,87.0,120.8,100
2025-11-09 17:00:00,8.0,14.0,13.0,100
2025-11-09 18:00:00,6.1,0.0,0.0,100
2025-11-09 19:00:00,6.0,0.0,0.0,100
2025-11-09 20:00:00,6.2,0.0,0.0,95
2025-11-09 21:00:00,5.9,0.0,0.0,100
2025-11-09 22:00:00,5.7,0.0,0.0,100
2025-11-09 23:00:00,5.8,0.0,0.0,100
2025-11-10 00:00:00,5.9,0.0,0.0,100
2025-11-10 01:00:00,5.8,0.0,0.0,100
2025-11-10 02:00:00,6.0,0.0,0.0,100
2025-11-10 03:00:00,6.0,0.0,0.0,100
2025-11-10 04:00:00,5.9,0.0,0.0,100
2025-11-10 05:00:00,5.8,0.0,0.0,100
2025-11-10 06:00:00,5.6,0.0,0.0,100
2025-11-10 07:00:00,5.5,0.0,0.0,100
2025-11-10 08:00:00,5.3,0.0,0.0,100
2025-11-10 09:00:00,5.4,14.0,13.0,100
2025-11-10 10:00:00,5.8,45.0,41.7,100
2025-11-10 11:00:00,6.1,46.0,42.7,100
2025-11-10 12:00:00,6.6,73.0,67.7,100
2025-11-10 13:00:00,6.8,62.0,57.5,100
2025-11-10 14:00:00,6.9,38.0,35.3,100
2025-11-10 15:00:00,6.8,41.0,38.0,100
2025-11-10 16:00:00,6.7,25.0,23.2,100
2025-11-10 17:00:00,6.6,6.0,5.6,100
2025-11-10 18:00:00,6.6,0.0,0.0,100
2025-11-10 19:00:00,6.6,0.0,0.0,100
2025-11-10 20:00:00,7.0,0.0,0.0,100
2025-11-10 21:00:00,7.0,0.0,0.0,100
2025-11-10 22:00:00,7.0,0.0,0.0,100
2025-11-10 23:00:00,6.9,0.0,0.0,100
2025-11-11 00:00:00,6.8,0.0,0.0,100
2025-11-11 01:00:00,6.8,0.0,0.0,100
2025-11-11 02:00:00,7.1,0.0,0.0,100
2025-11-11 03:00:00,7.0,0.0,0.0,100
2025-11-11 04:00:00,6.6,0.0,0.0,100
2025-11-11 05:00:00,6.4,0.0,0.0,100
2025-11-11 06:00:00,5.9,0.0,0.0,69
2025-11-11 07:00:00,5.7,0.0,0.0,95
2025-11-11 08:00:00,5.9,0.0,0.0,100
2025-11-11 09:00:00,6.4,31.0,43.5,100
2025-11-11 10:00:00,7.4,94.0,106.7,89
2025-11-11 11:00:00,8.3,191.0,313.6,95
2025-11-11 12:00:00,9.0,220.0,313.2,99
2025-11-11 13:00:00,9.7,286.0,473.5,46
2025-11-11 14:00:00,9.5,257.0,437.3,100
2025-11-11 15:00:00,9.5,143.0,166.4,100
2025-11-11 16:00:00,8.7,36.0,39.4,100
2025-11-11 17:00:00,8.4,15.0,13.9,80
2025-11-11 18:00:00,7.6,0.0,0.0,23
2025-11-11 19:00:00,6.7,0.0,0.0,100
2025-11-11 20:00:00,6.7,0.0,0.0,90
2025-11-11 21:00:00,6.9,0.0,0.0,39
2025-11-11 22:00:00,6.4,0.0,0.0,59
2025-11-11 23:00:00,6.3,0.0,0.0,100
2025-11-12 00:00:00,6.4,0.0,0.0,100
2025-11-12 01:00:00,6.6,0.0,0.0,100
2025-11-12 02:00:00,7.0,0.0,0.0,100
2025-11-12 03:00:00,7.2,0.0,0.0,100
2025-11-12 04:00:00,7.2,0.0,0.0,100
2025-11-12 05:00:00,7.0,0.0,0.0,100
2025-11-12 06:00:00,7.1,0.0,0.0,100
2025-11-12 07:00:00,6.9,0.0,0.0,100
2025-11-12 08:00:00,7.0,0.0,0.0,100
2025-11-12 09:00:00,7.4,18.0,24.3,100
2025-11-12 10:00:00,7.9,54.0,50.1,100
2025-11-12 11:00:00,8.9,164.0,263.3,84
2025-11-12 12:00:00,9.7,240.0,409.7,100
2025-11-12 13:00:00,10.3,277.0,450.7,100
2025-11-12 14:00:00,10.6,257.0,400.0,97
2025-11-12 15:00:00,10.6,222.0,401.4,82
2025-11-12 16:00:00,10.0,139.0,287.4,70
2025-11-12 17:00:00,7.7,38.0,115.6,70
2025-11-12 18:00:00,7.2,0.0,0.0,95
2025-11-12 19:00:00,6.8,0.0,0.0,49
2025-11-12 20:00:00,6.3,0.0,0.0,70
2025-11-12 21:00:00,5.7,0.0,0.0,82
2025-11-12 22:00:00,5.2,0.0,0.0,79
2025-11-12 23:00:00,4.9,0.0,0.0,99
2025-11-13 00:00:00,4.8,0.0,0.0,100
2025-11-13 01:00:00,5.1,0.0,0.0,100
2025-11-13 02:00:00,5.2,0.0,0.0,100
2025-11-13 03:00:00,5.5,0.0,0.0,100
2025-11-13 04:00:00,5.6,0.0,0.0,100
2025-11-13 05:00:00,5.5,0.0,0.0,100
2025-11-13 06:00:00,5.3,0.0,0.0,100
2025-11-13 07:00:00,4.9,0.0,0.0,80
2025-11-13 08:00:00,4.8,0.0,0.0,97
2025-11-13 09:00:00,5.0,36.0,84.9,98
2025-11-13 10:00:00,6.0,139.0,284.8,96
2025-11-13 11:00:00,6.9,230.0,430.4,100
2025-11-13 12:00:00,7.8,285.0,496.6,98
2025-11-13 13:00:00,8.8,314.0,565.7,98
2025-11-13 14:00:00,9.2,302.0,570.0,98
2025-11-13 15:00:00,8.7,212.0,363.7,98
2025-11-13 16:00:00,7.7,131.0,258.6,91
2025-11-13 17:00:00,6.7,33.0,80.4,88
2025-11-13 18:00:00,6.2,0.0,0.0,12
2025-11-13 19:00:00,5.8,0.0,0.0,23
2025-11-13 20:00:00,5.7,0.0,0.0,69
2025-11-13 21:00:00,5.3,0.0,0.0,45
2025-11-13 22:00:00,5.1,0.0,0.0,34
2025-11-13 23:00:00,5.0,0.0,0.0,83
2025-11-14 00:00:00,4.7,0.0,0.0,99
2025-11-14 01:00:00,4.6,0.0,0.0,91
2025-11-14 02:00:00,5.0,0.0,0.0,99
2025-11-14 03:00:00,4.7,0.0,0.0,98
2025-11-14 04:00:00,4.5,0.0,0.0,88
2025-11-14 05:00:00,4.5,0.0,0.0,96
2025-11-14 06:00:00,4.4,0.0,0.0,97
2025-11-14 07:00:00,4.6,0.0,0.0,95
2025-11-14 08:00:00,4.4,0.0,0.0,48
2025-11-14 09:00:00,4.8,35.0,98.1,80
2025-11-14 10:00:00,5.6,125.0,257.0,83
2025-11-14 11:00:00,6.5,217.0,415.9,87
2025-11-14 12:00:00,7.2,252.0,411.0,53
2025-11-14 13:00:00,8.2,284.0,507.2,55
2025-11-14 14:00:00,9.2,259.0,455.6,61
2025-11-14 15:00:00,9.0,218.0,412.7,100
2025-11-14 16:00:00,8.5,111.0,200.2,100
2025-11-14 17:00:00,7.3,27.0,46.5,100
2025-11-14 18:00:00,6.7,0.0,0.0,100
2025-11-14 19:00:00,6.5,0.0,0.0,100
2025-11-14 20:00:00,7.0,0.0,0.0,100
2025-11-14 21:00:00,7.0,0.0,0.0,100
2025-11-14 22:00:00,7.2,0.0,0.0,100
2025-11-14 23:00:00,7.3,0.0,0.0,100
2025-11-15 00:00:00,7.5,0.0,0.0,84
2025-11-15 01:00:00,7.6,0.0,0.0,56
2025-11-15 02:00:00,7.6,0.0,0.0,81
2025-11-15 03:00:00,7.3,0.0,0.0,44
2025-11-15 04:00:00,7.2,0.0,0.0,94
2025-11-15 05:00:00,7.1,0.0,0.0,100
2025-11-15 06:00:00,6.8,0.0,0.0,80
2025-11-15 07:00:00,6.4,0.0,0.0,100
2025-11-15 08:00:00,6.1,0.0,0.0,100
2025-11-15 09:00:00,6.4,11.0,10.2,100
2025-11-15 10:00:00,7.0,78.0,85.3,98
2025-11-15 11:00:00,7.8,162.0,233.4,99
2025-11-15 12:00:00,8.2,131.0,140.4,100
2025-11-15 13:00:00,8.5,135.0,125.2,100
2025-11-15 14:00:00,7.7,159.0,191.2,100
2025-11-15 15:00:00,7.8,81.0,81.7,100
2025-11-15 16:00:00,7.6,46.0,42.7,100
2025-11-15 17:00:00,7.1,7.0,6.5,100
2025-11-15 18:00:00,6.5,0.0,0.0,100
2025-11-15 19:00:00,6.1,0.0,0.0,100
2025-11-15 20:00:00,5.9,0.0,0.0,100
2025-11-15 21:00:00,5.5,0.0,0.0,100
2025-11-15 22:00:00,5.3,0.0,0.0,100
2025-11-15 23:00:00,5.1,0.0,0.0,100
2025-11-16 00:00:00,5.0,0.0,0.0,100
2025-11-16 01:00:00,5.1,0.0,0.0,100
2025-11-16 02:00:00,5.4,0.0,0.0,100
2025-11-16 03:00:00,5.5,0.0,0.0,100
2025-11-16 04:00:00,5.4,0.0,0.0,100
2025-11-16 05:00:00,5.2,0.0,0.0,100
2025-11-16 06:00:00,5.2,0.0,0.0,100
2025-11-16 07:00:00,5.4,0.0,0.0,100
2025-11-16 08:00:00,5.7,0.0,0.0,100
2025-11-16 09:00:00,6.2,19.0,26.4,100
2025-11-16 10:00:00,6.8,54.0,50.1,100
2025-11-16 11:00:00,8.2,168.0,243.8,100
2025-11-16 12:00:00,9.2,199.0,247.9,100
2025-11-16 13:00:00,10.2,160.0,157.0,100
2025-11-16 14:00:00,10.1,195.0,263.7,95
2025-11-16 15:00:00,10.1,120.0,133.1,95
2025-11-16 16:00:00,9.7,74.0,127.6,98
2025-11-16 17:00:00,8.7,22.0,38.7,96
2025-11-16 18:00:00,7.7,0.0,0.0,100
2025-11-16 19:00:00,7.2,0.0,0.0,100
2025-11-16 20:00:00,7.0,0.0,0.0,95
2025-11-16 21:00:00,6.8,0.0,0.0,93
2025-11-16 22:00:00,6.7,0.0,0.0,99
2025-11-16 23:00:00,6.8,0.0,0.0,100
2025-11-17 00:00:00,6.8,0.0,0.0,100
2025-11-17 01:00:00,7.3,0.0,0.0,100
2025-11-17 02:00:00,7.4,0.0,0.0,99
2025-11-17 03:00:00,7.3,0.0,0.0,99
2025-11-17 04:00:00,7.4,0.0,0.0,100
2025-11-17 05:00:00,7.5,0.0,0.0,100
2025-11-17 06:00:00,7.4,0.0,0.0,100
2025-11-17 07:00:00,7.3,0.0,0.0,100
2025-11-17 08:00:00,7.3,0.0,0.0,100
2025-11-17 09:00:00,7.3,8.0,7.4,100
2025-11-17 10:00:00,7.5,19.0,17.6,100
2025-11-17 11:00:00,7.6,39.0,36.2,100
2025-11-17 12:00:00,8.0,69.0,64.0,100
2025-11-17 13:00:00,7.7,31.0,28.8,100
2025-11-17 14:00:00,6.0,21.0,19.5,100
2025-11-17 15:00:00,5.0,13.0,12.1,100
2025-11-17 16:00:00,2.4,10.0,9.3,100
2025-11-17 17:00:00,1.8,5.0,4.6,100
2025-11-17 18:00:00,1.6,0.0,0.0,100
2025-11-17 19:00:00,1.7,0.0,0.0,100
2025-11-17 20:00:00,1.8,0.0,0.0,100
2025-11-17 21:00:00,2.1,0.0,0.0,100
2025-11-17 22:00:00,2.0,0.0,0.0,100
2025-11-17 23:00:00,2.4,0.0,0.0,100
2025-11-18 00:00:00,2.4,0.0,0.0,100
2025-11-18 01:00:00,2.3,0.0,0.0,100
2025-11-18 02:00:00,2.3,0.0,0.0,100
2025-11-18 03:00:00,2.3,0.0,0.0,100
2025-11-18 04:00:00,2.1,0.0,0.0,100
2025-11-18 05:00:00,2.0,0.0,0.0,100
2025-11-18 06:00:00,1.9,0.0,0.0,99
2025-11-18 07:00:00,1.5,0.0,0.0,100
2025-11-18 08:00:00,1.3,0.0,0.0,100
2025-11-18 09:00:00,1.6,10.0,9.3,100
2025-11-18 10:00:00,2.1,58.0,56.1,89
2025-11-18 11:00:00,2.8,143.0,206.6,33
2025-11-18 12:00:00,3.6,281.0,559.4,16
2025-11-18 13:00:00,4.5,308.0,615.3,25
2025-11-18 14:00:00,4.5,283.0,577.4,2
2025-11-18 15:00:00,4.5,230.0,506.0,0
2025-11-18 16:00:00,3.8,132.0,333.9,13
2025-11-18 17:00:00,2.6,27.0,88.4,41
2025-11-18 18:00:00,1.7,0.0,0.0,99
2025-11-18 19:00:00,1.0,0.0,0.0,99
2025-11-18 20:00:00,0.9,0.0,0.0,99
2025-11-18 21:00:00,0.7,0.0,0.0,99
2025-11-18 22:00:00,0.4,0.0,0.0,93
2025-11-18 23:00:00,0.2,0.0,0.0,92
2025-11-19 00:00:00,0.0,0.0,0.0,28
2025-11-19 01:00:00,-0.3,0.0,0.0,35
2025-11-19 02:00:00,-0.5,0.0,0.0,9
2025-11-19 03:00:00,-0.7,0.0,0.0,1
2025-11-19 04:00:00,-0.8,0.0,0.0,0
2025-11-19 05:00:00,-1.0,0.0,0.0,0
2025-11-19 06:00:00,-1.2,0.0,0.0,54
2025-11-19 07:00:00,-1.1,0.0,0.0,45
2025-11-19 08:00:00,-1.6,0.0,0.0,38
2025-11-19 09:00:00,-1.2,28.0,89.8,14
2025-11-19 10:00:00,0.4,133.0,336.8,20
2025-11-19 11:00:00,1.9,236.0,528.6,0
2025-11-19 12:00:00,3.0,304.0,651.2,5
2025-11-19 13:00:00,3.7,323.0,676.6,2
2025-11-19 14:00:00,3.5,302.0,647.1,85
2025-11-19 15:00:00,3.6,154.0,230.8,5
2025-11-19 16:00:00,2.7,126.0,308.9,1
2025-11-19 17:00:00,1.0,27.0,95.4,5
2025-11-19 18:00:00,0.3,0.0,0.0,99
2025-11-19 19:00:00,-0.1,0.0,0.0,100
2025-11-19 20:00:00,0.2,0.0,0.0,100
2025-11-19 21:00:00,0.2,0.0,0.0,100
2025-11-19 22:00:00,0.1,0.0,0.0,100
2025-11-19 23:00:00,-0.1,0.0,0.0,100
2025-11-20 00:00:00,-0.2,0.0,0.0,100
2025-11-20 01:00:00,0.3,0.0,0.0,100
2025-11-20 02:00:00,0.2,0.0,0.0,100
2025-11-20 03:00:00,0.4,0.0,0.0,98
2025-11-20 04:00:00,0.3,0.0,0.0,100
2025-11-20 05:00:00,0.7,0.0,0.0,100
2025-11-20 06:00:00,0.4,0.0,0.0,96
2025-11-20 07:00:00,0.5,0.0,0.0,100
2025-11-20 08:00:00,0.8,0.0,0.0,100
2025-11-20 09:00:00,1.4,17.0,31.0,100
2025-11-20 10:00:00,2.1,52.0,53.2,100
2025-11-20 11:00:00,2.7,70.0,64.9,95
2025-11-20 12:00:00,4.0,107.0,139.8,75
2025-11-20 13:00:00,4.7,156.0,198.8,70
2025-11-20 14:00:00,5.2,154.0,213.2,93
2025-11-20 15:00:00,4.9,160.0,257.4,45
2025-11-20 16:00:00,4.4,107.0,221.0,20
2025-11-20 17:00:00,3.2,23.0,73.1,65
2025-11-20 18:00:00,2.8,0.0,0.0,98
2025-11-20 19:00:00,2.9,0.0,0.0,92
2025-11-20 20:00:00,2.5,0.0,0.0,34
2025-11-20 21:00:00,1.8,0.0,0.0,83
2025-11-20 22:00:00,1.2,0.0,0.0,96
2025-11-20 23:00:00,0.8,0.0,0.0,97
2025-11-21 00:00:00,0.4,0.0,0.0,100
2025-11-21 01:00:00,0.8,0.0,0.0,100
2025-11-21 02:00:00,1.1,0.0,0.0,100
2025-11-21 03:00:00,0.7,0.0,0.0,100
2025-11-21 04:00:00,0.2,0.0,0.0,100
2025-11-21 05:00:00,-0.2,0.0,0.0,100
2025-11-21 06:00:00,-0.3,0.0,0.0,100
2025-11-21 07:00:00,-0.4,0.0,0.0,100
2025-11-21 08:00:00,-0.3,0.0,0.0,100
2025-11-21 09:00:00,-0.4,6.0,5.6,100
2025-11-21 10:00:00,-0.4,29.0,26.9,100
2025-11-21 11:00:00,-0.3,57.0,52.9,100
2025-11-21 12:00:00,0.0,75.0,69.6,100
2025-11-21 13:00:00,0.3,108.0,101.7,100
2025-11-21 14:00:00,0.5,72.0,66.8,100
2025-11-21 15:00:00,0.4,63.0,58.4,100
2025-11-21 16:00:00,0.3,33.0,30.6,100
2025-11-21 17:00:00,0.2,6.0,5.6,100
2025-11-21 18:00:00,0.0,0.0,0.0,100
2025-11-21 19:00:00,-0.2,0.0,0.0,100
2025-11-21 20:00:00,-0.4,0.0,0.0,100
2025-11-21 21:00:00,-0.6,0.0,0.0,100
2025-11-21 22:00:00,-0.7,0.0,0.0,100
2025-11-21 23:00:00,-0.8,0.0,0.0,100
2025-11-22 00:00:00,-0.6,0.0,0.0,100
2025-11-22 01:00:00,-0.6,0.0,0.0,100
2025-11-22 02:00:00,-0.8,0.0,0.0,100
2025-11-22 03:00:00,-0.7,0.0,0.0,100
2025-11-22 04:00:00,-0.7,0.0,0.0,100
2025-11-22 05:00:00,-0.9,0.0,0.0,100
2025-11-22 06:00:00,-1.3,0.0,0.0,100
2025-11-22 07:00:00,-1.6,0.0,0.0,100
2025-11-22 08:00:00,-1.7,0.0,0.0,100
2025-11-22 09:00:00,-1.7,9.0,8.3,100
2025-11-22 10:00:00,-1.2,29.0,26.9,100
2025-11-22 11:00:00,-0.3,106.0,131.5,100
2025-11-22 12:00:00,0.3,131.0,160.0,100
2025-11-22 13:00:00,0.3,85.0,81.9,100
2025-11-22 14:00:00,0.4,90.0,117.2,100
2025-11-22 15:00:00,0.3,41.0,38.0,100
2025-11-22 16:00:00,0.2,25.0,23.2,100
2025-11-22 17:00:00,0.1,4.0,3.7,100
2025-11-22 18:00:00,0.1,0.0,0.0,100
2025-11-22 19:00:00,-0.4,0.0,0.0,100
2025-11-22 20:00:00,-0.7,0.0,0.0,100
2025-11-22 21:00:00,-1.1,0.0,0.0,100
2025-11-22 22:00:00,-1.6,0.0,0.0,100
2025-11-22 23:00:00,-1.8,0.0,0.0,100
2025-11-23 00:00:00,-2.0,0.0,0.0,100
2025-11-23 01:00:00,-2.0,0.0,0.0,100
2025-11-23 02:00:00,-1.7,0.0,0.0,100
2025-11-23 03:00:00,-1.6,0.0,0.0,100
2025-11-23 04:00:00,-2.0,0.0,0.0,100
2025-11-23 05:00:00,-2.3,0.0,0.0,100
2025-11-23 06:00:00,-2.4,0.0,0.0,100
2025-11-23 07:00:00,-2.4,0.0,0.0,100
2025-11-23 08:00:00,-2.1,0.0,0.0,100
2025-11-23 09:00:00,-2.1,10.0,9.3,100
2025-11-23 10:00:00,-2.0,54.0,50.1,100
2025-11-23 11:00:00,-1.8,82.0,76.1,100
2025-11-23 12:00:00,-1.8,134.0,124.3,100
2025-11-23 13:00:00,-1.8,95.0,88.1,100
2025-11-23 14:00:00,-1.5,85.0,78.9,100
2025-11-23 15:00:00,-1.5,76.0,70.5,100
2025-11-23 16:00:00,-1.7,41.0,38.0,100
2025-11-23 17:00:00,-1.9,10.0,9.3,100
2025-11-23 18:00:00,-2.0,0.0,0.0,100
2025-11-23 19:00:00,-2.0,0.0,0.0,100
2025-11-23 20:00:00,-2.1,0.0,0.0,100
2025-11-23 21:00:00,-2.2,0.0,0.0,100
2025-11-23 22:00:00,-2.5,0.0,0.0,100
2025-11-23 23:00:00,-2.9,0.0,0.0,85
2025-11-24 00:00:00,-4.1,0.0,0.0,23
2025-11-24 01:00:00,-5.1,0.0,0.0,2
2025-11-24 02:00:00,-5.6,0.0,0.0,3
2025-11-24 03:00:00,-5.3,0.0,0.0,45
2025-11-24 04:00:00,-5.1,0.0,0.0,99
2025-11-24 05:00:00,-4.6,0.0,0.0,100
2025-11-24 06:00:00,-3.8,0.0,0.0,100
2025-11-24 07:00:00,-3.0,0.0,0.0,100
2025-11-24 08:00:00,-2.0,0.0,0.0,100
2025-11-24 09:00:00,-1.6,14.0,13.0,100
2025-11-24 10:00:00,-1.1,38.0,35.3,100
2025-11-24 11:00:00,-0.8,84.0,77.9,100
2025-11-24 12:00:00,-0.2,131.0,133.0,100
2025-11-24 13:00:00,0.2,152.0,183.6,100
2025-11-24 14:00:00,1.0,184.0,229.8,100
2025-11-24 15:00:00,1.0,87.0,82.6,100
2025-11-24 16:00:00,1.0,39.0,36.2,100
2025-11-24 17:00:00,0.8,12.0,11.1,100
2025-11-24 18:00:00,0.7,0.0,0.0,100
2025-11-24 19:00:00,0.5,0.0,0.0,100
2025-11-24 20:00:00,0.5,0.0,0.0,100
2025-11-24 21:00:00,0.6,0.0,0.0,100
2025-11-24 22:00:00,0.8,0.0,0.0,100
2025-11-24 23:00:00,1.0,0.0,0.0,100
2025-11-25 00:00:00,1.2,0.0,0.0,100
2025-11-25 01:00:00,1.3,0.0,0.0,100
2025-11-25 02:00:00,1.4,0.0,0.0,100
2025-11-25 03:00:00,1.3,0.0,0.0,100
2025-11-25 04:00:00,1.0,0.0,0.0,100
2025-11-25 05:00:00,1.0,0.0,0.0,100
2025-11-25 06:00:00,0.8,0.0,0.0,100
2025-11-25 07:00:00,1.0,0.0,0.0,100
2025-11-25 08:00:00,1.2,0.0,0.0,100
2025-11-25 09:00:00,1.2,2.0,1.9,100
2025-11-25 10:00:00,1.4,18.0,16.7,100
2025-11-25 11:00:00,1.8,46.0,42.7,100
2025-11-25 12:00:00,2.3,48.0,44.5,100
2025-11-25 13:00:00,2.9,72.0,68.4,100
2025-11-25 14:00:00,2.6,42.0,39.0,100
2025-11-25 15:00:00,2.1,25.0,23.2,100
2025-11-25 16:00:00,1.8,17.0,15.8,100
2025-11-25 17:00:00,1.4,5.0,4.6,100
2025-11-25 18:00:00,1.3,0.0,0.0,100
2025-11-25 19:00:00,1.3,0.0,0.0,100
2025-11-25 20:00:00,1.7,0.0,0.0,100
2025-11-25 21:00:00,1.6,0.0,0.0,100
2025-11-25 22:00:00,1.6,0.0,0.0,100
2025-11-25 23:00:00,1.2,0.0,0.0,100
2025-11-26 00:00:00,1.2,0.0,0.0,100
2025-11-26 01:00:00,1.2,0.0,0.0,100
2025-11-26 02:00:00,0.7,0.0,0.0,100
2025-11-26 03:00:00,0.5,0.0,0.0,100
2025-11-26 04:00:00,0.4,0.0,0.0,100
2025-11-26 05:00:00,0.4,0.0,0.0,100
2025-11-26 06:00:00,0.3,0.0,0.0,100
2025-11-26 07:00:00,0.2,0.0,0.0,100
2025-11-26 08:00:00,0.3,0.0,0.0,100
2025-11-26 09:00:00,0.3,2.0,1.9,100
2025-11-26 10:00:00,0.5,30.0,27.8,100
2025-11-26 11:00:00,0.4,22.0,20.4,100
2025-11-26 12:00:00,0.7,64.0,59.4,100
2025-11-26 13:00:00,0.3,30.0,27.8,100
2025-11-26 14:00:00,0.1,59.0,54.7,100
2025-11-26 15:00:00,-0.1,50.0,46.4,100
2025-11-26 16:00:00,-0.4,23.0,21.3,100
2025-11-26 17:00:00,-0.7,6.0,5.6,100
2025-11-26 18:00:00,-0.8,0.0,0.0,100
2025-11-26 19:00:00,-0.7,0.0,0.0,100
2025-11-26 20:00:00,-0.5,0.0,0.0,100
2025-11-26 21:00:00,-0.4,0.0,0.0,100
2025-11-26 22:00:00,-0.3,0.0,0.0,100
2025-11-26 23:00:00,-0.1,0.0,0.0,100
2025-11-27 00:00:00,0.0,0.0,0.0,100
2025-11-27 01:00:00,0.1,0.0,0.0,100
2025-11-27 02:00:00,0.3,0.0,0.0,100
2025-11-27 03:00:00,0.4,0.0,0.0,100
2025-11-27 04:00:00,0.4,0.0,0.0,100
2025-11-27 05:00:00,0.4,0.0,0.0,100
2025-11-27 06:00:00,0.5,0.0,0.0,100
2025-11-27 07:00:00,0.6,0.0,0.0,100
2025-11-27 08:00:00,0.7,0.0,0.0,100
2025-11-27 09:00:00,0.8,6.0,5.6,100
2025-11-27 10:00:00,0.8,42.0,41.9,100
2025-11-27 11:00:00,1.0,97.0,92.0,100
2025-11-27 12:00:00,1.2,138.0,131.4,92
2025-11-27 13:00:00,1.3,208.0,266.5,96
2025-11-27 14:00:00,1.7,203.0,278.4,95
2025-11-27 15:00:00,1.5,137.0,198.0,99
2025-11-27 16:00:00,1.2,75.0,95.3,98
2025-11-27 17:00:00,0.7,12.0,17.4,94
2025-11-27 18:00:00,0.5,0.0,0.0,100
2025-11-27 19:00:00,0.4,0.0,0.0,100
2025-11-27 20:00:00,0.7,0.0,0.0,100
2025-11-27 21:00:00,-0.5,0.0,0.0,84
2025-11-27 22:00:00,-1.4,0.0,0.0,100
2025-11-27 23:00:00,-2.3,0.0,0.0,100
2025-11-28 00:00:00,-3.0,0.0,0.0,100
2025-11-28 01:00:00,-2.6,0.0,0.0,100
2025-11-28 02:00:00,-2.6,0.0,0.0,100
2025-11-28 03:00:00,-2.2,0.0,0.0,100
2025-11-28 04:00:00,-2.3,0.0,0.0,100
2025-11-28 05:00:00,-2.7,0.0,0.0,100
2025-11-28 06:00:00,-3.0,0.0,0.0,100
2025-11-28 07:00:00,-3.3,0.0,0.0,100
2025-11-28 08:00:00,-3.9,0.0,0.0,100
2025-11-28 09:00:00,-3.9,9.0,8.3,100
2025-11-28 10:00:00,-3.7,68.0,84.2,100
2025-11-28 11:00:00,-3.1,131.0,149.8,100
2025-11-28 12:00:00,-2.2,173.0,203.7,100
2025-11-28 13:00:00,-1.4,181.0,202.6,97
2025-11-28 14:00:00,-0.9,206.0,285.7,99
2025-11-28 15:00:00,-0.8,145.0,192.3,89
2025-11-28 16:00:00,-1.2,82.0,122.5,100
2025-11-28 17:00:00,-1.3,12.0,17.5,99
2025-11-28 18:00:00,-1.7,0.0,0.0,100
2025-11-28 19:00:00,-1.7,0.0,0.0,100
2025-11-28 20:00:00,-1.6,0.0,0.0,100
2025-11-28 21:00:00,-1.7,0.0,0.0,100
2025-11-28 22:00:00,-1.6,0.0,0.0,100
2025-11-28 23:00:00,-1.7,0.0,0.0,100
2025-11-29 00:00:00,-1.8,0.0,0.0,100
2025-11-29 01:00:00,-2.2,0.0,0.0,100
2025-11-29 02:00:00,-2.4,0.0,0.0,100
2025-11-29 03:00:00,-2.7,0.0,0.0,100
2025-11-29 04:00:00,-3.1,0.0,0.0,100
2025-11-29 05:00:00,-3.5,0.0,0.0,100
2025-11-29 06:00:00,-3.9,0.0,0.0,100
2025-11-29 07:00:00,-4.0,0.0,0.0,97
2025-11-29 08:00:00,-3.7,0.0,0.0,99
2025-11-29 09:00:00,-3.4,9.0,8.3,100
2025-11-29 10:00:00,-1.8,73.0,111.1,100
2025-11-29 11:00:00,-0.4,146.0,205.2,96
2025-11-29 12:00:00,0.5,225.0,376.6,74
2025-11-29 13:00:00,1.0,289.0,601.9,42
2025-11-29 14:00:00,1.2,273.0,597.3,100
2025-11-29 15:00:00,1.2,120.0,125.4,100
2025-11-29 16:00:00,0.9,57.0,61.7,100
2025-11-29 17:00:00,0.5,9.0,8.3,100
2025-11-29 18:00:00,0.2,0.0,0.0,100
2025-11-29 19:00:00,0.3,0.0,0.0,100
2025-11-29 20:00:00,0.3,0.0,0.0,100
2025-11-29 21:00:00,0.3,0.0,0.0,100
2025-11-29 22:00:00,0.2,0.0,0.0,100
2025-11-29 23:00:00,0.1,0.0,0.0,100
2025-11-30 00:00:00,-0.1,0.0,0.0,100
2025-11-30 01:00:00,-0.3,0.0,0.0,100
2025-11-30 02:00:00,-0.5,0.0,0.0,100
2025-11-30 03:00:00,-0.6,0.0,0.0,100
2025-11-30 04:00:00,-0.8,0.0,0.0,95
2025-11-30 05:00:00,-1.8,0.0,0.0,98
2025-11-30 06:00:00,-2.1,0.0,0.0,100
2025-11-30 07:00:00,-2.1,0.0,0.0,100
2025-11-30 08:00:00,-1.9,0.0,0.0,100
2025-11-30 09:00:00,-1.7,4.0,3.7,100
2025-11-30 10:00:00,-1.0,30.0,31.0,100
2025-11-30 11:00:00,0.0,74.0,68.6,100
2025-11-30 12:00:00,0.7,94.0,89.0,100
2025-11-30 13:00:00,1.0,99.0,103.6,100
2025-11-30 14:00:00,0.6,108.0,109.0,100
2025-11-30 15:00:00,0.6,78.0,74.4,100
2025-11-30 16:00:00,0.6,40.0,37.1,100
2025-11-30 17:00:00,0.4,6.0,5.6,100
2025-11-30 18:00:00,-0.2,0.0,0.0,93
2025-11-30 19:00:00,-1.2,0.0,0.0,66
2025-11-30 20:00:00,-1.8,0.0,0.0,59
2025-11-30 21:00:00,-2.4,0.0,0.0,45
2025-11-30 22:00:00,-2.6,0.0,0.0,48
2025-11-30 23:00:00,-2.8,0.0,0.0,64
2025-12-01 00:00:00,-2.4,0.0,0.0,100
2025-12-01 01:00:00,-1.8,0.0,0.0,100
2025-12-01 02:00:00,-2.0,0.0,0.0,100
2025-12-01 03:00:00,-1.4,0.0,0.0,100
2025-12-01 04:00:00,-0.7,0.0,0.0,100
2025-12-01 05:00:00,-0.7,0.0,0.0,100
2025-12-01 06:00:00,-0.7,0.0,0.0,100
2025-12-01 07:00:00,-0.8,0.0,0.0,100
2025-12-01 08:00:00,-1.2,0.0,0.0,100
2025-12-01 09:00:00,-1.2,2.0,1.9,100
2025-12-01 10:00:00,-1.2,16.0,14.8,100
2025-12-01 11:00:00,-0.8,42.0,39.0,100
2025-12-01 12:00:00,-0.3,49.0,45.5,100
2025-12-01 13:00:00,0.2,63.0,58.4,100
2025-12-01 14:00:00,0.7,50.0,46.4,100
2025-12-01 15:00:00,0.6,35.0,32.5,100
2025-12-01 16:00:00,0.6,16.0,14.8,100
2025-12-01 17:00:00,0.6,2.0,1.9,100
2025-12-01 18:00:00,0.5,0.0,0.0,100
2025-12-01 19:00:00,0.5,0.0,0.0,100
2025-12-01 20:00:00,0.7,0.0,0.0,100
2025-12-01 21:00:00,0.8,0.0,0.0,100
2025-12-01 22:00:00,0.8,0.0,0.0,100
2025-12-01 23:00:00,0.1,0.0,0.0,100
2025-12-02 00:00:00,0.2,0.0,0.0,100
2025-12-02 01:00:00,-0.4,0.0,0.0,100
2025-12-02 02:00:00,-0.4,0.0,0.0,100
2025-12-02 03:00:00,0.0,0.0,0.0,100
2025-12-02 04:00:00,0.5,0.0,0.0,100
2025-12-02 05:00:00,0.7,0.0,0.0,100
2025-12-02 06:00:00,0.6,0.0,0.0,100
2025-12-02 07:00:00,0.4,0.0,0.0,100
2025-12-02 08:00:00,0.3,0.0,0.0,100
2025-12-02 09:00:00,0.2,4.0,3.7,100
2025-12-02 10:00:00,0.5,39.0,46.2,100
2025-12-02 11:00:00,1.0,73.0,72.0,100
2025-12-02 12:00:00,1.4,109.0,115.6,100
2025-12-02 13:00:00,1.7,129.0,147.2,100
2025-12-02 14:00:00,1.8,96.0,108.7,100
2025-12-02 15:00:00,1.9,73.0,74.0,100
2025-12-02 16:00:00,1.5,36.0,39.6,100
2025-12-02 17:00:00,0.9,5.0,4.6,100
2025-12-02 18:00:00,0.7,0.0,0.0,100
2025-12-02 19:00:00,0.5,0.0,0.0,100
2025-12-02 20:00:00,1.0,0.0,0.0,100
2025-12-02 21:00:00,0.8,0.0,0.0,100
2025-12-02 22:00:00,0.6,0.0,0.0,100
2025-12-02 23:00:00,0.2,0.0,0.0,100
2025-12-03 00:00:00,0.2,0.0,0.0,100
2025-12-03 01:00:00,0.1,0.0,0.0,100
2025-12-03 02:00:00,0.6,0.0,0.0,100
2025-12-03 03:00:00,0.3,0.0,0.0,100
2025-12-03 04:00:00,0.2,0.0,0.0,100
2025-12-03 05:00:00,0.1,0.0,0.0,100
2025-12-03 06:00:00,0.1,0.0,0.0,100
2025-12-03 07:00:00,0.1,0.0,0.0,100
2025-12-03 08:00:00,-0.2,0.0,0.0,100
2025-12-03 09:00:00,-0.2,4.0,3.7,100
2025-12-03 10:00:00,0.0,49.0,62.6,100
2025-12-03 11:00:00,0.3,91.0,101.8,100
2025-12-03 12:00:00,0.9,136.0,164.5,100
2025-12-03 13:00:00,1.3,142.0,168.2,100
2025-12-03 14:00:00,1.9,152.0,200.6,100
2025-12-03 15:00:00,2.0,89.0,99.4,100
2025-12-03 16:00:00,1.7,46.0,52.1,100
2025-12-03 17:00:00,1.0,4.0,3.7,100
2025-12-03 18:00:00,0.7,0.0,0.0,100
2025-12-03 19:00:00,0.3,0.0,0.0,100
2025-12-03 20:00:00,0.8,0.0,0.0,100
2025-12-03 21:00:00,0.7,0.0,0.0,100
2025-12-03 22:00:00,0.3,0.0,0.0,100
2025-12-03 23:00:00,0.1,0.0,0.0,100
2025-12-04 00:00:00,-0.2,0.0,0.0,100
2025-12-04 01:00:00,-0.4,0.0,0.0,100
2025-12-04 02:00:00,-0.4,0.0,0.0,100
2025-12-04 03:00:00,-0.3,0.0,0.0,100
2025-12-04 04:00:00,-0.4,0.0,0.0,100
2025-12-04 05:00:00,-0.3,0.0,0.0,100
2025-12-04 06:00:00,-0.4,0.0,0.0,100
2025-12-04 07:00:00,-0.6,0.0,0.0,100
2025-12-04 08:00:00,-1.0,0.0,0.0,100
2025-12-04 09:00:00,-0.9,4.0,3.7,100
2025-12-04 10:00:00,-0.3,50.0,78.0,100
2025-12-04 11:00:00,1.2,128.0,211.3,97
2025-12-04 12:00:00,3.0,198.0,357.2,79
2025-12-04 13:00:00,4.0,260.0,577.3,89
2025-12-04 14:00:00,5.0,236.0,504.9,96
2025-12-04 15:00:00,5.0,181.0,427.5,98
2025-12-04 16:00:00,3.6,91.0,252.8,87
2025-12-04 17:00:00,2.5,12.0,39.8,86
2025-12-04 18:00:00,1.5,0.0,0.0,91
2025-12-04 19:00:00,0.6,0.0,0.0,100
2025-12-04 20:00:00,0.6,0.0,0.0,99
2025-12-04 21:00:00,0.3,0.0,0.0,100
2025-12-04 22:00:00,0.2,0.0,0.0,97
2025-12-04 23:00:00,0.5,0.0,0.0,100
2025-12-05 00:00:00,1.7,0.0,0.0,100
2025-12-05 01:00:00,2.3,0.0,0.0,99
2025-12-05 02:00:00,2.6,0.0,0.0,100
2025-12-05 03:00:00,2.8,0.0,0.0,100
2025-12-05 04:00:00,3.1,0.0,0.0,100
2025-12-05 05:00:00,3.4,0.0,0.0,100
2025-12-05 06:00:00,3.7,0.0,0.0,100
2025-12-05 07:00:00,3.8,0.0,0.0,100
2025-12-05 08:00:00,4.1,0.0,0.0,100
2025-12-05 09:00:00,4.3,2.0,1.9,100
2025-12-05 10:00:00,4.5,11.0,10.2,100
2025-12-05 11:00:00,4.8,25.0,23.2,100
2025-12-05 12:00:00,5.6,67.0,67.7,100
2025-12-05 13:00:00,6.8,155.0,209.1,100
2025-12-05 14:00:00,7.5,205.0,397.7,70
2025-12-05 15:00:00,7.9,179.0,430.1,92
2025-12-05 16:00:00,6.9,84.0,193.7,100
2025-12-05 17:00:00,5.5,9.0,15.6,100
2025-12-05 18:00:00,4.9,0.0,0.0,100
2025-12-05 19:00:00,4.8,0.0,0.0,100
2025-12-05 20:00:00,4.8,0.0,0.0,100
2025-12-05 21:00:00,4.6,0.0,0.0,100
2025-12-05 22:00:00,4.4,0.0,0.0,100
2025-12-05 23:00:00,4.6,0.0,0.0,100
2025-12-06 00:00:00,4.4,0.0,0.0,100
2025-12-06 01:00:00,4.4,0.0,0.0,100
2025-12-06 02:00:00,4.5,0.0,0.0,100
2025-12-06 03:00:00,4.6,0.0,0.0,100
2025-12-06 04:00:00,4.6,0.0,0.0,100
2025-12-06 05:00:00,4.4,0.0,0.0,100
2025-12-06 06:00:00,4.3,0.0,0.0,100
2025-12-06 07:00:00,4.2,0.0,0.0,100
2025-12-06 08:00:00,4.4,0.0,0.0,100
2025-12-06 09:00:00,4.2,5.0,4.6,100
2025-12-06 10:00:00,4.8,42.0,53.7,100
2025-12-06 11:00:00,6.0,96.0,125.2,100
2025-12-06 12:00:00,7.1,168.0,276.3,100
2025-12-06 13:00:00,7.9,205.0,384.2,100
2025-12-06 14:00:00,8.2,110.0,148.3,95
2025-12-06 15:00:00,8.1,110.0,164.8,100
2025-12-06 16:00:00,7.1,36.0,46.4,100
2025-12-06 17:00:00,5.9,6.0,5.6,100
2025-12-06 18:00:00,5.0,0.0,0.0,100
2025-12-06 19:00:00,4.5,0.0,0.0,100
2025-12-06 20:00:00,4.5,0.0,0.0,99
2025-12-06 21:00:00,4.4,0.0,0.0,100
2025-12-06 22:00:00,4.8,0.0,0.0,100
2025-12-06 23:00:00,4.8,0.0,0.0,100
2025-12-07 00:00:00,5.3,0.0,0.0,100
2025-12-07 01:00:00,5.8,0.0,0.0,100
2025-12-07 02:00:00,5.8,0.0,0.0,100
2025-12-07 03:00:00,5.9,0.0,0.0,100
2025-12-07 04:00:00,5.6,0.0,0.0,99
2025-12-07 05:00:00,5.3,0.0,0.0,100
2025-12-07 06:00:00,4.8,0.0,0.0,89
2025-12-07 07:00:00,4.3,0.0,0.0,76
2025-12-07 08:00:00,3.8,0.0,0.0,41
2025-12-07 09:00:00,3.5,5.0,14.1,91
2025-12-07 10:00:00,4.4,61.0,124.6,91
2025-12-07 11:00:00,5.6,150.0,326.9,99
2025-12-07 12:00:00,6.4,192.0,339.5,98
2025-12-07 13:00:00,7.3,229.0,449.1,83
2025-12-07 14:00:00,7.7,230.0,507.9,77
2025-12-07 15:00:00,7.7,141.0,274.8,35
2025-12-07 16:00:00,6.9,79.0,198.1,16
2025-12-07 17:00:00,5.7,11.0,40.1,22
2025-12-07 18:00:00,5.0,0.0,0.0,13
2025-12-07 19:00:00,4.5,0.0,0.0,3
2025-12-07 20:00:00,5.0,0.0,0.0,92
2025-12-07 21:00:00,5.2,0.0,0.0,99
2025-12-07 22:00:00,5.0,0.0,0.0,20
2025-12-07 23:00:00,4.2,0.0,0.0,82
2025-12-08 00:00:00,4.0,0.0,0.0,98
2025-12-08 01:00:00,4.0,0.0,0.0,100
2025-12-08 02:00:00,3.4,0.0,0.0,68
2025-12-08 03:00:00,3.7,0.0,0.0,100
2025-12-08 04:00:00,3.4,0.0,0.0,97
2025-12-08 05:00:00,3.4,0.0,0.0,91
2025-12-08 06:00:00,3.1,0.0,0.0,100
2025-12-08 07:00:00,3.4,0.0,0.0,100
2025-12-08 08:00:00,3.4,0.0,0.0,100
2025-12-08 09:00:00,3.6,4.0,3.7,100
2025-12-08 10:00:00,4.9,43.0,43.8,100
2025-12-08 11:00:00,6.4,110.0,150.7,100
2025-12-08 12:00:00,6.8,58.0,53.8,100
2025-12-08 13:00:00,7.7,92.0,94.4,100
2025-12-08 14:00:00,8.4,49.0,45.5,95
2025-12-08 15:00:00,8.7,154.0,362.6,100
2025-12-08 16:00:00,8.1,34.0,31.5,100
2025-12-08 17:00:00,7.5,3.0,2.8,100
2025-12-08 18:00:00,7.4,0.0,0.0,99
2025-12-08 19:00:00,6.9,0.0,0.0,99
2025-12-08 20:00:00,6.2,0.0,0.0,93
2025-12-08 21:00:00,6.1,0.0,0.0,95
2025-12-08 22:00:00,6.0,0.0,0.0,100
2025-12-08 23:00:00,6.1,0.0,0.0,88
2025-12-09 00:00:00,6.2,0.0,0.0,99
2025-12-09 01:00:00,6.4,0.0,0.0,98
2025-12-09 02:00:00,6.7,0.0,0.0,100
2025-12-09 03:00:00,7.2,0.0,0.0,100
2025-12-09 04:00:00,7.3,0.0,0.0,100
2025-12-09 05:00:00,7.6,0.0,0.0,100
2025-12-09 06:00:00,7.9,0.0,0.0,100
2025-12-09 07:00:00,8.0,0.0,0.0,100
2025-12-09 08:00:00,8.7,0.0,0.0,100
2025-12-09 09:00:00,9.0,3.0,2.8,100
2025-12-09 10:00:00,9.4,38.0,47.1,100
2025-12-09 11:00:00,9.6,81.0,91.5,100
2025-12-09 12:00:00,10.1,118.0,134.5,100
2025-12-09 13:00:00,10.2,155.0,192.9,100
2025-12-09 14:00:00,10.5,109.0,121.9,100
2025-12-09 15:00:00,10.1,113.0,142.4,100
2025-12-09 16:00:00,9.5,59.0,81.5,100
2025-12-09 17:00:00,8.8,6.0,5.6,100
2025-12-09 18:00:00,8.4,0.0,0.0,100
2025-12-09 19:00:00,8.0,0.0,0.0,100
2025-12-09 20:00:00,8.5,0.0,0.0,100
2025-12-09 21:00:00,8.4,0.0,0.0,100
2025-12-09 22:00:00,8.2,0.0,0.0,100
2025-12-09 23:00:00,8.0,0.0,0.0,100
2025-12-10 00:00:00,7.9,0.0,0.0,100
2025-12-10 01:00:00,7.8,0.0,0.0,100
2025-12-10 02:00:00,8.1,0.0,0.0,100
2025-12-10 03:00:00,7.7,0.0,0.0,100
2025-12-10 04:00:00,6.9,0.0,0.0,100
2025-12-10 05:00:00,6.5,0.0,0.0,100
2025-12-10 06:00:00,6.3,0.0,0.0,100
2025-12-10 07:00:00,5.9,0.0,0.0,89
2025-12-10 08:00:00,6.2,0.0,0.0,93
2025-12-10 09:00:00,5.9,3.0,2.8,96
2025-12-10 10:00:00,6.4,54.0,114.7,60
2025-12-10 11:00:00,7.4,134.0,278.2,18
2025-12-10 12:00:00,8.6,219.0,516.1,64
2025-12-10 13:00:00,9.6,249.0,578.5,14
2025-12-10 14:00:00,10.0,232.0,547.5,0
2025-12-10 15:00:00,9.9,177.0,453.3,29
2025-12-10 16:00:00,8.8,89.0,264.3,94
2025-12-10 17:00:00,7.3,11.0,41.0,8
2025-12-10 18:00:00,6.1,0.0,0.0,0
2025-12-10 19:00:00,5.3,0.0,0.0,1
2025-12-10 20:00:00,5.1,0.0,0.0,0
2025-12-10 21:00:00,4.7,0.0,0.0,1
2025-12-10 22:00:00,4.4,0.0,0.0,14
2025-12-10 23:00:00,4.2,0.0,0.0,69
2025-12-11 00:00:00,4.0,0.0,0.0,73
2025-12-11 01:00:00,3.8,0.0,0.0,73
2025-12-11 02:00:00,3.8,0.0,0.0,99
2025-12-11 03:00:00,4.3,0.0,0.0,100
2025-12-11 04:00:00,4.6,0.0,0.0,100
2025-12-11 05:00:00,4.8,0.0,0.0,100
2025-12-11 06:00:00,5.0,0.0,0.0,100
2025-12-11 07:00:00,5.2,0.0,0.0,100
2025-12-11 08:00:00,5.4,0.0,0.0,100
2025-12-11 09:00:00,5.5,1.0,0.9,100
2025-12-11 10:00:00,6.3,32.0,29.7,100
2025-12-11 11:00:00,7.1,72.0,74.0,100
2025-12-11 12:00:00,7.8,99.0,99.7,100
2025-12-11 13:00:00,8.4,109.0,103.0,100
2025-12-11 14:00:00,8.3,70.0,64.9,100
2025-12-11 15:00:00,8.4,58.0,62.7,49
2025-12-11 16:00:00,7.8,64.0,137.3,45
2025-12-11 17:00:00,6.8,9.0,31.6,79
2025-12-11 18:00:00,6.0,0.0,0.0,66
2025-12-11 19:00:00,5.2,0.0,0.0,48
2025-12-11 20:00:00,5.8,0.0,0.0,98
2025-12-11 21:00:00,5.4,0.0,0.0,98
2025-12-11 22:00:00,5.2,0.0,0.0,100
2025-12-11 23:00:00,5.5,0.0,0.0,100
2025-12-12 00:00:00,5.3,0.0,0.0,100
2025-12-12 01:00:00,4.9,0.0,0.0,100
2025-12-12 02:00:00,5.0,0.0,0.0,100
2025-12-12 03:00:00,4.9,0.0,0.0,98
2025-12-12 04:00:00,4.1,0.0,0.0,28
2025-12-12 05:00:00,3.6,0.0,0.0,4
2025-12-12 06:00:00,3.4,0.0,0.0,64
2025-12-12 07:00:00,3.3,0.0,0.0,41
2025-12-12 08:00:00,3.0,0.0,0.0,12
2025-12-12 09:00:00,2.5,3.0,14.1,20
2025-12-12 10:00:00,3.0,64.0,193.9,24
2025-12-12 11:00:00,4.2,157.0,391.7,32
2025-12-12 12:00:00,5.5,232.0,552.0,7
2025-12-12 13:00:00,6.2,261.0,610.0,3
2025-12-12 14:00:00,6.2,244.0,584.9,9
2025-12-12 15:00:00,6.1,183.0,466.2,10
2025-12-12 16:00:00,5.4,92.0,282.7,0
2025-12-12 17:00:00,4.2,11.0,49.2,0
2025-12-12 18:00:00,3.5,0.0,0.0,0
2025-12-12 19:00:00,2.8,0.0,0.0,0
2025-12-12 20:00:00,2.0,0.0,0.0,0
2025-12-12 21:00:00,1.3,0.0,0.0,0
2025-12-12 22:00:00,0.9,0.0,0.0,0
2025-12-12 23:00:00,0.2,0.0,0.0,0
2025-12-13 00:00:00,-0.6,0.0,0.0,100
2025-12-13 01:00:00,-1.3,0.0,0.0,100
2025-12-13 02:00:00,-0.4,0.0,0.0,100
2025-12-13 03:00:00,-0.8,0.0,0.0,100
2025-12-13 04:00:00,-0.7,0.0,0.0,100
2025-12-13 05:00:00,-0.7,0.0,0.0,100
2025-12-13 06:00:00,-0.6,0.0,0.0,100
2025-12-13 07:00:00,-0.6,0.0,0.0,100
2025-12-13 08:00:00,-0.2,0.0,0.0,100
2025-12-13 09:00:00,0.0,2.0,1.9,100
2025-12-13 10:00:00,0.5,38.0,52.4,100
2025-12-13 11:00:00,1.1,93.0,132.5,100
2025-12-13 12:00:00,1.9,150.0,244.1,91
2025-12-13 13:00:00,2.9,178.0,276.5,72
2025-12-13 14:00:00,3.2,208.0,445.1,18
2025-12-13 15:00:00,3.0,170.0,407.9,48
2025-12-13 16:00:00,2.3,85.0,239.4,85
2025-12-13 17:00:00,1.3,10.0,24.9,71
2025-12-13 18:00:00,0.8,0.0,0.0,95
2025-12-13 19:00:00,0.8,0.0,0.0,100
2025-12-13 20:00:00,1.4,0.0,0.0,100
2025-12-13 21:00:00,1.6,0.0,0.0,100
2025-12-13 22:00:00,1.7,0.0,0.0,100
2025-12-13 23:00:00,1.9,0.0,0.0,100
2025-12-14 00:00:00,2.1,0.0,0.0,100
2025-12-14 01:00:00,2.0,0.0,0.0,100
2025-12-14 02:00:00,1.8,0.0,0.0,100
2025-12-14 03:00:00,1.7,0.0,0.0,100
2025-12-14 04:00:00,1.8,0.0,0.0,100
2025-12-14 05:00:00,2.0,0.0,0.0,100
2025-12-14 06:00:00,2.1,0.0,0.0,100
2025-12-14 07:00:00,2.3,0.0,0.0,100
2025-12-14 08:00:00,2.3,0.0,0.0,100
2025-12-14 09:00:00,2.5,1.0,0.9,100
2025-12-14 10:00:00,3.0,18.0,16.7,100
2025-12-14 11:00:00,3.9,63.0,63.3,100
2025-12-14 12:00:00,4.5,99.0,119.7,100
2025-12-14 13:00:00,4.6,105.0,108.6,100
2025-12-14 14:00:00,5.3,122.0,167.3,98
2025-12-14 15:00:00,4.9,112.0,151.4,98
2025-12-14 16:00:00,4.5,49.0,59.2,100
2025-12-14 17:00:00,3.9,6.0,5.6,100
2025-12-14 18:00:00,3.5,0.0,0.0,100
2025-12-14 19:00:00,2.8,0.0,0.0,28
2025-12-14 20:00:00,1.9,0.0,0.0,70
2025-12-14 21:00:00,1.7,0.0,0.0,100
2025-12-14 22:00:00,2.1,0.0,0.0,100
2025-12-14 23:00:00,2.3,0.0,0.0,100
2025-12-15 00:00:00,2.3,0.0,0.0,100
2025-12-15 01:00:00,2.4,0.0,0.0,100
2025-12-15 02:00:00,2.3,0.0,0.0,100
2025-12-15 03:00:00,2.1,0.0,0.0,100
2025-12-15 04:00:00,2.0,0.0,0.0,100
2025-12-15 05:00:00,1.7,0.0,0.0,100
2025-12-15 06:00:00,1.6,0.0,0.0,100
2025-12-15 07:00:00,1.5,0.0,0.0,100
2025-12-15 08:00:00,1.7,0.0,0.0,99
2025-12-15 09:00:00,1.4,1.0,0.9,92
2025-12-15 10:00:00,1.7,34.0,58.1,95
2025-12-15 11:00:00,2.5,112.0,197.7,82
2025-12-15 12:00:00,3.2,171.0,316.6,69
2025-12-15 13:00:00,3.8,205.0,390.4,55
2025-12-15 14:00:00,3.8,193.0,374.7,66
2025-12-15 15:00:00,3.2,143.0,286.7,56
2025-12-15 16:00:00,2.5,71.0,161.9,67
2025-12-15 17:00:00,1.7,10.0,32.8,55
2025-12-15 18:00:00,1.0,0.0,0.0,63
2025-12-15 19:00:00,0.7,0.0,0.0,79
2025-12-15 20:00:00,0.7,0.0,0.0,42
2025-12-15 21:00:00,0.2,0.0,0.0,78
2025-12-15 22:00:00,-0.1,0.0,0.0,92
2025-12-15 23:00:00,-0.3,0.0,0.0,70
2025-12-16 00:00:00,-0.6,0.0,0.0,99
2025-12-16 01:00:00,-0.7,0.0,0.0,97
2025-12-16 02:00:00,-0.1,0.0,0.0,100
2025-12-16 03:00:00,-0.3,0.0,0.0,100
2025-12-16 04:00:00,-0.4,0.0,0.0,100
2025-12-16 05:00:00,-0.5,0.0,0.0,100
2025-12-16 06:00:00,-0.6,0.0,0.0,76
2025-12-16 07:00:00,-0.9,0.0,0.0,98
2025-12-16 08:00:00,-0.5,0.0,0.0,100
2025-12-16 09:00:00,-0.4,2.0,1.9,85
2025-12-16 10:00:00,0.1,58.0,184.5,38
2025-12-16 11:00:00,1.3,152.0,397.1,99
2025-12-16 12:00:00,2.3,204.0,436.3,99
2025-12-16 13:00:00,2.8,187.0,295.4,98
2025-12-16 14:00:00,2.7,185.0,321.1,99
2025-12-16 15:00:00,2.9,151.0,301.2,100
2025-12-16 16:00:00,1.2,76.0,149.4,100
2025-12-16 17:00:00,0.3,10.0,17.1,100
2025-12-16 18:00:00,0.1,0.0,0.0,100
2025-12-16 19:00:00,-0.6,0.0,0.0,100
2025-12-16 20:00:00,-0.3,0.0,0.0,100
2025-12-16 21:00:00,-0.2,0.0,0.0,100
2025-12-16 22:00:00,-0.3,0.0,0.0,100
2025-12-16 23:00:00,-0.3,0.0,0.0,100
2025-12-17 00:00:00,-0.2,0.0,0.0,100
2025-12-17 01:00:00,-0.2,0.0,0.0,100
2025-12-17 02:00:00,-0.9,0.0,0.0,100
2025-12-17 03:00:00,-1.3,0.0,0.0,100
2025-12-17 04:00:00,-0.4,0.0,0.0,100
2025-12-17 05:00:00,0.0,0.0,0.0,100
2025-12-17 06:00:00,-0.4,0.0,0.0,100
2025-12-17 07:00:00,-0.2,0.0,0.0,98
2025-12-17 08:00:00,-0.6,0.0,0.0,85
2025-12-17 09:00:00,-0.9,2.0,1.9,95
2025-12-17 10:00:00,2.0,57.0,171.8,100
2025-12-17 11:00:00,3.6,145.0,342.1,100
2025-12-17 12:00:00,4.7,173.0,293.5,100
2025-12-17 13:00:00,5.4,236.0,519.9,100
2025-12-17 14:00:00,5.7,213.0,454.3,46
2025-12-17 15:00:00,5.2,163.0,376.1,42
2025-12-17 16:00:00,3.9,81.0,208.7,91
2025-12-17 17:00:00,3.1,9.0,16.2,64
2025-12-17 18:00:00,2.6,0.0,0.0,100
2025-12-17 19:00:00,2.6,0.0,0.0,100
2025-12-17 20:00:00,2.6,0.0,0.0,100
2025-12-17 21:00:00,2.6,0.0,0.0,100
2025-12-17 22:00:00,2.6,0.0,0.0,100
2025-12-17 23:00:00,2.5,0.0,0.0,100
2025-12-18 00:00:00,2.3,0.0,0.0,100
2025-12-18 01:00:00,2.2,0.0,0.0,100
2025-12-18 02:00:00,1.9,0.0,0.0,100
2025-12-18 03:00:00,2.0,0.0,0.0,100
2025-12-18 04:00:00,1.7,0.0,0.0,98
2025-12-18 05:00:00,1.5,0.0,0.0,74
2025-12-18 06:00:00,1.2,0.0,0.0,99
2025-12-18 07:00:00,1.1,0.0,0.0,97
2025-12-18 08:00:00,0.8,0.0,0.0,77
2025-12-18 09:00:00,0.7,1.0,0.9,15
2025-12-18 10:00:00,1.5,51.0,168.0,16
2025-12-18 11:00:00,3.0,137.0,345.9,14
2025-12-18 12:00:00,4.4,212.0,512.1,18
2025-12-18 13:00:00,5.7,242.0,571.3,25
2025-12-18 14:00:00,6.1,222.0,515.5,7
2025-12-18 15:00:00,6.0,169.0,422.6,6
2025-12-18 16:00:00,5.2,87.0,261.9,2
2025-12-18 17:00:00,4.3,11.0,49.1,1
2025-12-18 18:00:00,3.7,0.0,0.0,1
2025-12-18 19:00:00,3.2,0.0,0.0,0
2025-12-18 20:00:00,2.8,0.0,0.0,0
2025-12-18 21:00:00,2.5,0.0,0.0,0
2025-12-18 22:00:00,2.0,0.0,0.0,2
2025-12-18 23:00:00,1.7,0.0,0.0,2
2025-12-19 00:00:00,1.4,0.0,0.0,6
2025-12-19 01:00:00,1.1,0.0,0.0,10
2025-12-19 02:00:00,0.2,0.0,0.0,1
2025-12-19 03:00:00,-0.7,0.0,0.0,2
2025-12-19 04:00:00,-1.2,0.0,0.0,2
2025-12-19 05:00:00,-1.1,0.0,0.0,5
2025-12-19 06:00:00,-0.8,0.0,0.0,13
2025-12-19 07:00:00,-0.1,0.0,0.0,27
2025-12-19 08:00:00,0.5,0.0,0.0,29
2025-12-19 09:00:00,0.2,1.0,0.9,8
2025-12-19 10:00:00,1.2,54.0,186.5,23
2025-12-19 11:00:00,3.1,139.0,346.2,2
2025-12-19 12:00:00,4.7,215.0,523.8,2
2025-12-19 13:00:00,6.4,244.0,573.7,100
2025-12-19 14:00:00,5.9,179.0,308.3,100
2025-12-19 15:00:00,6.1,101.0,132.3,55
2025-12-19 16:00:00,5.0,76.0,189.8,14
2025-12-19 17:00:00,3.8,11.0,41.2,42
2025-12-19 18:00:00,3.2,0.0,0.0,15
2025-12-19 19:00:00,2.8,0.0,0.0,42
2025-12-19 20:00:00,2.9,0.0,0.0,51
2025-12-19 21:00:00,3.0,0.0,0.0,26
2025-12-19 22:00:00,3.0,0.0,0.0,78
2025-12-19 23:00:00,3.2,0.0,0.0,100
2025-12-20 00:00:00,3.2,0.0,0.0,100
2025-12-20 01:00:00,3.3,0.0,0.0,100
2025-12-20 02:00:00,3.0,0.0,0.0,100
2025-12-20 03:00:00,2.9,0.0,0.0,100
2025-12-20 04:00:00,2.9,0.0,0.0,100
2025-12-20 05:00:00,2.8,0.0,0.0,100
2025-12-20 06:00:00,2.5,0.0,0.0,100
2025-12-20 07:00:00,2.3,0.0,0.0,100
2025-12-20 08:00:00,2.4,0.0,0.0,100
2025-12-20 09:00:00,2.3,1.0,0.9,100
2025-12-20 10:00:00,2.4,27.0,29.8,100
2025-12-20 11:00:00,2.5,65.0,62.8,100
2025-12-20 12:00:00,3.1,107.0,121.6,100
2025-12-20 13:00:00,3.4,117.0,119.9,100
2025-12-20 14:00:00,3.5,111.0,110.8,100
2025-12-20 15:00:00,3.7,90.0,99.4,100
2025-12-20 16:00:00,3.6,48.0,44.5,100
2025-12-20 17:00:00,3.1,6.0,5.6,100
2025-12-20 18:00:00,3.2,0.0,0.0,100
2025-12-20 19:00:00,3.0,0.0,0.0,100
2025-12-20 20:00:00,3.7,0.0,0.0,100
2025-12-20 21:00:00,3.8,0.0,0.0,100
2025-12-20 22:00:00,3.8,0.0,0.0,100
2025-12-20 23:00:00,3.8,0.0,0.0,100
2025-12-21 00:00:00,3.8,0.0,0.0,100
2025-12-21 01:00:00,3.9,0.0,0.0,100
2025-12-21 02:00:00,3.7,0.0,0.0,100
2025-12-21 03:00:00,3.7,0.0,0.0,100
2025-12-21 04:00:00,3.6,0.0,0.0,100
2025-12-21 05:00:00,3.6,0.0,0.0,100
2025-12-21 06:00:00,3.6,0.0,0.0,100
2025-12-21 07:00:00,3.5,0.0,0.0,100
2025-12-21 08:00:00,3.7,0.0,0.0,100
2025-12-21 09:00:00,3.5,1.0,0.9,100
2025-12-21 10:00:00,4.1,24.0,22.3,100
2025-12-21 11:00:00,4.7,61.0,59.1,100
2025-12-21 12:00:00,5.4,87.0,90.9,100
2025-12-21 13:00:00,5.8,84.0,77.9,100
2025-12-21 14:00:00,5.8,84.0,87.7,100
2025-12-21 15:00:00,6.0,54.0,50.1,100
2025-12-21 16:00:00,5.9,26.0,24.1,100
2025-12-21 17:00:00,5.6,4.0,3.7,100
2025-12-21 18:00:00,5.4,0.0,0.0,100
2025-12-21 19:00:00,5.1,0.0,0.0,100
2025-12-21 20:00:00,4.9,0.0,0.0,100
2025-12-21 21:00:00,4.7,0.0,0.0,100
2025-12-21 22:00:00,4.3,0.0,0.0,100
2025-12-21 23:00:00,3.9,0.0,0.0,100
2025-12-22 00:00:00,3.7,0.0,0.0,100
2025-12-22 01:00:00,3.5,0.0,0.0,100
2025-12-22 02:00:00,3.8,0.0,0.0,100
2025-12-22 03:00:00,3.7,0.0,0.0,100
2025-12-22 04:00:00,3.5,0.0,0.0,100
2025-12-22 05:00:00,3.5,0.0,0.0,100
2025-12-22 06:00:00,3.4,0.0,0.0,100
2025-12-22 07:00:00,3.3,0.0,0.0,100
2025-12-22 08:00:00,3.4,0.0,0.0,100
2025-12-22 09:00:00,3.2,0.0,0.0,100
2025-12-22 10:00:00,3.3,16.0,19.7,100
2025-12-22 11:00:00,3.5,45.0,57.1,100
2025-12-22 12:00:00,3.7,60.0,69.9,100
2025-12-22 13:00:00,3.9,70.0,64.9,100
2025-12-22 14:00:00,3.8,77.0,77.3,100
2025-12-22 15:00:00,3.8,44.0,43.1,100
2025-12-22 16:00:00,3.6,21.0,19.5,100
2025-12-22 17:00:00,3.2,3.0,2.8,100
2025-12-22 18:00:00,3.0,0.0,0.0,100
2025-12-22 19:00:00,2.8,0.0,0.0,100
2025-12-22 20:00:00,3.0,0.0,0.0,100
2025-12-22 21:00:00,2.9,0.0,0.0,100
2025-12-22 22:00:00,2.7,0.0,0.0,100
2025-12-22 23:00:00,2.5,0.0,0.0,100
2025-12-23 00:00:00,2.4,0.0,0.0,100
2025-12-23 01:00:00,2.3,0.0,0.0,100
2025-12-23 02:00:00,2.1,0.0,0.0,100
2025-12-23 03:00:00,2.1,0.0,0.0,100
2025-12-23 04:00:00,2.0,0.0,0.0,100
2025-12-23 05:00:00,1.9,0.0,0.0,100
2025-12-23 06:00:00,1.7,0.0,0.0,100
2025-12-23 07:00:00,1.5,0.0,0.0,100
2025-12-23 08:00:00,1.2,0.0,0.0,100
2025-12-23 09:00:00,1.0,0.0,0.0,100
2025-12-23 10:00:00,0.9,12.0,11.1,100
2025-12-23 11:00:00,1.0,36.0,33.4,100
2025-12-23 12:00:00,1.2,47.0,43.6,100
2025-12-23 13:00:00,1.4,57.0,54.8,100
2025-12-23 14:00:00,1.2,57.0,52.9,100
2025-12-23 15:00:00,0.9,31.0,28.8,100
2025-12-23 16:00:00,0.6,15.0,13.9,100
2025-12-23 17:00:00,0.5,2.0,1.9,100
2025-12-23 18:00:00,0.4,0.0,0.0,100
2025-12-23 19:00:00,0.3,0.0,0.0,100
2025-12-23 20:00:00,0.5,0.0,0.0,100
2025-12-23 21:00:00,0.5,0.0,0.0,100
2025-12-23 22:00:00,0.5,0.0,0.0,100
2025-12-23 23:00:00,0.4,0.0,0.0,100
2025-12-24 00:00:00,0.3,0.0,0.0,100
2025-12-24 01:00:00,0.2,0.0,0.0,100
2025-12-24 02:00:00,-0.2,0.0,0.0,52
2025-12-24 03:00:00,-0.5,0.0,0.0,100
2025-12-24 04:00:00,-0.1,0.0,0.0,100
2025-12-24 05:00:00,-0.5,0.0,0.0,100
2025-12-24 06:00:00,-1.2,0.0,0.0,100
2025-12-24 07:00:00,-1.7,0.0,0.0,100
2025-12-24 08:00:00,-1.9,0.0,0.0,100
2025-12-24 09:00:00,-2.1,0.0,0.0,100
2025-12-24 10:00:00,-2.1,20.0,23.4,89
2025-12-24 11:00:00,-1.8,76.0,78.2,96
2025-12-24 12:00:00,-1.7,114.0,138.3,100
2025-12-24 13:00:00,-1.6,116.0,122.7,100
2025-12-24 14:00:00,-2.2,89.0,92.3,100
2025-12-24 15:00:00,-2.3,72.0,73.5,100
2025-12-24 16:00:00,-2.7,42.0,42.3,100
2025-12-24 17:00:00,-3.2,6.0,5.6,100
2025-12-24 18:00:00,-3.6,0.0,0.0,100
2025-12-24 19:00:00,-3.9,0.0,0.0,100
2025-12-24 20:00:00,-4.7,0.0,0.0,100
2025-12-24 21:00:00,-5.0,0.0,0.0,100
2025-12-24 22:00:00,-5.0,0.0,0.0,100
2025-12-24 23:00:00,-5.1,0.0,0.0,100
2025-12-25 00:00:00,-5.1,0.0,0.0,100
2025-12-25 01:00:00,-5.1,0.0,0.0,100
2025-12-25 02:00:00,-6.1,0.0,0.0,97
2025-12-25 03:00:00,-5.8,0.0,0.0,100
2025-12-25 04:00:00,-5.3,0.0,0.0,100
2025-12-25 05:00:00,-5.0,0.0,0.0,100
2025-12-25 06:00:00,-4.7,0.0,0.0,100
2025-12-25 07:00:00,-4.6,0.0,0.0,100
2025-12-25 08:00:00,-4.2,0.0,0.0,100
2025-12-25 09:00:00,-4.1,0.0,0.0,100
2025-12-25 10:00:00,-3.8,26.0,33.9,100
2025-12-25 11:00:00,-3.4,65.0,68.0,100
2025-12-25 12:00:00,-3.1,101.0,116.1,95
2025-12-25 13:00:00,-2.8,150.0,201.3,99
2025-12-25 14:00:00,-3.6,160.0,245.1,100
2025-12-25 15:00:00,-3.5,85.0,96.7,100
2025-12-25 16:00:00,-3.5,54.0,69.8,100
2025-12-25 17:00:00,-3.7,9.0,15.6,100
2025-12-25 18:00:00,-3.9,0.0,0.0,100
2025-12-25 19:00:00,-4.2,0.0,0.0,100
2025-12-25 20:00:00,-4.7,0.0,0.0,100
2025-12-25 21:00:00,-4.7,0.0,0.0,100
2025-12-25 22:00:00,-4.9,0.0,0.0,100
2025-12-25 23:00:00,-5.0,0.0,0.0,100
2025-12-26 00:00:00,-5.1,0.0,0.0,100
2025-12-26 01:00:00,-5.1,0.0,0.0,100
2025-12-26 02:00:00,-5.2,0.0,0.0,100
2025-12-26 03:00:00,-5.1,0.0,0.0,100
2025-12-26 04:00:00,-5.2,0.0,0.0,100
2025-12-26 05:00:00,-5.0,0.0,0.0,100
2025-12-26 06:00:00,-4.9,0.0,0.0,100
2025-12-26 07:00:00,-4.7,0.0,0.0,100
2025-12-26 08:00:00,-5.3,0.0,0.0,100
2025-12-26 09:00:00,-5.7,1.0,0.0,47
2025-12-26 10:00:00,-5.1,51.0,159.6,9
2025-12-26 11:00:00,-3.9,148.0,393.5,98
2025-12-26 12:00:00,-3.0,125.0,146.4,87
2025-12-26 13:00:00,-2.2,155.0,256.6,5
2025-12-26 14:00:00,-1.7,239.0,570.8,18
2025-12-26 15:00:00,-1.6,182.0,453.7,18
2025-12-26 16:00:00,-2.0,89.0,248.2,100
2025-12-26 17:00:00,-1.9,7.0,6.5,100
2025-12-26 18:00:00,-1.9,0.0,0.0,100
2025-12-26 19:00:00,-2.0,0.0,0.0,100
2025-12-26 20:00:00,-2.1,0.0,0.0,100
2025-12-26 21:00:00,-2.2,0.0,0.0,100
2025-12-26 22:00:00,-2.2,0.0,0.0,100
2025-12-26 23:00:00,-2.2,0.0,0.0,100
2025-12-27 00:00:00,-2.1,0.0,0.0,100
2025-12-27 01:00:00,-2.1,0.0,0.0,100
2025-12-27 02:00:00,-2.4,0.0,0.0,100
2025-12-27 03:00:00,-2.5,0.0,0.0,100
2025-12-27 04:00:00,-2.5,0.0,0.0,100
2025-12-27 05:00:00,-2.4,0.0,0.0,100
2025-12-27 06:00:00,-2.4,0.0,0.0,100
2025-12-27 07:00:00,-2.3,0.0,0.0,100
2025-12-27 08:00:00,-2.8,0.0,0.0,100
2025-12-27 09:00:00,-2.9,0.0,0.0,100
2025-12-27 10:00:00,-2.6,18.0,16.7,100
2025-12-27 11:00:00,-2.2,41.0,38.0,100
2025-12-27 12:00:00,-1.6,53.0,55.3,100
2025-12-27 13:00:00,-1.0,63.0,62.2,100
2025-12-27 14:00:00,-1.6,60.0,59.5,100
2025-12-27 15:00:00,-1.5,53.0,49.2,100
2025-12-27 16:00:00,-1.4,28.0,29.2,100
2025-12-27 17:00:00,-1.0,4.0,3.7,100
2025-12-27 18:00:00,-0.3,0.0,0.0,100
2025-12-27 19:00:00,0.3,0.0,0.0,100
2025-12-27 20:00:00,-0.3,0.0,0.0,100
2025-12-27 21:00:00,-1.4,0.0,0.0,100
2025-12-27 22:00:00,-1.4,0.0,0.0,100
2025-12-27 23:00:00,-1.2,0.0,0.0,100
2025-12-28 00:00:00,-0.9,0.0,0.0,100
2025-12-28 01:00:00,-0.6,0.0,0.0,100
2025-12-28 02:00:00,-0.9,0.0,0.0,100
2025-12-28 03:00:00,-0.4,0.0,0.0,100
2025-12-28 04:00:00,-0.1,0.0,0.0,99
2025-12-28 05:00:00,-0.2,0.0,0.0,100
2025-12-28 06:00:00,-0.5,0.0,0.0,88
2025-12-28 07:00:00,-1.2,0.0,0.0,28
2025-12-28 08:00:00,-0.8,0.0,0.0,100
2025-12-28 09:00:00,-0.7,0.0,0.0,100
2025-12-28 10:00:00,-0.3,16.0,19.7,100
2025-12-28 11:00:00,-0.2,46.0,58.0,99
2025-12-28 12:00:00,0.3,102.0,110.8,88
2025-12-28 13:00:00,1.0,196.0,342.7,76
2025-12-28 14:00:00,0.3,148.0,227.3,100
2025-12-28 15:00:00,0.2,71.0,79.1,100
2025-12-28 16:00:00,0.1,38.0,38.4,100
2025-12-28 17:00:00,-0.2,9.0,15.3,100
2025-12-28 18:00:00,-0.6,0.0,0.0,99
2025-12-28 19:00:00,-1.1,0.0,0.0,99
2025-12-28 20:00:00,-0.9,0.0,0.0,100
2025-12-28 21:00:00,-0.9,0.0,0.0,100
2025-12-28 22:00:00,-1.1,0.0,0.0,100
2025-12-28 23:00:00,-1.3,0.0,0.0,98
2025-12-29 00:00:00,-2.0,0.0,0.0,90
2025-12-29 01:00:00,-2.6,0.0,0.0,100
2025-12-29 02:00:00,-3.1,0.0,0.0,100
2025-12-29 03:00:00,-2.5,0.0,0.0,100
2025-12-29 04:00:00,-2.5,0.0,0.0,98
2025-12-29 05:00:00,-2.5,0.0,0.0,23
2025-12-29 06:00:00,-2.9,0.0,0.0,0
2025-12-29 07:00:00,-3.3,0.0,0.0,0
2025-12-29 08:00:00,-3.5,0.0,0.0,100
2025-12-29 09:00:00,-2.2,0.0,0.0,100
2025-12-29 10:00:00,-1.7,10.0,9.3,100
2025-12-29 11:00:00,-1.3,34.0,31.5,100
2025-12-29 12:00:00,-0.9,45.0,49.8,100
2025-12-29 13:00:00,-0.7,53.0,51.0,100
2025-12-29 14:00:00,-1.1,41.0,38.0,100
2025-12-29 15:00:00,-0.8,36.0,33.4,100
2025-12-29 16:00:00,-0.6,21.0,19.5,100
2025-12-29 17:00:00,-0.5,3.0,2.8,100
2025-12-29 18:00:00,-0.4,0.0,0.0,100
2025-12-29 19:00:00,-0.3,0.0,0.0,100
2025-12-29 20:00:00,-0.3,0.0,0.0,100
2025-12-29 21:00:00,-0.1,0.0,0.0,100
2025-12-29 22:00:00,0.0,0.0,0.0,100
2025-12-29 23:00:00,-0.1,0.0,0.0,100
2025-12-30 00:00:00,0.1,0.0,0.0,100
2025-12-30 01:00:00,0.2,0.0,0.0,100
2025-12-30 02:00:00,0.3,0.0,0.0,92
2025-12-30 03:00:00,-0.6,0.0,0.0,98
2025-12-30 04:00:00,-1.2,0.0,0.0,0
2025-12-30 05:00:00,-2.5,0.0,0.0,9
2025-12-30 06:00:00,-2.8,0.0,0.0,8
2025-12-30 07:00:00,-3.1,0.0,0.0,25
2025-12-30 08:00:00,-2.8,0.0,0.0,53
2025-12-30 09:00:00,-3.7,1.0,0.0,100
2025-12-30 10:00:00,-3.2,25.0,37.7,18
2025-12-30 11:00:00,-3.0,151.0,384.0,12
2025-12-30 12:00:00,-2.5,232.0,551.0,45
2025-12-30 13:00:00,-2.1,251.0,526.1,63
2025-12-30 14:00:00,-1.3,196.0,339.2,94
2025-12-30 15:00:00,-1.3,176.0,382.6,98
2025-12-30 16:00:00,-1.7,103.0,253.8,100
2025-12-30 17:00:00,-2.8,16.0,41.6,59
2025-12-30 18:00:00,-2.7,0.0,0.0,16
2025-12-30 19:00:00,-3.1,0.0,0.0,32
2025-12-30 20:00:00,-3.0,0.0,0.0,94
2025-12-30 21:00:00,-3.5,0.0,0.0,47
2025-12-30 22:00:00,-3.5,0.0,0.0,27
2025-12-30 23:00:00,-3.9,0.0,0.0,4
2025-12-31 00:00:00,-4.2,0.0,0.0,5
2025-12-31 01:00:00,-4.4,0.0,0.0,11
2025-12-31 02:00:00,-4.6,0.0,0.0,78
2025-12-31 03:00:00,-4.4,0.0,0.0,100
2025-12-31 04:00:00,-4.1,0.0,0.0,99
2025-12-31 05:00:00,-4.2,0.0,0.0,61
2025-12-31 06:00:00,-4.8,0.0,0.0,10
2025-12-31 07:00:00,-5.0,0.0,0.0,25
2025-12-31 08:00:00,-5.2,0.0,0.0,98
2025-12-31 09:00:00,-5.9,1.0,0.0,95
2025-12-31 10:00:00,-5.8,38.0,73.9,66
2025-12-31 11:00:00,-4.9,130.0,282.6,92
2025-12-31 12:00:00,-3.7,169.0,290.9,100
2025-12-31 13:00:00,-3.4,126.0,116.9,100
2025-12-31 14:00:00,-2.4,161.0,202.2,100
2025-12-31 15:00:00,-2.5,148.0,225.7,70
2025-12-31 16:00:00,-2.9,96.0,193.2,99
2025-12-31 17:00:00,-3.3,16.0,28.0,100
2025-12-31 18:00:00,-3.3,0.0,0.0,100
2025-12-31 19:00:00,-3.5,0.0,0.0,100
2025-12-31 20:00:00,-3.0,0.0,0.0,100
2025-12-31 21:00:00,-2.9,0.0,0.0,100
2025-12-31 22:00:00,-2.8,0.0,0.0,100
2025-12-31 23:00:00,-2.6,0.0,0.0,100
2026-01-01 00:00:00,-2.2,0.0,0.0,100
2026-01-01 01:00:00,-2.0,0.0,0.0,100
2026-01-01 02:00:00,-2.0,0.0,0.0,100
2026-01-01 03:00:00,-2.0,0.0,0.0,100
2026-01-01 04:00:00,-1.8,0.0,0.0,100
2026-01-01 05:00:00,-1.7,0.0,0.0,100
2026-01-01 06:00:00,-1.3,0.0,0.0,100
2026-01-01 07:00:00,-1.1,0.0,0.0,100
2026-01-01 08:00:00,-1.1,0.0,0.0,100
2026-01-01 09:00:00,-0.7,0.0,0.0,100
2026-01-01 10:00:00,0.0,11.0,10.2,100
2026-01-01 11:00:00,0.6,36.0,33.4,100
2026-01-01 12:00:00,0.8,69.0,64.0,100
2026-01-01 13:00:00,0.9,119.0,112.2,98
2026-01-01 14:00:00,0.9,136.0,137.4,100
2026-01-01 15:00:00,0.5,102.0,98.9,100
2026-01-01 16:00:00,0.2,48.0,44.5,100
2026-01-01 17:00:00,-0.5,16.0,21.3,100
2026-01-01 18:00:00,-0.6,0.0,0.0,100
2026-01-01 19:00:00,-0.4,0.0,0.0,100
2026-01-01 20:00:00,0.5,0.0,0.0,100
2026-01-01 21:00:00,0.4,0.0,0.0,100
2026-01-01 22:00:00,0.5,0.0,0.0,100
2026-01-01 23:00:00,0.5,0.0,0.0,100
2026-01-02 00:00:00,0.2,0.0,0.0,100
2026-01-02 01:00:00,-0.1,0.0,0.0,100
2026-01-02 02:00:00,-0.2,0.0,0.0,100
2026-01-02 03:00:00,-0.4,0.0,0.0,100
2026-01-02 04:00:00,-0.6,0.0,0.0,100
2026-01-02 05:00:00,-0.7,0.0,0.0,100
2026-01-02 06:00:00,-0.8,0.0,0.0,100
2026-01-02 07:00:00,-0.6,0.0,0.0,100
2026-01-02 08:00:00,-0.6,0.0,0.0,100
2026-01-02 09:00:00,-0.6,1.0,0.0,100
2026-01-02 10:00:00,0.1,34.0,31.5,99
2026-01-02 11:00:00,0.5,107.0,139.3,88
2026-01-02 12:00:00,0.9,196.0,340.4,100
2026-01-02 13:00:00,1.0,170.0,199.8,95
2026-01-02 14:00:00,1.4,164.0,211.7,91
2026-01-02 15:00:00,0.9,168.0,281.0,99
2026-01-02 16:00:00,0.5,82.0,126.7,99
2026-01-02 17:00:00,-0.3,19.0,42.9,84
2026-01-02 18:00:00,-0.7,0.0,0.0,95
2026-01-02 19:00:00,-0.4,0.0,0.0,82
2026-01-02 20:00:00,-0.4,0.0,0.0,58
2026-01-02 21:00:00,-0.9,0.0,0.0,36
2026-01-02 22:00:00,-1.5,0.0,0.0,39
2026-01-02 23:00:00,-1.9,0.0,0.0,2
2026-01-03 00:00:00,-2.2,0.0,0.0,2
2026-01-03 01:00:00,-2.5,0.0,0.0,6
2026-01-03 02:00:00,-1.6,0.0,0.0,69
2026-01-03 03:00:00,-1.9,0.0,0.0,24
2026-01-03 04:00:00,-2.1,0.0,0.0,86
2026-01-03 05:00:00,-1.9,0.0,0.0,61
2026-01-03 06:00:00,-2.0,0.0,0.0,84
2026-01-03 07:00:00,-2.1,0.0,0.0,98
2026-01-03 08:00:00,-2.5,0.0,0.0,86
2026-01-03 09:00:00,-2.0,1.0,0.0,31
2026-01-03 10:00:00,-2.1,52.0,152.5,38
2026-01-03 11:00:00,-1.9,156.0,368.7,2
2026-01-03 12:00:00,-1.4,248.0,582.9,7
2026-01-03 13:00:00,-0.8,288.0,659.7,1
2026-01-03 14:00:00,0.4,278.0,639.0,49
2026-01-03 15:00:00,-0.1,189.0,404.4,36
2026-01-03 16:00:00,-0.5,116.0,301.2,13
2026-01-03 17:00:00,-1.1,25.0,97.3,1
2026-01-03 18:00:00,-1.8,0.0,0.0,55
2026-01-03 19:00:00,-2.0,0.0,0.0,53
2026-01-03 20:00:00,-1.3,0.0,0.0,0
2026-01-03 21:00:00,-1.9,0.0,0.0,1
2026-01-03 22:00:00,-2.1,0.0,0.0,0
2026-01-03 23:00:00,-2.5,0.0,0.0,22
2026-01-04 00:00:00,-3.0,0.0,0.0,76
2026-01-04 01:00:00,-3.2,0.0,0.0,68
2026-01-04 02:00:00,-2.4,0.0,0.0,15
2026-01-04 03:00:00,-2.9,0.0,0.0,53
2026-01-04 04:00:00,-3.3,0.0,0.0,2
2026-01-04 05:00:00,-3.8,0.0,0.0,0
2026-01-04 06:00:00,-4.1,0.0,0.0,0
2026-01-04 07:00:00,-4.3,0.0,0.0,3
2026-01-04 08:00:00,-3.9,0.0,0.0,19
2026-01-04 09:00:00,-4.3,1.0,0.0,8
2026-01-04 10:00:00,-4.0,58.0,199.4,26
2026-01-04 11:00:00,-3.2,164.0,436.2,53
2026-01-04 12:00:00,-2.5,237.0,546.9,32
2026-01-04 13:00:00,-2.0,274.0,611.6,11
2026-01-04 14:00:00,-1.0,266.0,601.1,56
2026-01-04 15:00:00,-1.1,163.0,276.1,29
2026-01-04 16:00:00,-1.3,108.0,256.1,10
2026-01-04 17:00:00,-2.2,25.0,95.7,0
2026-01-04 18:00:00,-2.9,0.0,0.0,0
2026-01-04 19:00:00,-3.2,0.0,0.0,4
2026-01-04 20:00:00,-2.4,0.0,0.0,30
2026-01-04 21:00:00,-2.3,0.0,0.0,1
2026-01-04 22:00:00,-2.7,0.0,0.0,3
2026-01-04 23:00:00,-3.2,0.0,0.0,18
2026-01-05 00:00:00,-3.5,0.0,0.0,0
2026-01-05 01:00:00,-4.1,0.0,0.0,0
2026-01-05 02:00:00,-4.7,0.0,0.0,0
2026-01-05 03:00:00,-5.4,0.0,0.0,0
2026-01-05 04:00:00,-5.8,0.0,0.0,0
2026-01-05 05:00:00,-6.3,0.0,0.0,0
2026-01-05 06:00:00,-7.1,0.0,0.0,0
2026-01-05 07:00:00,-8.4,0.0,0.0,0
2026-01-05 08:00:00,-7.9,0.0,0.0,4
2026-01-05 09:00:00,-9.2,1.0,0.0,91
2026-01-05 10:00:00,-8.2,59.0,189.7,100
2026-01-05 11:00:00,-6.2,142.0,266.5,100
2026-01-05 12:00:00,-4.1,217.0,409.4,100
2026-01-05 13:00:00,-2.8,252.0,461.4,100
2026-01-05 14:00:00,-1.1,229.0,374.6,100
2026-01-05 15:00:00,-2.1,166.0,238.5,100
2026-01-05 16:00:00,-2.8,88.0,98.7,100
2026-01-05 17:00:00,-3.5,20.0,18.6,100
2026-01-05 18:00:00,-3.2,0.0,0.0,100
2026-01-05 19:00:00,-3.7,0.0,0.0,100
2026-01-05 20:00:00,-3.5,0.0,0.0,100
2026-01-05 21:00:00,-3.9,0.0,0.0,100
2026-01-05 22:00:00,-4.2,0.0,0.0,100
2026-01-05 23:00:00,-5.0,0.0,0.0,100
2026-01-06 00:00:00,-5.4,0.0,0.0,100
2026-01-06 01:00:00,-5.0,0.0,0.0,100
2026-01-06 02:00:00,-5.4,0.0,0.0,100
2026-01-06 03:00:00,-6.2,0.0,0.0,100
2026-01-06 04:00:00,-6.8,0.0,0.0,100
2026-01-06 05:00:00,-7.3,0.0,0.0,90
2026-01-06 06:00:00,-7.8,0.0,0.0,17
2026-01-06 07:00:00,-7.9,0.0,0.0,45
2026-01-06 08:00:00,-8.0,0.0,0.0,9
2026-01-06 09:00:00,-9.1,1.0,0.0,91
2026-01-06 10:00:00,-8.3,53.0,122.9,80
2026-01-06 11:00:00,-6.6,152.0,349.9,43
2026-01-06 12:00:00,-5.3,234.0,520.0,35
2026-01-06 13:00:00,-4.3,282.0,644.0,46
2026-01-06 14:00:00,-3.1,268.0,593.6,100
2026-01-06 15:00:00,-3.2,168.0,251.6,100
2026-01-06 16:00:00,-3.4,83.0,99.3,100
2026-01-06 17:00:00,-4.0,16.0,14.8,100
2026-01-06 18:00:00,-3.8,0.0,0.0,100
2026-01-06 19:00:00,-4.1,0.0,0.0,100
2026-01-06 20:00:00,-4.4,0.0,0.0,100
2026-01-06 21:00:00,-4.5,0.0,0.0,100
2026-01-06 22:00:00,-4.9,0.0,0.0,100
2026-01-06 23:00:00,-5.7,0.0,0.0,100
2026-01-07 00:00:00,-6.4,0.0,0.0,100
2026-01-07 01:00:00,-6.5,0.0,0.0,100
2026-01-07 02:00:00,-5.2,0.0,0.0,100
2026-01-07 03:00:00,-5.8,0.0,0.0,100
2026-01-07 04:00:00,-6.6,0.0,0.0,99
2026-01-07 05:00:00,-7.8,0.0,0.0,95
2026-01-07 06:00:00,-7.2,0.0,0.0,100
2026-01-07 07:00:00,-6.1,0.0,0.0,100
2026-01-07 08:00:00,-5.9,0.0,0.0,100
2026-01-07 09:00:00,-5.8,1.0,0.0,100
2026-01-07 10:00:00,-5.8,28.0,26.0,100
2026-01-07 11:00:00,-5.7,71.0,68.3,100
2026-01-07 12:00:00,-5.6,114.0,121.1,100
2026-01-07 13:00:00,-5.5,146.0,144.3,100
2026-01-07 14:00:00,-5.1,146.0,149.8,100
2026-01-07 15:00:00,-5.3,118.0,139.7,100
2026-01-07 16:00:00,-5.4,66.0,77.7,100
2026-01-07 17:00:00,-5.7,14.0,13.0,100
2026-01-07 18:00:00,-5.9,0.0,0.0,100
2026-01-07 19:00:00,-6.0,0.0,0.0,100
2026-01-07 20:00:00,-5.9,0.0,0.0,100
2026-01-07 21:00:00,-6.1,0.0,0.0,100
2026-01-07 22:00:00,-6.1,0.0,0.0,100
2026-01-07 23:00:00,-6.0,0.0,0.0,100
2026-01-08 00:00:00,-6.6,0.0,0.0,100
2026-01-08 01:00:00,-6.3,0.0,0.0,100
2026-01-08 02:00:00,-6.3,0.0,0.0,100
2026-01-08 03:00:00,-6.4,0.0,0.0,100
2026-01-08 04:00:00,-6.5,0.0,0.0,100
2026-01-08 05:00:00,-6.9,0.0,0.0,100
2026-01-08 06:00:00,-7.2,0.0,0.0,100
2026-01-08 07:00:00,-7.5,0.0,0.0,100
2026-01-08 08:00:00,-7.6,0.0,0.0,100
2026-01-08 09:00:00,-7.4,0.0,0.0,100
2026-01-08 10:00:00,-7.2,34.0,31.5,100
2026-01-08 11:00:00,-6.6,73.0,72.5,100
2026-01-08 12:00:00,-6.2,116.0,109.5,100
2026-01-08 13:00:00,-5.8,129.0,123.2,100
2026-01-08 14:00:00,-5.4,130.0,129.5,100
2026-01-08 15:00:00,-5.1,119.0,116.4,100
2026-01-08 16:00:00,-5.1,65.0,65.7,100
2026-01-08 17:00:00,-5.2,14.0,13.0,100
2026-01-08 18:00:00,-5.4,0.0,0.0,100
2026-01-08 19:00:00,-5.6,0.0,0.0,100
2026-01-08 20:00:00,-5.7,0.0,0.0,100
2026-01-08 21:00:00,-6.0,0.0,0.0,100
2026-01-08 22:00:00,-6.1,0.0,0.0,100
2026-01-08 23:00:00,-6.1,0.0,0.0,100
2026-01-09 00:00:00,-6.3,0.0,0.0,100
2026-01-09 01:00:00,-6.3,0.0,0.0,100
2026-01-09 02:00:00,-6.7,0.0,0.0,100
2026-01-09 03:00:00,-7.0,0.0,0.0,100
2026-01-09 04:00:00,-7.5,0.0,0.0,100
2026-01-09 05:00:00,-7.9,0.0,0.0,100
2026-01-09 06:00:00,-8.7,0.0,0.0,100
2026-01-09 07:00:00,-9.2,0.0,0.0,100
2026-01-09 08:00:00,-9.5,0.0,0.0,100
2026-01-09 09:00:00,-9.8,1.0,0.0,100
2026-01-09 10:00:00,-9.6,51.0,118.3,65
2026-01-09 11:00:00,-8.4,156.0,340.3,32
2026-01-09 12:00:00,-7.1,240.0,506.5,75
2026-01-09 13:00:00,-6.5,277.0,536.1,100
2026-01-09 14:00:00,-5.8,274.0,536.9,100
2026-01-09 15:00:00,-5.5,185.0,268.0,100
2026-01-09 16:00:00,-6.1,108.0,139.9,100
2026-01-09 17:00:00,-6.5,25.0,23.2,100
2026-01-09 18:00:00,-7.3,0.0,0.0,100
2026-01-09 19:00:00,-7.1,0.0,0.0,100
2026-01-09 20:00:00,-6.8,0.0,0.0,100
2026-01-09 21:00:00,-7.7,0.0,0.0,100
2026-01-09 22:00:00,-7.9,0.0,0.0,100
2026-01-09 23:00:00,-8.2,0.0,0.0,100
2026-01-10 00:00:00,-8.8,0.0,0.0,100
2026-01-10 01:00:00,-9.2,0.0,0.0,100
2026-01-10 02:00:00,-9.3,0.0,0.0,100
2026-01-10 03:00:00,-10.9,0.0,0.0,89
2026-01-10 04:00:00,-12.0,0.0,0.0,100
2026-01-10 05:00:00,-12.4,0.0,0.0,100
2026-01-10 06:00:00,-12.2,0.0,0.0,100
2026-01-10 07:00:00,-11.8,0.0,0.0,100
2026-01-10 08:00:00,-12.1,0.0,0.0,100
2026-01-10 09:00:00,-11.9,1.0,0.9,100
2026-01-10 10:00:00,-11.5,25.0,23.2,100
2026-01-10 11:00:00,-11.1,92.0,92.3,100
2026-01-10 12:00:00,-10.7,160.0,185.7,100
2026-01-10 13:00:00,-10.1,228.0,330.0,100
2026-01-10 14:00:00,-9.5,217.0,303.9,100
2026-01-10 15:00:00,-9.0,176.0,241.0,99
2026-01-10 16:00:00,-8.8,108.0,157.3,55
2026-01-10 17:00:00,-10.4,37.0,117.6,99
2026-01-10 18:00:00,-9.9,0.0,0.0,100
2026-01-10 19:00:00,-9.0,0.0,0.0,100
2026-01-10 20:00:00,-8.6,0.0,0.0,100
2026-01-10 21:00:00,-8.5,0.0,0.0,99
2026-01-10 22:00:00,-8.4,0.0,0.0,98
2026-01-10 23:00:00,-8.1,0.0,0.0,100
2026-01-11 00:00:00,-7.5,0.0,0.0,100
2026-01-11 01:00:00,-7.0,0.0,0.0,100
2026-01-11 02:00:00,-6.4,0.0,0.0,100
2026-01-11 03:00:00,-5.9,0.0,0.0,100
2026-01-11 04:00:00,-5.5,0.0,0.0,100
2026-01-11 05:00:00,-5.5,0.0,0.0,100
2026-01-11 06:00:00,-5.3,0.0,0.0,100
2026-01-11 07:00:00,-5.1,0.0,0.0,100
2026-01-11 08:00:00,-4.6,0.0,0.0,100
2026-01-11 09:00:00,-4.4,1.0,0.9,100
2026-01-11 10:00:00,-4.4,25.0,23.2,100
2026-01-11 11:00:00,-4.5,52.0,48.2,100
2026-01-11 12:00:00,-4.7,83.0,77.0,100
2026-01-11 13:00:00,-5.1,108.0,100.2,100
2026-01-11 14:00:00,-4.9,144.0,138.7,100
2026-01-11 15:00:00,-5.2,88.0,81.6,100
2026-01-11 16:00:00,-5.3,52.0,48.2,100
2026-01-11 17:00:00,-5.2,14.0,13.0,100
2026-01-11 18:00:00,-5.1,0.0,0.0,100
2026-01-11 19:00:00,-5.1,0.0,0.0,100
2026-01-11 20:00:00,-5.2,0.0,0.0,100
2026-01-11 21:00:00,-5.1,0.0,0.0,100
2026-01-11 22:00:00,-5.1,0.0,0.0,100
2026-01-11 23:00:00,-5.1,0.0,0.0,100
2026-01-12 00:00:00,-5.2,0.0,0.0,100
2026-01-12 01:00:00,-5.3,0.0,0.0,100
2026-01-12 02:00:00,-5.7,0.0,0.0,100
2026-01-12 03:00:00,-5.6,0.0,0.0,100
2026-01-12 04:00:00,-5.7,0.0,0.0,100
2026-01-12 05:00:00,-6.0,0.0,0.0,100
2026-01-12 06:00:00,-6.4,0.0,0.0,100
2026-01-12 07:00:00,-6.8,0.0,0.0,100
2026-01-12 08:00:00,-7.2,0.0,0.0,100
2026-01-12 09:00:00,-7.6,1.0,0.9,100
2026-01-12 10:00:00,-7.6,45.0,62.6,100
2026-01-12 11:00:00,-7.5,104.0,103.3,98
2026-01-12 12:00:00,-7.2,172.0,192.4,89
2026-01-12 13:00:00,-6.7,242.0,362.6,95
2026-01-12 14:00:00,-6.3,242.0,381.0,85
2026-01-12 15:00:00,-6.2,241.0,509.5,97
2026-01-12 16:00:00,-7.5,154.0,372.4,100
2026-01-12 17:00:00,-9.0,40.0,86.4,100
2026-01-12 18:00:00,-8.7,0.0,0.0,100
2026-01-12 19:00:00,-8.4,0.0,0.0,100
2026-01-12 20:00:00,-7.7,0.0,0.0,100
2026-01-12 21:00:00,-7.3,0.0,0.0,100
2026-01-12 22:00:00,-7.5,0.0,0.0,100
2026-01-12 23:00:00,-7.7,0.0,0.0,100
2026-01-13 00:00:00,-6.9,0.0,0.0,100
2026-01-13 01:00:00,-5.9,0.0,0.0,100
2026-01-13 02:00:00,-6.1,0.0,0.0,100
2026-01-13 03:00:00,-5.8,0.0,0.0,100
2026-01-13 04:00:00,-5.5,0.0,0.0,100
2026-01-13 05:00:00,-5.2,0.0,0.0,100
2026-01-13 06:00:00,-4.8,0.0,0.0,100
2026-01-13 07:00:00,-4.1,0.0,0.0,100
2026-01-13 08:00:00,-3.9,0.0,0.0,100
2026-01-13 09:00:00,-3.4,0.0,0.0,100
2026-01-13 10:00:00,-2.8,15.0,13.9,100
2026-01-13 11:00:00,-2.3,37.0,34.3,100
2026-01-13 12:00:00,-2.4,53.0,49.2,100
2026-01-13 13:00:00,-2.0,83.0,77.0,100
2026-01-13 14:00:00,-2.3,122.0,118.2,100
2026-01-13 15:00:00,-1.9,72.0,66.8,100
2026-01-13 16:00:00,-1.6,60.0,58.1,100
2026-01-13 17:00:00,-1.7,22.0,20.4,100
2026-01-13 18:00:00,-1.6,0.0,0.0,100
2026-01-13 19:00:00,-1.3,0.0,0.0,100
2026-01-13 20:00:00,-1.2,0.0,0.0,100
2026-01-13 21:00:00,-0.9,0.0,0.0,100
2026-01-13 22:00:00,-1.1,0.0,0.0,100
2026-01-13 23:00:00,-1.0,0.0,0.0,100
2026-01-14 00:00:00,-0.7,0.0,0.0,100
2026-01-14 01:00:00,-0.4,0.0,0.0,100
2026-01-14 02:00:00,0.0,0.0,0.0,100
2026-01-14 03:00:00,0.2,0.0,0.0,100
2026-01-14 04:00:00,0.0,0.0,0.0,100
2026-01-14 05:00:00,-1.3,0.0,0.0,100
2026-01-14 06:00:00,-1.4,0.0,0.0,100
2026-01-14 07:00:00,-1.1,0.0,0.0,100
2026-01-14 08:00:00,-0.5,0.0,0.0,100
2026-01-14 09:00:00,-0.3,1.0,0.9,100
2026-01-14 10:00:00,0.5,34.0,31.5,100
2026-01-14 11:00:00,1.4,77.0,71.4,100
2026-01-14 12:00:00,1.9,139.0,132.5,100
2026-01-14 13:00:00,1.6,166.0,155.6,100
2026-01-14 14:00:00,1.7,169.0,160.1,100
2026-01-14 15:00:00,1.4,132.0,122.5,100
2026-01-14 16:00:00,1.1,83.0,77.0,100
2026-01-14 17:00:00,0.6,24.0,22.3,100
2026-01-14 18:00:00,0.4,0.0,0.0,100
2026-01-14 19:00:00,0.4,0.0,0.0,100
2026-01-14 20:00:00,0.6,0.0,0.0,100
2026-01-14 21:00:00,0.5,0.0,0.0,100
2026-01-14 22:00:00,0.6,0.0,0.0,100
2026-01-14 23:00:00,0.7,0.0,0.0,100
2026-01-15 00:00:00,0.8,0.0,0.0,100
2026-01-15 01:00:00,1.0,0.0,0.0,100
2026-01-15 02:00:00,0.7,0.0,0.0,100
2026-01-15 03:00:00,0.8,0.0,0.0,100
2026-01-15 04:00:00,0.7,0.0,0.0,100
2026-01-15 05:00:00,0.7,0.0,0.0,100
2026-01-15 06:00:00,0.6,0.0,0.0,100
2026-01-15 07:00:00,0.6,0.0,0.0,100
2026-01-15 08:00:00,0.4,0.0,0.0,42
2026-01-15 09:00:00,-1.4,2.0,1.9,100
2026-01-15 10:00:00,0.4,49.0,68.8,100
2026-01-15 11:00:00,1.0,99.0,100.6,100
2026-01-15 12:00:00,1.6,146.0,165.4,100
2026-01-15 13:00:00,2.0,158.0,151.5,100
2026-01-15 14:00:00,2.5,180.0,171.9,100
2026-01-15 15:00:00,2.5,148.0,155.5,100
2026-01-15 16:00:00,2.5,80.0,76.6,100
2026-01-15 17:00:00,2.0,23.0,21.3,100
2026-01-15 18:00:00,1.7,0.0,0.0,100
2026-01-15 19:00:00,1.6,0.0,0.0,100
2026-01-15 20:00:00,1.1,0.0,0.0,100
2026-01-15 21:00:00,0.8,0.0,0.0,91
2026-01-15 22:00:00,0.1,0.0,0.0,64
2026-01-15 23:00:00,-0.3,0.0,0.0,47
2026-01-16 00:00:00,-0.8,0.0,0.0,73
2026-01-16 01:00:00,-1.3,0.0,0.0,100
2026-01-16 02:00:00,-1.2,0.0,0.0,55
2026-01-16 03:00:00,-1.5,0.0,0.0,96
2026-01-16 04:00:00,-1.5,0.0,0.0,100
2026-01-16 05:00:00,-1.5,0.0,0.0,100
2026-01-16 06:00:00,-1.5,0.0,0.0,100
2026-01-16 07:00:00,-1.4,0.0,0.0,100
2026-01-16 08:00:00,-0.2,0.0,0.0,100
2026-01-16 09:00:00,-0.3,2.0,1.9,100
2026-01-16 10:00:00,-0.3,44.0,71.2,99
2026-01-16 11:00:00,0.2,126.0,170.6,96
2026-01-16 12:00:00,1.3,189.0,257.2,95
2026-01-16 13:00:00,1.8,223.0,332.6,99
2026-01-16 14:00:00,2.0,224.0,339.4,100
2026-01-16 15:00:00,1.4,158.0,228.9,100
2026-01-16 16:00:00,1.1,105.0,157.2,100
2026-01-16 17:00:00,0.8,30.0,49.9,100
2026-01-16 18:00:00,0.6,0.0,0.0,100
2026-01-16 19:00:00,0.3,0.0,0.0,100
2026-01-16 20:00:00,0.8,0.0,0.0,100
2026-01-16 21:00:00,0.6,0.0,0.0,100
2026-01-16 22:00:00,0.3,0.0,0.0,100
2026-01-16 23:00:00,0.2,0.0,0.0,100
2026-01-17 00:00:00,-0.2,0.0,0.0,100
2026-01-17 01:00:00,-0.2,0.0,0.0,100
2026-01-17 02:00:00,0.1,0.0,0.0,100
2026-01-17 03:00:00,-0.2,0.0,0.0,100
2026-01-17 04:00:00,-0.5,0.0,0.0,100
2026-01-17 05:00:00,-0.8,0.0,0.0,100
2026-01-17 06:00:00,-1.1,0.0,0.0,100
2026-01-17 07:00:00,-1.4,0.0,0.0,100
2026-01-17 08:00:00,-1.5,0.0,0.0,100
2026-01-17 09:00:00,-1.5,2.0,1.9,100
2026-01-17 10:00:00,-1.3,52.0,74.1,100
2026-01-17 11:00:00,-0.2,133.0,191.1,98
2026-01-17 12:00:00,1.2,212.0,332.6,38
2026-01-17 13:00:00,2.1,287.0,562.5,19
2026-01-17 14:00:00,2.4,281.0,565.5,13
2026-01-17 15:00:00,2.3,246.0,535.3,12
2026-01-17 16:00:00,1.9,158.0,381.0,9
2026-01-17 17:00:00,0.6,52.0,168.7,8
2026-01-17 18:00:00,-0.7,0.0,0.0,6
2026-01-17 19:00:00,-1.6,0.0,0.0,4
2026-01-17 20:00:00,-1.8,0.0,0.0,2
2026-01-17 21:00:00,-2.4,0.0,0.0,1
2026-01-17 22:00:00,-3.0,0.0,0.0,0
2026-01-17 23:00:00,-3.4,0.0,0.0,0
2026-01-18 00:00:00,-3.8,0.0,0.0,0
2026-01-18 01:00:00,-4.2,0.0,0.0,0
2026-01-18 02:00:00,-4.5,0.0,0.0,2
2026-01-18 03:00:00,-5.1,0.0,0.0,2
2026-01-18 04:00:00,-5.7,0.0,0.0,6
2026-01-18 05:00:00,-6.1,0.0,0.0,12
2026-01-18 06:00:00,-6.5,0.0,0.0,12
2026-01-18 07:00:00,-6.9,0.0,0.0,9
2026-01-18 08:00:00,-7.3,0.0,0.0,9
2026-01-18 09:00:00,-7.8,3.0,12.4,10
2026-01-18 10:00:00,-6.8,77.0,233.4,13
2026-01-18 11:00:00,-5.4,189.0,448.3,13
2026-01-18 12:00:00,-4.1,269.0,580.8,9
2026-01-18 13:00:00,-2.6,321.0,686.5,6
2026-01-18 14:00:00,-1.9,314.0,670.0,9
2026-01-18 15:00:00,-1.8,261.0,572.6,13
2026-01-18 16:00:00,-2.2,169.0,410.7,12
2026-01-18 17:00:00,-3.6,59.0,192.8,10
2026-01-18 18:00:00,-4.9,0.0,0.0,9
2026-01-18 19:00:00,-6.4,0.0,0.0,8
2026-01-18 20:00:00,-6.9,0.0,0.0,9
2026-01-18 21:00:00,-7.9,0.0,0.0,5
2026-01-18 22:00:00,-8.4,0.0,0.0,5
2026-01-18 23:00:00,-8.7,0.0,0.0,4
2026-01-19 00:00:00,-9.0,0.0,0.0,2
2026-01-19 01:00:00,-9.2,0.0,0.0,2
2026-01-19 02:00:00,-9.4,0.0,0.0,13
2026-01-19 03:00:00,-9.9,0.0,0.0,39
2026-01-19 04:00:00,-10.8,0.0,0.0,55
2026-01-19 05:00:00,-11.3,0.0,0.0,19
2026-01-19 06:00:00,-11.6,0.0,0.0,14
2026-01-19 07:00:00,-11.7,0.0,0.0,26
2026-01-19 08:00:00,-10.9,0.0,0.0,95
2026-01-19 09:00:00,-11.2,3.0,2.8,95
2026-01-19 10:00:00,-10.5,62.0,103.1,98
2026-01-19 11:00:00,-8.8,156.0,253.4,92
2026-01-19 12:00:00,-6.7,251.0,457.5,9
2026-01-19 13:00:00,-4.4,328.0,702.3,1
2026-01-19 14:00:00,-1.7,325.0,703.5,0
2026-01-19 15:00:00,-1.2,272.0,610.4,0
2026-01-19 16:00:00,-2.0,178.0,439.8,0
2026-01-19 17:00:00,-4.2,63.0,213.1,0
2026-01-19 18:00:00,-5.8,1.0,0.0,0
2026-01-19 19:00:00,-5.9,0.0,0.0,0
2026-01-19 20:00:00,-5.0,0.0,0.0,0
2026-01-19 21:00:00,-6.1,0.0,0.0,0
2026-01-19 22:00:00,-7.2,0.0,0.0,0
2026-01-19 23:00:00,-7.1,0.0,0.0,0
2026-01-20 00:00:00,-6.9,0.0,0.0,0
2026-01-20 01:00:00,-6.8,0.0,0.0,0
2026-01-20 02:00:00,-7.5,0.0,0.0,0
2026-01-20 03:00:00,-7.4,0.0,0.0,0
2026-01-20 04:00:00,-7.5,0.0,0.0,0
2026-01-20 05:00:00,-7.5,0.0,0.0,0
2026-01-20 06:00:00,-7.2,0.0,0.0,0
2026-01-20 07:00:00,-6.9,0.0,0.0,0
2026-01-20 08:00:00,-6.7,0.0,0.0,0
2026-01-20 09:00:00,-6.7,4.0,21.4,2
2026-01-20 10:00:00,-6.2,84.0,255.2,1
2026-01-20 11:00:00,-4.9,199.0,477.2,0
2026-01-20 12:00:00,-2.8,288.0,637.8,0
2026-01-20 13:00:00,-0.8,333.0,714.3,0
2026-01-20 14:00:00,1.5,329.0,708.3,0
2026-01-20 15:00:00,1.6,276.0,617.3,0
2026-01-20 16:00:00,1.0,182.0,448.5,0
2026-01-20 17:00:00,-1.7,67.0,220.5,0
2026-01-20 18:00:00,-2.5,1.0,0.0,1
2026-01-20 19:00:00,-3.0,0.0,0.0,1
2026-01-20 20:00:00,-2.9,0.0,0.0,2
2026-01-20 21:00:00,-3.1,0.0,0.0,0
2026-01-20 22:00:00,-3.7,0.0,0.0,0
2026-01-20 23:00:00,-4.9,0.0,0.0,0
2026-01-21 00:00:00,-6.5,0.0,0.0,0
2026-01-21 01:00:00,-6.9,0.0,0.0,0
2026-01-21 02:00:00,-6.3,0.0,0.0,0
2026-01-21 03:00:00,-4.5,0.0,0.0,0
2026-01-21 04:00:00,-3.6,0.0,0.0,0
2026-01-21 05:00:00,-4.0,0.0,0.0,0
2026-01-21 06:00:00,-4.5,0.0,0.0,0
2026-01-21 07:00:00,-5.6,0.0,0.0,0
2026-01-21 08:00:00,-7.0,0.0,0.0,0
2026-01-21 09:00:00,-7.3,5.0,21.6,0
2026-01-21 10:00:00,-5.5,89.0,268.2,0
2026-01-21 11:00:00,-3.6,205.0,493.8,0
2026-01-21 12:00:00,-1.8,295.0,652.4,0
2026-01-21 13:00:00,0.1,340.0,730.9,0
2026-01-21 14:00:00,1.5,337.0,725.7,0
2026-01-21 15:00:00,1.3,284.0,634.2,0
2026-01-21 16:00:00,-0.1,189.0,463.8,0
2026-01-21 17:00:00,-2.1,71.0,234.3,0
2026-01-21 18:00:00,-3.6,2.0,1.9,0
2026-01-21 19:00:00,-4.8,0.0,0.0,0
2026-01-21 20:00:00,-4.6,0.0,0.0,0
2026-01-21 21:00:00,-6.0,0.0,0.0,0
2026-01-21 22:00:00,-6.8,0.0,0.0,0
2026-01-21 23:00:00,-7.5,0.0,0.0,0
2026-01-22 00:00:00,-8.5,0.0,0.0,0
2026-01-22 01:00:00,-9.1,0.0,0.0,0
2026-01-22 02:00:00,-9.1,0.0,0.0,1
2026-01-22 03:00:00,-9.9,0.0,0.0,2
2026-01-22 04:00:00,-9.9,0.0,0.0,2
2026-01-22 05:00:00,-9.8,0.0,0.0,9
2026-01-22 06:00:00,-10.0,0.0,0.0,22
2026-01-22 07:00:00,-10.3,0.0,0.0,17
2026-01-22 08:00:00,-10.2,0.0,0.0,96
2026-01-22 09:00:00,-10.1,5.0,12.8,100
2026-01-22 10:00:00,-8.2,71.0,123.8,100
2026-01-22 11:00:00,-5.8,171.0,301.1,100
2026-01-22 12:00:00,-3.6,271.0,531.6,100
2026-01-22 13:00:00,-1.9,303.0,555.1,95
2026-01-22 14:00:00,-0.6,295.0,533.9,64
2026-01-22 15:00:00,0.2,271.0,569.1,99
2026-01-22 16:00:00,-0.4,133.0,198.6,81
2026-01-22 17:00:00,-2.3,59.0,135.5,78
2026-01-22 18:00:00,-3.7,2.0,1.9,100
2026-01-22 19:00:00,-2.2,0.0,0.0,100
2026-01-22 20:00:00,-1.4,0.0,0.0,100
2026-01-22 21:00:00,-1.6,0.0,0.0,100
2026-01-22 22:00:00,-2.2,0.0,0.0,98
2026-01-22 23:00:00,-2.8,0.0,0.0,100
2026-01-23 00:00:00,-3.2,0.0,0.0,100
2026-01-23 01:00:00,-3.3,0.0,0.0,80
2026-01-23 02:00:00,-3.1,0.0,0.0,81
2026-01-23 03:00:00,-3.6,0.0,0.0,100
2026-01-23 04:00:00,-4.4,0.0,0.0,100
2026-01-23 05:00:00,-5.0,0.0,0.0,91
2026-01-23 06:00:00,-5.5,0.0,0.0,32
2026-01-23 07:00:00,-5.8,0.0,0.0,100
2026-01-23 08:00:00,-6.0,0.0,0.0,100
2026-01-23 09:00:00,-6.0,2.0,1.9,100
2026-01-23 10:00:00,-5.7,26.0,27.2,100
2026-01-23 11:00:00,-5.1,47.0,43.6,100
2026-01-23 12:00:00,-4.4,66.0,62.8,100
2026-01-23 13:00:00,-3.4,96.0,100.9,83
2026-01-23 14:00:00,-3.8,169.0,223.6,99
2026-01-23 15:00:00,-3.5,146.0,206.4,95
2026-01-23 16:00:00,-3.3,95.0,122.0,92
2026-01-23 17:00:00,-3.7,44.0,69.0,98
2026-01-23 18:00:00,-4.3,2.0,1.9,88
2026-01-23 19:00:00,-4.5,0.0,0.0,96
2026-01-23 20:00:00,-4.2,0.0,0.0,100
2026-01-23 21:00:00,-3.9,0.0,0.0,100
2026-01-23 22:00:00,-3.5,0.0,0.0,100
2026-01-23 23:00:00,-3.0,0.0,0.0,100
2026-01-24 00:00:00,-2.7,0.0,0.0,84
2026-01-24 01:00:00,-2.8,0.0,0.0,90
2026-01-24 02:00:00,-2.7,0.0,0.0,100
2026-01-24 03:00:00,-2.7,0.0,0.0,100
2026-01-24 04:00:00,-2.6,0.0,0.0,100
2026-01-24 05:00:00,-2.4,0.0,0.0,100
2026-01-24 06:00:00,-2.2,0.0,0.0,100
2026-01-24 07:00:00,-2.0,0.0,0.0,100
2026-01-24 08:00:00,-2.1,0.0,0.0,100
2026-01-24 09:00:00,-2.0,2.0,1.9,100
2026-01-24 10:00:00,-1.9,21.0,19.5,100
2026-01-24 11:00:00,-1.5,52.0,48.2,100
2026-01-24 12:00:00,-1.0,85.0,83.5,100
2026-01-24 13:00:00,-0.4,110.0,103.5,100
2026-01-24 14:00:00,-0.7,85.0,78.9,100
2026-01-24 15:00:00,-0.6,71.0,69.0,100
2026-01-24 16:00:00,-0.8,39.0,36.2,100
2026-01-24 17:00:00,-0.9,22.0,20.4,100
2026-01-24 18:00:00,-1.1,1.0,0.9,100
2026-01-24 19:00:00,-1.3,0.0,0.0,100
2026-01-24 20:00:00,-1.4,0.0,0.0,100
2026-01-24 21:00:00,-1.5,0.0,0.0,100
2026-01-24 22:00:00,-1.5,0.0,0.0,100
2026-01-24 23:00:00,-1.5,0.0,0.0,100
2026-01-25 00:00:00,-1.4,0.0,0.0,100
2026-01-25 01:00:00,-1.3,0.0,0.0,100
2026-01-25 02:00:00,-1.3,0.0,0.0,100
2026-01-25 03:00:00,-1.1,0.0,0.0,100
2026-01-25 04:00:00,-0.9,0.0,0.0,100
2026-01-25 05:00:00,-0.8,0.0,0.0,100
2026-01-25 06:00:00,-0.5,0.0,0.0,100
2026-01-25 07:00:00,-0.2,0.0,0.0,100
2026-01-25 08:00:00,0.1,0.0,0.0,54
2026-01-25 09:00:00,-0.3,6.0,12.7,37
2026-01-25 10:00:00,0.2,74.0,162.9,98
2026-01-25 11:00:00,1.0,109.0,127.0,100
2026-01-25 12:00:00,2.3,210.0,333.6,100
2026-01-25 13:00:00,3.2,261.0,440.6,100
2026-01-25 14:00:00,4.1,261.0,398.0,100
2026-01-25 15:00:00,3.6,210.0,299.4,100
2026-01-25 16:00:00,2.9,122.0,139.9,100
2026-01-25 17:00:00,1.9,42.0,42.2,100
2026-01-25 18:00:00,1.5,2.0,1.9,100
2026-01-25 19:00:00,1.6,0.0,0.0,100
2026-01-25 20:00:00,1.8,0.0,0.0,100
2026-01-25 21:00:00,2.0,0.0,0.0,100
2026-01-25 22:00:00,2.2,0.0,0.0,100
2026-01-25 23:00:00,2.4,0.0,0.0,100
2026-01-26 00:00:00,2.4,0.0,0.0,100
2026-01-26 01:00:00,2.7,0.0,0.0,100
2026-01-26 02:00:00,2.4,0.0,0.0,100
2026-01-26 03:00:00,2.3,0.0,0.0,100
2026-01-26 04:00:00,2.3,0.0,0.0,100
2026-01-26 05:00:00,2.6,0.0,0.0,100
2026-01-26 06:00:00,2.4,0.0,0.0,100
2026-01-26 07:00:00,2.5,0.0,0.0,100
2026-01-26 08:00:00,1.9,0.0,0.0,100
2026-01-26 09:00:00,1.8,2.0,1.9,100
2026-01-26 10:00:00,2.0,13.0,12.1,100
2026-01-26 11:00:00,3.2,68.0,64.9,100
2026-01-26 12:00:00,4.5,117.0,128.3,100
2026-01-26 13:00:00,5.1,195.0,261.7,99
2026-01-26 14:00:00,6.0,196.0,248.7,100
2026-01-26 15:00:00,5.6,210.0,313.1,100
2026-01-26 16:00:00,4.8,136.0,185.9,100
2026-01-26 17:00:00,3.6,51.0,47.3,100
2026-01-26 18:00:00,2.2,4.0,3.7,93
2026-01-26 19:00:00,1.4,0.0,0.0,74
2026-01-26 20:00:00,1.1,0.0,0.0,2
2026-01-26 21:00:00,0.7,0.0,0.0,1
2026-01-26 22:00:00,0.4,0.0,0.0,0
2026-01-26 23:00:00,0.2,0.0,0.0,0
2026-01-27 00:00:00,0.1,0.0,0.0,31
2026-01-27 01:00:00,0.2,0.0,0.0,47
2026-01-27 02:00:00,0.4,0.0,0.0,66
2026-01-27 03:00:00,-0.1,0.0,0.0,49
2026-01-27 04:00:00,-0.3,0.0,0.0,30
2026-01-27 05:00:00,-0.6,0.0,0.0,8
2026-01-27 06:00:00,-0.9,0.0,0.0,30
2026-01-27 07:00:00,-1.1,0.0,0.0,21
2026-01-27 08:00:00,-1.0,0.0,0.0,50
2026-01-27 09:00:00,-0.9,7.0,19.5,100
2026-01-27 10:00:00,0.3,61.0,109.2,99
2026-01-27 11:00:00,1.3,118.0,166.4,36
2026-01-27 12:00:00,2.3,261.0,491.8,46
2026-01-27 13:00:00,2.8,259.0,429.0,99
2026-01-27 14:00:00,2.7,169.0,222.7,100
2026-01-27 15:00:00,2.8,120.0,132.5,99
2026-01-27 16:00:00,2.8,99.0,111.9,85
2026-01-27 17:00:00,1.8,54.0,103.9,100
2026-01-27 18:00:00,1.4,3.0,2.8,94
2026-01-27 19:00:00,1.0,0.0,0.0,70
2026-01-27 20:00:00,1.0,0.0,0.0,92
2026-01-27 21:00:00,0.8,0.0,0.0,100
2026-01-27 22:00:00,1.2,0.0,0.0,100
2026-01-27 23:00:00,1.1,0.0,0.0,100
2026-01-28 00:00:00,1.0,0.0,0.0,100
2026-01-28 01:00:00,0.8,0.0,0.0,100
2026-01-28 02:00:00,0.5,0.0,0.0,100
2026-01-28 03:00:00,0.1,0.0,0.0,100
2026-01-28 04:00:00,-0.1,0.0,0.0,100
2026-01-28 05:00:00,0.2,0.0,0.0,100
2026-01-28 06:00:00,0.4,0.0,0.0,100
2026-01-28 07:00:00,0.6,0.0,0.0,100
2026-01-28 08:00:00,0.5,0.0,0.0,100
2026-01-28 09:00:00,0.5,2.0,1.9,100
2026-01-28 10:00:00,0.5,18.0,16.7,100
2026-01-28 11:00:00,0.7,41.0,38.0,100
2026-01-28 12:00:00,1.3,75.0,71.0,100
2026-01-28 13:00:00,1.7,95.0,100.5,100
2026-01-28 14:00:00,1.7,94.0,96.9,100
2026-01-28 15:00:00,1.7,58.0,53.8,100
2026-01-28 16:00:00,1.6,50.0,46.4,100
2026-01-28 17:00:00,1.2,20.0,18.6,100
2026-01-28 18:00:00,0.7,2.0,1.9,100
2026-01-28 19:00:00,0.5,0.0,0.0,100
2026-01-28 20:00:00,0.5,0.0,0.0,100
2026-01-28 21:00:00,0.3,0.0,0.0,100
2026-01-28 22:00:00,0.1,0.0,0.0,100
2026-01-28 23:00:00,-0.1,0.0,0.0,100
2026-01-29 00:00:00,-0.2,0.0,0.0,100
2026-01-29 01:00:00,-0.3,0.0,0.0,100
2026-01-29 02:00:00,-0.4,0.0,0.0,100
2026-01-29 03:00:00,-0.5,0.0,0.0,100
2026-01-29 04:00:00,-0.6,0.0,0.0,100
2026-01-29 05:00:00,-1.0,0.0,0.0,100
2026-01-29 06:00:00,-1.2,0.0,0.0,100
2026-01-29 07:00:00,-1.3,0.0,0.0,100
2026-01-29 08:00:00,-1.1,0.0,0.0,100
2026-01-29 09:00:00,-0.9,3.0,2.8,100
2026-01-29 10:00:00,-0.6,26.0,24.1,100
2026-01-29 11:00:00,-0.6,59.0,54.7,100
2026-01-29 12:00:00,-0.8,82.0,77.5,100
2026-01-29 13:00:00,-0.4,88.0,83.0,100
2026-01-29 14:00:00,-0.5,86.0,79.8,100
2026-01-29 15:00:00,-0.3,57.0,54.3,100
2026-01-29 16:00:00,-0.2,42.0,39.0,100
2026-01-29 17:00:00,-0.2,17.0,15.8,100
2026-01-29 18:00:00,-0.4,2.0,1.9,100
2026-01-29 19:00:00,-0.5,0.0,0.0,100
2026-01-29 20:00:00,-0.6,0.0,0.0,100
2026-01-29 21:00:00,-0.8,0.0,0.0,100
2026-01-29 22:00:00,-0.9,0.0,0.0,100
2026-01-29 23:00:00,-1.0,0.0,0.0,100
2026-01-30 00:00:00,-1.2,0.0,0.0,100
2026-01-30 01:00:00,-1.1,0.0,0.0,100
2026-01-30 02:00:00,-0.9,0.0,0.0,100
2026-01-30 03:00:00,-0.8,0.0,0.0,100
2026-01-30 04:00:00,-0.7,0.0,0.0,100
2026-01-30 05:00:00,-0.8,0.0,0.0,100
2026-01-30 06:00:00,-1.0,0.0,0.0,100
2026-01-30 07:00:00,-1.1,0.0,0.0,100
2026-01-30 08:00:00,-0.9,0.0,0.0,100
2026-01-30 09:00:00,-0.9,4.0,3.7,100
2026-01-30 10:00:00,-0.6,30.0,27.8,100
2026-01-30 11:00:00,-0.3,70.0,68.3,100
2026-01-30 12:00:00,-0.1,77.0,71.4,100
2026-01-30 13:00:00,0.5,93.0,97.0,100
2026-01-30 14:00:00,0.0,97.0,91.3,100
2026-01-30 15:00:00,0.1,82.0,78.9,100
2026-01-30 16:00:00,0.0,59.0,54.7,100
2026-01-30 17:00:00,-0.5,16.0,14.8,100
2026-01-30 18:00:00,-0.8,2.0,1.9,100
2026-01-30 19:00:00,-1.0,0.0,0.0,100
2026-01-30 20:00:00,-1.3,0.0,0.0,100
2026-01-30 21:00:00,-1.8,0.0,0.0,100
2026-01-30 22:00:00,-2.1,0.0,0.0,100
2026-01-30 23:00:00,-2.4,0.0,0.0,100
2026-01-31 00:00:00,-2.6,0.0,0.0,100
2026-01-31 01:00:00,-2.8,0.0,0.0,100
2026-01-31 02:00:00,-2.8,0.0,0.0,100
2026-01-31 03:00:00,-3.1,0.0,0.0,100
2026-01-31 04:00:00,-3.4,0.0,0.0,100
2026-01-31 05:00:00,-3.7,0.0,0.0,100
2026-01-31 06:00:00,-4.1,0.0,0.0,100
2026-01-31 07:00:00,-4.6,0.0,0.0,100
2026-01-31 08:00:00,-5.1,0.0,0.0,100
2026-01-31 09:00:00,-5.7,5.0,4.6,100
2026-01-31 10:00:00,-6.2,46.0,50.0,100
2026-01-31 11:00:00,-6.5,84.0,82.9,100
2026-01-31 12:00:00,-6.4,138.0,146.2,100
2026-01-31 13:00:00,-6.0,212.0,284.9,98
2026-01-31 14:00:00,-6.0,255.0,371.2,100
2026-01-31 15:00:00,-5.9,240.0,362.4,100
2026-01-31 16:00:00,-6.5,143.0,177.8,100
2026-01-31 17:00:00,-7.2,59.0,77.8,100
2026-01-31 18:00:00,-7.8,5.0,4.6,100
2026-01-31 19:00:00,-8.3,0.0,0.0,100
2026-01-31 20:00:00,-8.5,0.0,0.0,100
2026-01-31 21:00:00,-8.8,0.0,0.0,100
2026-01-31 22:00:00,-9.0,0.0,0.0,100
2026-01-31 23:00:00,-9.0,0.0,0.0,100
2026-02-01 00:00:00,-9.1,0.0,0.0,100
2026-02-01 01:00:00,-9.1,0.0,0.0,100
2026-02-01 02:00:00,-9.5,0.0,0.0,100
2026-02-01 03:00:00,-9.5,0.0,0.0,100
2026-02-01 04:00:00,-9.6,0.0,0.0,100
2026-02-01 05:00:00,-9.7,0.0,0.0,100
2026-02-01 06:00:00,-9.9,0.0,0.0,97
2026-02-01 07:00:00,-10.5,0.0,0.0,48
2026-02-01 08:00:00,-10.5,0.0,0.0,100
2026-02-01 09:00:00,-11.1,9.0,8.3,100
2026-02-01 10:00:00,-10.9,65.0,74.5,100
2026-02-01 11:00:00,-10.1,142.0,170.4,100
2026-02-01 12:00:00,-8.6,232.0,298.0,99
2026-02-01 13:00:00,-7.4,304.0,446.8,91
2026-02-01 14:00:00,-7.4,335.0,562.9,100
2026-02-01 15:00:00,-7.4,236.0,325.8,98
2026-02-01 16:00:00,-7.5,154.0,191.9,100
2026-02-01 17:00:00,-8.2,62.0,74.8,100
2026-02-01 18:00:00,-8.8,5.0,4.6,100
2026-02-01 19:00:00,-8.9,0.0,0.0,100
2026-02-01 20:00:00,-9.0,0.0,0.0,100
2026-02-01 21:00:00,-8.9,0.0,0.0,100
2026-02-01 22:00:00,-8.7,0.0,0.0,100
2026-02-01 23:00:00,-8.6,0.0,0.0,100
2026-02-02 00:00:00,-8.6,0.0,0.0,100
2026-02-02 01:00:00,-8.6,0.0,0.0,100
2026-02-02 02:00:00,-8.9,0.0,0.0,100
2026-02-02 03:00:00,-8.9,0.0,0.0,100
2026-02-02 04:00:00,-9.0,0.0,0.0,100
2026-02-02 05:00:00,-9.2,0.0,0.0,100
2026-02-02 06:00:00,-9.4,0.0,0.0,100
2026-02-02 07:00:00,-9.9,0.0,0.0,100
2026-02-02 08:00:00,-10.0,0.0,0.0,100
2026-02-02 09:00:00,-9.9,3.0,2.8,100
2026-02-02 10:00:00,-9.6,25.0,25.5,100
2026-02-02 11:00:00,-9.0,65.0,60.3,100
2026-02-02 12:00:00,-8.3,115.0,108.0,100
2026-02-02 13:00:00,-7.2,187.0,193.9,97
2026-02-02 14:00:00,-6.7,183.0,200.5,100
2026-02-02 15:00:00,-6.0,164.0,191.7,99
2026-02-02 16:00:00,-6.3,116.0,147.6,73
2026-02-02 17:00:00,-7.2,80.0,136.0,41
2026-02-02 18:00:00,-8.2,10.0,25.1,22
2026-02-02 19:00:00,-9.2,0.0,0.0,61
2026-02-02 20:00:00,-9.5,0.0,0.0,100
2026-02-02 21:00:00,-9.5,0.0,0.0,100
2026-02-02 22:00:00,-9.5,0.0,0.0,100
2026-02-02 23:00:00,-9.4,0.0,0.0,100
2026-02-03 00:00:00,-9.5,0.0,0.0,100
2026-02-03 01:00:00,-9.5,0.0,0.0,100
2026-02-03 02:00:00,-9.8,0.0,0.0,91
2026-02-03 03:00:00,-9.5,0.0,0.0,100
2026-02-03 04:00:00,-9.5,0.0,0.0,100
2026-02-03 05:00:00,-9.3,0.0,0.0,96
2026-02-03 06:00:00,-9.5,0.0,0.0,10
2026-02-03 07:00:00,-10.0,0.0,0.0,100
2026-02-03 08:00:00,-9.5,0.0,0.0,100
2026-02-03 09:00:00,-9.3,6.0,5.6,100
2026-02-03 10:00:00,-9.0,43.0,39.9,100
2026-02-03 11:00:00,-8.0,153.0,189.9,89
2026-02-03 12:00:00,-6.7,214.0,275.9,100
2026-02-03 13:00:00,-5.1,219.0,261.0,100
2026-02-03 14:00:00,-4.9,226.0,258.8,99
2026-02-03 15:00:00,-3.8,220.0,291.2,16
2026-02-03 16:00:00,-3.4,207.0,376.7,49
2026-02-03 17:00:00,-4.1,118.0,283.7,41
2026-02-03 18:00:00,-4.9,14.0,38.1,100
2026-02-03 19:00:00,-4.5,0.0,0.0,100
2026-02-03 20:00:00,-4.6,0.0,0.0,100
2026-02-03 21:00:00,-3.7,0.0,0.0,100
2026-02-03 22:00:00,-3.1,0.0,0.0,100
2026-02-03 23:00:00,-2.8,0.0,0.0,100
2026-02-04 00:00:00,-2.8,0.0,0.0,100
2026-02-04 01:00:00,-2.5,0.0,0.0,100
2026-02-04 02:00:00,-2.9,0.0,0.0,100
2026-02-04 03:00:00,-2.7,0.0,0.0,100
2026-02-04 04:00:00,-2.7,0.0,0.0,100
2026-02-04 05:00:00,-2.6,0.0,0.0,100
2026-02-04 06:00:00,-2.5,0.0,0.0,100
2026-02-04 07:00:00,-2.3,0.0,0.0,100
2026-02-04 08:00:00,-2.9,0.0,0.0,100
2026-02-04 09:00:00,-2.8,6.0,5.6,100
2026-02-04 10:00:00,-2.0,44.0,49.4,100
2026-02-04 11:00:00,-0.7,103.0,101.6,100
2026-02-04 12:00:00,0.6,151.0,146.6,100
2026-02-04 13:00:00,2.0,205.0,228.6,100
2026-02-04 14:00:00,1.8,233.0,268.2,99
2026-02-04 15:00:00,2.9,230.0,313.5,91
2026-02-04 16:00:00,3.1,209.0,379.2,100
2026-02-04 17:00:00,1.7,95.0,161.1,100
2026-02-04 18:00:00,-0.3,10.0,14.0,100
2026-02-04 19:00:00,-0.9,0.0,0.0,100
2026-02-04 20:00:00,-1.3,0.0,0.0,100
2026-02-04 21:00:00,-1.6,0.0,0.0,100
2026-02-04 22:00:00,-1.6,0.0,0.0,100
2026-02-04 23:00:00,-1.4,0.0,0.0,100
2026-02-05 00:00:00,-0.9,0.0,0.0,100
2026-02-05 01:00:00,-0.4,0.0,0.0,100
2026-02-05 02:00:00,-1.4,0.0,0.0,100
2026-02-05 03:00:00,-1.5,0.0,0.0,100
2026-02-05 04:00:00,-1.1,0.0,0.0,100
2026-02-05 05:00:00,-0.6,0.0,0.0,100
2026-02-05 06:00:00,0.1,0.0,0.0,100
2026-02-05 07:00:00,0.2,0.0,0.0,100
2026-02-05 08:00:00,-0.4,0.0,0.0,100
2026-02-05 09:00:00,-0.1,9.0,8.3,100
2026-02-05 10:00:00,0.8,81.0,98.0,100
2026-02-05 11:00:00,2.0,144.0,181.1,98
2026-02-05 12:00:00,3.1,145.0,146.1,100
2026-02-05 13:00:00,4.3,200.0,217.2,100
2026-02-05 14:00:00,3.4,132.0,122.5,100
2026-02-05 15:00:00,2.7,58.0,53.8,100
2026-02-05 16:00:00,2.6,61.0,56.6,100
2026-02-05 17:00:00,2.3,39.0,44.7,100
2026-02-05 18:00:00,1.8,8.0,12.0,99
2026-02-05 19:00:00,1.3,0.0,0.0,100
2026-02-05 20:00:00,1.5,0.0,0.0,24
2026-02-05 21:00:00,0.8,0.0,0.0,98
2026-02-05 22:00:00,0.9,0.0,0.0,100
2026-02-05 23:00:00,1.1,0.0,0.0,100
2026-02-06 00:00:00,1.2,0.0,0.0,99
2026-02-06 01:00:00,0.9,0.0,0.0,85
2026-02-06 02:00:00,1.1,0.0,0.0,89
2026-02-06 03:00:00,0.6,0.0,0.0,100
2026-02-06 04:00:00,1.0,0.0,0.0,100
2026-02-06 05:00:00,1.0,0.0,0.0,57
2026-02-06 06:00:00,0.2,0.0,0.0,89
2026-02-06 07:00:00,0.2,0.0,0.0,100
2026-02-06 08:00:00,0.4,0.0,0.0,100
2026-02-06 09:00:00,0.7,9.0,8.3,98
2026-02-06 10:00:00,1.7,90.0,127.8,70
2026-02-06 11:00:00,3.6,228.0,413.5,97
2026-02-06 12:00:00,4.4,178.0,226.0,100
2026-02-06 13:00:00,4.6,131.0,126.3,100
2026-02-06 14:00:00,5.0,135.0,132.4,96
2026-02-06 15:00:00,6.0,257.0,434.3,55
2026-02-06 16:00:00,5.9,202.0,372.1,48
2026-02-06 17:00:00,4.5,102.0,193.7,51
2026-02-06 18:00:00,3.3,15.0,31.2,59
2026-02-06 19:00:00,2.7,0.0,0.0,98
2026-02-06 20:00:00,2.3,0.0,0.0,100
2026-02-06 21:00:00,1.9,0.0,0.0,100
2026-02-06 22:00:00,1.8,0.0,0.0,100
2026-02-06 23:00:00,1.8,0.0,0.0,100
2026-02-07 00:00:00,1.6,0.0,0.0,100
2026-02-07 01:00:00,1.2,0.0,0.0,100
2026-02-07 02:00:00,1.6,0.0,0.0,100
2026-02-07 03:00:00,1.4,0.0,0.0,100
2026-02-07 04:00:00,1.0,0.0,0.0,100
2026-02-07 05:00:00,0.8,0.0,0.0,100
2026-02-07 06:00:00,0.8,0.0,0.0,100
2026-02-07 07:00:00,0.9,0.0,0.0,100
2026-02-07 08:00:00,1.2,0.0,0.0,100
2026-02-07 09:00:00,1.3,3.0,2.8,100
2026-02-07 10:00:00,1.6,17.0,15.8,100
2026-02-07 11:00:00,2.0,35.0,32.5,100
2026-02-07 12:00:00,2.5,73.0,67.7,100
2026-02-07 13:00:00,2.6,68.0,64.3,100
2026-02-07 14:00:00,2.8,78.0,73.5,100
2026-02-07 15:00:00,3.3,82.0,77.3,100
2026-02-07 16:00:00,3.3,54.0,50.1,100
2026-02-07 17:00:00,2.6,23.0,23.3,100
2026-02-07 18:00:00,2.1,4.0,3.7,100
2026-02-07 19:00:00,1.9,0.0,0.0,100
2026-02-07 20:00:00,2.4,0.0,0.0,100
2026-02-07 21:00:00,2.0,0.0,0.0,100
2026-02-07 22:00:00,1.8,0.0,0.0,100
2026-02-07 23:00:00,1.7,0.0,0.0,100
2026-02-08 00:00:00,1.4,0.0,0.0,100
2026-02-08 01:00:00,1.3,0.0,0.0,100
2026-02-08 02:00:00,1.1,0.0,0.0,100
2026-02-08 03:00:00,0.8,0.0,0.0,100
2026-02-08 04:00:00,0.5,0.0,0.0,100
2026-02-08 05:00:00,0.4,0.0,0.0,100
2026-02-08 06:00:00,0.3,0.0,0.0,100
2026-02-08 07:00:00,0.3,0.0,0.0,100
2026-02-08 08:00:00,0.3,0.0,0.0,100
2026-02-08 09:00:00,0.5,8.0,7.4,100
2026-02-08 10:00:00,0.8,33.0,30.6,100
2026-02-08 11:00:00,1.0,58.0,53.8,100
2026-02-08 12:00:00,1.0,61.0,56.6,100
2026-02-08 13:00:00,1.2,78.0,72.4,100
2026-02-08 14:00:00,1.7,121.0,113.4,100
2026-02-08 15:00:00,1.9,77.0,71.4,100
2026-02-08 16:00:00,1.9,67.0,62.2,100
2026-02-08 17:00:00,1.7,34.0,31.5,100
2026-02-08 18:00:00,1.2,6.0,5.6,100
2026-02-08 19:00:00,0.9,0.0,0.0,100
2026-02-08 20:00:00,0.7,0.0,0.0,100
2026-02-08 21:00:00,0.5,0.0,0.0,100
2026-02-08 22:00:00,0.1,0.0,0.0,100
2026-02-08 23:00:00,-0.5,0.0,0.0,100
2026-02-09 00:00:00,-0.9,0.0,0.0,100
2026-02-09 01:00:00,-1.3,0.0,0.0,100
2026-02-09 02:00:00,-1.9,0.0,0.0,100
2026-02-09 03:00:00,-2.0,0.0,0.0,100
2026-02-09 04:00:00,-2.1,0.0,0.0,100
2026-02-09 05:00:00,-2.2,0.0,0.0,100
2026-02-09 06:00:00,-2.2,0.0,0.0,100
2026-02-09 07:00:00,-2.3,0.0,0.0,100
2026-02-09 08:00:00,-2.2,0.0,0.0,100
2026-02-09 09:00:00,-2.6,13.0,22.9,100
2026-02-09 10:00:00,-2.7,69.0,67.7,100
2026-02-09 11:00:00,-2.5,148.0,159.1,100
2026-02-09 12:00:00,-1.6,240.0,288.9,99
2026-02-09 13:00:00,-1.4,232.0,256.4,95
2026-02-09 14:00:00,-1.8,253.0,306.9,88
2026-02-09 15:00:00,-1.5,221.0,279.9,100
2026-02-09 16:00:00,-1.7,117.0,144.3,100
2026-02-09 17:00:00,-1.8,71.0,86.4,100
2026-02-09 18:00:00,-2.4,16.0,22.3,7
2026-02-09 19:00:00,-3.6,0.0,0.0,3
2026-02-09 20:00:00,-3.7,0.0,0.0,5
2026-02-09 21:00:00,-3.9,0.0,0.0,22
2026-02-09 22:00:00,-3.8,0.0,0.0,100
2026-02-09 23:00:00,-3.3,0.0,0.0,71
2026-02-10 00:00:00,-3.6,0.0,0.0,64
2026-02-10 01:00:00,-4.0,0.0,0.0,6
2026-02-10 02:00:00,-3.9,0.0,0.0,25
2026-02-10 03:00:00,-3.7,0.0,0.0,45
2026-02-10 04:00:00,-3.4,0.0,0.0,97
2026-02-10 05:00:00,-2.5,0.0,0.0,75
2026-02-10 06:00:00,-2.4,0.0,0.0,98
2026-02-10 07:00:00,-1.9,0.0,0.0,98
2026-02-10 08:00:00,-1.6,0.0,0.0,100
2026-02-10 09:00:00,-0.7,5.0,4.6,100
2026-02-10 10:00:00,0.0,30.0,27.8,94
2026-02-10 11:00:00,1.4,104.0,117.9,94
2026-02-10 12:00:00,3.2,182.0,258.8,89
2026-02-10 13:00:00,4.4,160.0,198.0,98
2026-02-10 14:00:00,5.3,223.0,291.5,76
2026-02-10 15:00:00,6.5,256.0,373.9,84
2026-02-10 16:00:00,6.1,184.0,268.9,91
2026-02-10 17:00:00,4.8,73.0,80.4,100
2026-02-10 18:00:00,4.0,14.0,13.0,98
2026-02-10 19:00:00,3.1,0.0,0.0,100
2026-02-10 20:00:00,2.6,0.0,0.0,100
2026-02-10 21:00:00,2.2,0.0,0.0,100
2026-02-10 22:00:00,1.9,0.0,0.0,61
2026-02-10 23:00:00,1.7,0.0,0.0,77
2026-02-11 00:00:00,1.7,0.0,0.0,90
2026-02-11 01:00:00,1.5,0.0,0.0,84
2026-02-11 02:00:00,1.4,0.0,0.0,38
2026-02-11 03:00:00,1.5,0.0,0.0,60
2026-02-11 04:00:00,1.5,0.0,0.0,95
2026-02-11 05:00:00,1.4,0.0,0.0,97
2026-02-11 06:00:00,1.4,0.0,0.0,100
2026-02-11 07:00:00,2.0,0.0,0.0,98
2026-02-11 08:00:00,2.3,0.0,0.0,99
2026-02-11 09:00:00,2.9,20.0,25.2,99
2026-02-11 10:00:00,4.0,92.0,100.9,100
2026-02-11 11:00:00,4.9,151.0,161.0,88
2026-02-11 12:00:00,5.8,285.0,433.1,88
2026-02-11 13:00:00,6.4,337.0,516.8,100
2026-02-11 14:00:00,6.6,229.0,297.9,100
2026-02-11 15:00:00,6.2,130.0,133.4,100
2026-02-11 16:00:00,6.2,130.0,136.4,100
2026-02-11 17:00:00,5.5,87.0,110.5,100
2026-02-11 18:00:00,4.4,17.0,19.2,100
2026-02-11 19:00:00,3.3,0.0,0.0,100
2026-02-11 20:00:00,4.2,0.0,0.0,100
2026-02-11 21:00:00,4.1,0.0,0.0,100
2026-02-11 22:00:00,4.4,0.0,0.0,100
2026-02-11 23:00:00,4.8,0.0,0.0,100
2026-02-12 00:00:00,5.2,0.0,0.0,100
2026-02-12 01:00:00,5.4,0.0,0.0,100
2026-02-12 02:00:00,5.6,0.0,0.0,98
2026-02-12 03:00:00,5.1,0.0,0.0,100
2026-02-12 04:00:00,5.2,0.0,0.0,100
2026-02-12 05:00:00,5.2,0.0,0.0,100
2026-02-12 06:00:00,5.1,0.0,0.0,100
2026-02-12 07:00:00,5.1,0.0,0.0,100
2026-02-12 08:00:00,6.0,0.0,0.0,69
2026-02-12 09:00:00,5.7,31.0,63.7,67
2026-02-12 10:00:00,6.7,104.0,153.3,95
2026-02-12 11:00:00,7.8,207.0,315.2,31
2026-02-12 12:00:00,9.4,325.0,545.1,30
2026-02-12 13:00:00,10.8,383.0,663.3,22
2026-02-12 14:00:00,11.3,421.0,776.4,98
2026-02-12 15:00:00,11.9,356.0,636.3,100
2026-02-12 16:00:00,11.3,210.0,301.8,100
2026-02-12 17:00:00,9.8,63.0,68.6,92
2026-02-12 18:00:00,8.7,24.0,38.6,100
2026-02-12 19:00:00,8.3,0.0,0.0,100
2026-02-12 20:00:00,7.8,0.0,0.0,99
2026-02-12 21:00:00,7.8,0.0,0.0,100
2026-02-12 22:00:00,6.8,0.0,0.0,96
2026-02-12 23:00:00,6.2,0.0,0.0,49
2026-02-13 00:00:00,6.3,0.0,0.0,55
2026-02-13 01:00:00,5.9,0.0,0.0,82
2026-02-13 02:00:00,6.2,0.0,0.0,98
2026-02-13 03:00:00,5.9,0.0,0.0,100
2026-02-13 04:00:00,5.1,0.0,0.0,97
2026-02-13 05:00:00,4.7,0.0,0.0,100
2026-02-13 06:00:00,5.1,0.0,0.0,100
2026-02-13 07:00:00,4.9,0.0,0.0,100
2026-02-13 08:00:00,5.4,0.0,0.0,99
2026-02-13 09:00:00,5.4,23.0,36.6,77
2026-02-13 10:00:00,6.4,123.0,211.4,100
2026-02-13 11:00:00,7.2,167.0,206.4,51
2026-02-13 12:00:00,8.4,346.0,594.1,38
2026-02-13 13:00:00,9.2,367.0,632.9,26
2026-02-13 14:00:00,9.0,354.0,607.0,72
2026-02-13 15:00:00,8.6,248.0,388.9,45
2026-02-13 16:00:00,8.9,233.0,410.5,79
2026-02-13 17:00:00,7.3,92.0,152.8,85
2026-02-13 18:00:00,5.9,20.0,40.4,86
2026-02-13 19:00:00,5.0,0.0,0.0,96
2026-02-13 20:00:00,4.4,0.0,0.0,98
2026-02-13 21:00:00,3.7,0.0,0.0,100
2026-02-13 22:00:00,4.2,0.0,0.0,100
2026-02-13 23:00:00,3.8,0.0,0.0,100
2026-02-14 00:00:00,2.9,0.0,0.0,13
2026-02-14 01:00:00,1.3,0.0,0.0,100
2026-02-14 02:00:00,2.8,0.0,0.0,100
2026-02-14 03:00:00,2.7,0.0,0.0,100
2026-02-14 04:00:00,2.4,0.0,0.0,100
2026-02-14 05:00:00,1.8,0.0,0.0,100
2026-02-14 06:00:00,1.9,0.0,0.0,100
2026-02-14 07:00:00,1.8,0.0,0.0,99
2026-02-14 08:00:00,1.8,0.0,0.0,100
2026-02-14 09:00:00,2.0,22.0,20.4,100
2026-02-14 10:00:00,2.1,44.0,44.0,100
2026-02-14 11:00:00,2.0,64.0,59.4,100
2026-02-14 12:00:00,2.5,109.0,101.1,100
2026-02-14 13:00:00,2.9,123.0,114.1,100
2026-02-14 14:00:00,2.6,141.0,134.0,100
2026-02-14 15:00:00,2.8,94.0,87.2,100
2026-02-14 16:00:00,2.6,53.0,49.2,100
2026-02-14 17:00:00,1.9,38.0,35.3,100
2026-02-14 18:00:00,1.2,6.0,5.6,100
2026-02-14 19:00:00,0.8,0.0,0.0,100
2026-02-14 20:00:00,0.3,0.0,0.0,100
2026-02-14 21:00:00,-0.3,0.0,0.0,100
2026-02-14 22:00:00,-0.9,0.0,0.0,100
2026-02-14 23:00:00,-1.4,0.0,0.0,100
2026-02-15 00:00:00,-2.0,0.0,0.0,100
2026-02-15 01:00:00,-2.3,0.0,0.0,100
2026-02-15 02:00:00,-2.3,0.0,0.0,100
2026-02-15 03:00:00,-2.5,0.0,0.0,100
2026-02-15 04:00:00,-2.5,0.0,0.0,100
2026-02-15 05:00:00,-2.5,0.0,0.0,100
2026-02-15 06:00:00,-2.5,0.0,0.0,100
2026-02-15 07:00:00,-2.7,0.0,0.0,100
2026-02-15 08:00:00,-2.9,0.0,0.0,100
2026-02-15 09:00:00,-3.3,25.0,23.2,100
2026-02-15 10:00:00,-3.2,110.0,103.6,100
2026-02-15 11:00:00,-3.6,180.0,169.4,100
2026-02-15 12:00:00,-3.4,246.0,235.8,100
2026-02-15 13:00:00,-3.4,257.0,264.4,100
2026-02-15 14:00:00,-3.5,247.0,246.8,100
2026-02-15 15:00:00,-3.7,249.0,254.9,100
2026-02-15 16:00:00,-4.1,178.0,177.2,100
2026-02-15 17:00:00,-4.4,110.0,120.6,100
2026-02-15 18:00:00,-4.8,29.0,38.3,100
2026-02-15 19:00:00,-5.2,0.0,0.0,100
2026-02-15 20:00:00,-5.3,0.0,0.0,100
2026-02-15 21:00:00,-5.4,0.0,0.0,100
2026-02-15 22:00:00,-5.7,0.0,0.0,100
2026-02-15 23:00:00,-6.1,0.0,0.0,100
2026-02-16 00:00:00,-6.4,0.0,0.0,100
2026-02-16 01:00:00,-6.7,0.0,0.0,100
2026-02-16 02:00:00,-6.9,0.0,0.0,100
2026-02-16 03:00:00,-7.1,0.0,0.0,99
2026-02-16 04:00:00,-7.3,0.0,0.0,65
2026-02-16 05:00:00,-8.0,0.0,0.0,95
2026-02-16 06:00:00,-7.7,0.0,0.0,100
2026-02-16 07:00:00,-7.6,0.0,0.0,100
2026-02-16 08:00:00,-8.1,0.0,0.0,100
2026-02-16 09:00:00,-8.4,44.0,56.8,100
2026-02-16 10:00:00,-8.4,173.0,228.5,100
2026-02-16 11:00:00,-7.6,290.0,376.2,100
2026-02-16 12:00:00,-6.6,291.0,287.0,100
2026-02-16 13:00:00,-5.8,335.0,334.3,100
2026-02-16 14:00:00,-4.8,233.0,218.2,100
2026-02-16 15:00:00,-5.0,186.0,175.7,100
2026-02-16 16:00:00,-5.0,112.0,107.4,100
2026-02-16 17:00:00,-4.9,69.0,64.0,100
2026-02-16 18:00:00,-4.8,12.0,11.1,100
2026-02-16 19:00:00,-4.6,0.0,0.0,100
2026-02-16 20:00:00,-4.4,0.0,0.0,100
2026-02-16 21:00:00,-4.1,0.0,0.0,100
2026-02-16 22:00:00,-3.9,0.0,0.0,100
2026-02-16 23:00:00,-3.3,0.0,0.0,100
2026-02-17 00:00:00,-2.5,0.0,0.0,100
2026-02-17 01:00:00,-1.7,0.0,0.0,100
2026-02-17 02:00:00,-1.6,0.0,0.0,100
2026-02-17 03:00:00,-1.3,0.0,0.0,100
2026-02-17 04:00:00,-1.4,0.0,0.0,49
2026-02-17 05:00:00,-2.7,0.0,0.0,100
2026-02-17 06:00:00,-2.0,0.0,0.0,100
2026-02-17 07:00:00,-2.3,0.0,0.0,100
2026-02-17 08:00:00,-2.2,0.0,0.0,100
2026-02-17 09:00:00,-1.7,27.0,25.0,100
2026-02-17 10:00:00,-0.6,114.0,118.7,100
2026-02-17 11:00:00,-0.1,180.0,169.3,100
2026-02-17 12:00:00,0.1,199.0,187.7,100
2026-02-17 13:00:00,0.5,261.0,248.2,100
2026-02-17 14:00:00,1.0,275.0,271.2,100
2026-02-17 15:00:00,1.2,369.0,490.2,88
2026-02-17 16:00:00,1.2,228.0,276.4,97
2026-02-17 17:00:00,0.8,142.0,188.4,91
2026-02-17 18:00:00,0.1,35.0,56.0,100
2026-02-17 19:00:00,-0.1,0.0,0.0,98
2026-02-17 20:00:00,0.3,0.0,0.0,88
2026-02-17 21:00:00,-0.1,0.0,0.0,95
2026-02-17 22:00:00,-1.5,0.0,0.0,100
2026-02-17 23:00:00,-1.8,0.0,0.0,100
2026-02-18 00:00:00,-1.6,0.0,0.0,98
2026-02-18 01:00:00,-2.2,0.0,0.0,75
2026-02-18 02:00:00,-1.3,0.0,0.0,100
2026-02-18 03:00:00,-0.3,0.0,0.0,96
2026-02-18 04:00:00,-0.4,0.0,0.0,91
2026-02-18 05:00:00,-1.3,0.0,0.0,74
2026-02-18 06:00:00,-0.9,0.0,0.0,100
2026-02-18 07:00:00,-0.8,0.0,0.0,100
2026-02-18 08:00:00,-0.6,0.0,0.0,100
2026-02-18 09:00:00,-0.3,29.0,29.3,100
2026-02-18 10:00:00,0.4,76.0,70.5,100
2026-02-18 11:00:00,0.8,185.0,197.6,100
2026-02-18 12:00:00,1.1,326.0,403.2,92
2026-02-18 13:00:00,1.2,272.0,311.8,84
2026-02-18 14:00:00,1.1,352.0,438.5,98
2026-02-18 15:00:00,1.2,216.0,232.3,64
2026-02-18 16:00:00,1.1,252.0,366.4,95
2026-02-18 17:00:00,0.6,138.0,181.6,91
2026-02-18 18:00:00,0.1,30.0,32.8,82
2026-02-18 19:00:00,-1.0,0.0,0.0,99
2026-02-18 20:00:00,-1.8,0.0,0.0,100
2026-02-18 21:00:00,-1.0,0.0,0.0,100
2026-02-18 22:00:00,-0.8,0.0,0.0,100
2026-02-18 23:00:00,-1.0,0.0,0.0,100
2026-02-19 00:00:00,-1.4,0.0,0.0,100
2026-02-19 01:00:00,-1.8,0.0,0.0,100
2026-02-19 02:00:00,-2.9,0.0,0.0,100
2026-02-19 03:00:00,-3.0,0.0,0.0,27
2026-02-19 04:00:00,-5.7,0.0,0.0,41
2026-02-19 05:00:00,-6.6,0.0,0.0,82
2026-02-19 06:00:00,-6.0,0.0,0.0,80
2026-02-19 07:00:00,-6.3,0.0,0.0,98
2026-02-19 08:00:00,-5.9,0.0,0.0,100
2026-02-19 09:00:00,-5.2,43.0,51.6,100
2026-02-19 10:00:00,-4.6,169.0,229.6,100
2026-02-19 11:00:00,-2.8,300.0,427.4,100
2026-02-19 12:00:00,-1.6,422.0,673.3,100
2026-02-19 13:00:00,-0.8,442.0,636.1,100
2026-02-19 14:00:00,-0.6,430.0,586.1,100
2026-02-19 15:00:00,-0.5,322.0,357.4,100
2026-02-19 16:00:00,-0.6,236.0,267.8,100
2026-02-19 17:00:00,-1.1,125.0,129.6,100
2026-02-19 18:00:00,-1.9,37.0,36.7,100
2026-02-19 19:00:00,-2.7,0.0,0.0,100
2026-02-19 20:00:00,-2.9,0.0,0.0,87
2026-02-19 21:00:00,-4.3,0.0,0.0,3
2026-02-19 22:00:00,-5.5,0.0,0.0,2
2026-02-19 23:00:00,-6.2,0.0,0.0,57
2026-02-20 00:00:00,-6.8,0.0,0.0,19
2026-02-20 01:00:00,-7.3,0.0,0.0,75
2026-02-20 02:00:00,-7.8,0.0,0.0,98
2026-02-20 03:00:00,-8.4,0.0,0.0,99
2026-02-20 04:00:00,-8.8,0.0,0.0,100
2026-02-20 05:00:00,-9.0,0.0,0.0,80
2026-02-20 06:00:00,-9.1,0.0,0.0,100
2026-02-20 07:00:00,-9.4,0.0,0.0,95
2026-02-20 08:00:00,-8.9,1.0,0.0,98
2026-02-20 09:00:00,-8.2,64.0,101.9,100
2026-02-20 10:00:00,-6.7,180.0,239.0,100
2026-02-20 11:00:00,-5.4,243.0,267.6,100
2026-02-20 12:00:00,-4.3,374.0,485.8,100
2026-02-20 13:00:00,-3.5,492.0,795.7,100
2026-02-20 14:00:00,-2.6,508.0,859.6,1
2026-02-20 15:00:00,-2.6,454.0,782.1,2
2026-02-20 16:00:00,-2.5,349.0,614.9,34
2026-02-20 17:00:00,-2.7,208.0,377.5,78
2026-02-20 18:00:00,-3.6,62.0,121.7,98
2026-02-20 19:00:00,-4.1,0.0,0.0,99
2026-02-20 20:00:00,-4.2,0.0,0.0,100
2026-02-20 21:00:00,-5.0,0.0,0.0,55
2026-02-20 22:00:00,-5.5,0.0,0.0,0
2026-02-20 23:00:00,-5.8,0.0,0.0,0
2026-02-21 00:00:00,-6.0,0.0,0.0,0
2026-02-21 01:00:00,-6.2,0.0,0.0,0
2026-02-21 02:00:00,-7.2,0.0,0.0,21
2026-02-21 03:00:00,-7.9,0.0,0.0,88
2026-02-21 04:00:00,-8.6,0.0,0.0,98
2026-02-21 05:00:00,-9.6,0.0,0.0,100
2026-02-21 06:00:00,-9.6,0.0,0.0,100
2026-02-21 07:00:00,-9.3,0.0,0.0,100
2026-02-21 08:00:00,-7.6,1.0,0.0,100
2026-02-21 09:00:00,-5.9,64.0,100.1,99
2026-02-21 10:00:00,-3.8,153.0,180.0,98
2026-02-21 11:00:00,-1.8,257.0,325.1,100
2026-02-21 12:00:00,0.0,373.0,526.3,100
2026-02-21 13:00:00,0.5,245.0,246.1,100
2026-02-21 14:00:00,0.6,167.0,160.6,100
2026-02-21 15:00:00,0.3,157.0,145.6,100
2026-02-21 16:00:00,0.7,180.0,187.2,100
2026-02-21 17:00:00,1.0,62.0,57.5,100
2026-02-21 18:00:00,1.1,17.0,15.8,100
2026-02-21 19:00:00,1.2,0.0,0.0,100
2026-02-21 20:00:00,1.4,0.0,0.0,36
2026-02-21 21:00:00,0.7,0.0,0.0,42
2026-02-21 22:00:00,0.5,0.0,0.0,41
2026-02-21 23:00:00,0.4,0.0,0.0,45
2026-02-22 00:00:00,0.4,0.0,0.0,7
2026-02-22 01:00:00,0.4,0.0,0.0,24
2026-02-22 02:00:00,1.6,0.0,0.0,27
2026-02-22 03:00:00,1.1,0.0,0.0,9
2026-02-22 04:00:00,0.8,0.0,0.0,77
2026-02-22 05:00:00,0.8,0.0,0.0,46
2026-02-22 06:00:00,0.5,0.0,0.0,77
2026-02-22 07:00:00,0.5,0.0,0.0,100
2026-02-22 08:00:00,1.3,1.0,0.9,100
2026-02-22 09:00:00,2.0,62.0,100.4,100
2026-02-22 10:00:00,2.7,77.0,81.3,100
2026-02-22 11:00:00,3.4,101.0,93.7,100
2026-02-22 12:00:00,3.9,88.0,82.6,100
2026-02-22 13:00:00,4.3,124.0,118.7,100
2026-02-22 14:00:00,5.2,154.0,148.4,100
2026-02-22 15:00:00,5.1,136.0,137.7,100
2026-02-22 16:00:00,4.8,107.0,99.3,100
2026-02-22 17:00:00,4.5,48.0,44.5,100
2026-02-22 18:00:00,4.3,7.0,6.5,100
2026-02-22 19:00:00,4.3,0.0,0.0,100
2026-02-22 20:00:00,4.9,0.0,0.0,100
2026-02-22 21:00:00,5.0,0.0,0.0,100
2026-02-22 22:00:00,5.0,0.0,0.0,100
2026-02-22 23:00:00,5.2,0.0,0.0,100
2026-02-23 00:00:00,5.3,0.0,0.0,100
2026-02-23 01:00:00,5.4,0.0,0.0,100
2026-02-23 02:00:00,5.5,0.0,0.0,100
2026-02-23 03:00:00,5.0,0.0,0.0,100
2026-02-23 04:00:00,4.6,0.0,0.0,100
2026-02-23 05:00:00,4.5,0.0,0.0,100
2026-02-23 06:00:00,4.3,0.0,0.0,100
2026-02-23 07:00:00,4.3,0.0,0.0,100
2026-02-23 08:00:00,4.8,0.0,0.0,100
2026-02-23 09:00:00,5.4,26.0,24.1,100
2026-02-23 10:00:00,6.2,74.0,71.0,100
2026-02-23 11:00:00,7.2,146.0,144.6,61
2026-02-23 12:00:00,8.8,370.0,572.6,33
2026-02-23 13:00:00,9.9,436.0,708.1,46
2026-02-23 14:00:00,9.1,401.0,633.8,91
2026-02-23 15:00:00,9.4,349.0,553.6,93
2026-02-23 16:00:00,8.3,288.0,459.7,95
2026-02-23 17:00:00,7.5,130.0,193.5,77
2026-02-23 18:00:00,6.2,59.0,99.0,4
2026-02-23 19:00:00,5.2,1.0,0.0,70
2026-02-23 20:00:00,4.5,0.0,0.0,34
2026-02-23 21:00:00,3.9,0.0,0.0,72
2026-02-23 22:00:00,3.3,0.0,0.0,98
2026-02-23 23:00:00,3.1,0.0,0.0,100
2026-02-24 00:00:00,2.4,0.0,0.0,100
2026-02-24 01:00:00,3.0,0.0,0.0,100
2026-02-24 02:00:00,3.4,0.0,0.0,100
2026-02-24 03:00:00,2.8,0.0,0.0,100
2026-02-24 04:00:00,3.0,0.0,0.0,100
2026-02-24 05:00:00,3.4,0.0,0.0,100
2026-02-24 06:00:00,3.5,0.0,0.0,100
2026-02-24 07:00:00,3.1,0.0,0.0,100
2026-02-24 08:00:00,3.7,1.0,0.9,100
2026-02-24 09:00:00,3.7,16.0,14.8,99
2026-02-24 10:00:00,4.5,78.0,80.5,100
2026-02-24 11:00:00,4.3,138.0,141.9,84
2026-02-24 12:00:00,5.6,216.0,261.3,100
2026-02-24 13:00:00,5.7,157.0,158.2,95
2026-02-24 14:00:00,4.6,143.0,152.4,98
2026-02-24 15:00:00,5.5,229.0,274.4,100
2026-02-24 16:00:00,5.3,86.0,85.8,35
2026-02-24 17:00:00,5.4,164.0,268.9,46
2026-02-24 18:00:00,4.6,51.0,85.9,100
2026-02-24 19:00:00,4.1,1.0,0.0,100
2026-02-24 20:00:00,3.5,0.0,0.0,100
2026-02-24 21:00:00,4.2,0.0,0.0,100
2026-02-24 22:00:00,3.8,0.0,0.0,25
2026-02-24 23:00:00,2.8,0.0,0.0,27
2026-02-25 00:00:00,2.3,0.0,0.0,100
2026-02-25 01:00:00,2.3,0.0,0.0,100
2026-02-25 02:00:00,2.6,0.0,0.0,100
2026-02-25 03:00:00,2.8,0.0,0.0,100
2026-02-25 04:00:00,2.6,0.0,0.0,100
2026-02-25 05:00:00,2.6,0.0,0.0,100
2026-02-25 06:00:00,2.4,0.0,0.0,100
2026-02-25 07:00:00,2.3,0.0,0.0,91
2026-02-25 08:00:00,2.6,2.0,1.9,100
2026-02-25 09:00:00,3.0,20.0,18.6,100
2026-02-25 10:00:00,3.1,39.0,36.2,100
2026-02-25 11:00:00,3.9,104.0,102.3,100
2026-02-25 12:00:00,4.7,174.0,176.8,100
2026-02-25 13:00:00,5.0,195.0,196.8,100
2026-02-25 14:00:00,4.9,161.0,154.6,100
2026-02-25 15:00:00,4.2,129.0,126.9,100
2026-02-25 16:00:00,3.6,96.0,91.0,100
2026-02-25 17:00:00,3.1,63.0,68.8,100
2026-02-25 18:00:00,2.6,30.0,29.7,99
2026-02-25 19:00:00,1.8,1.0,0.9,98
2026-02-25 20:00:00,1.9,0.0,0.0,50
2026-02-25 21:00:00,1.0,0.0,0.0,5
2026-02-25 22:00:00,-0.4,0.0,0.0,0
2026-02-25 23:00:00,-0.9,0.0,0.0,0
2026-02-26 00:00:00,-1.1,0.0,0.0,0
2026-02-26 01:00:00,-1.4,0.0,0.0,0
2026-02-26 02:00:00,-1.6,0.0,0.0,0
2026-02-26 03:00:00,-1.8,0.0,0.0,0
2026-02-26 04:00:00,-1.9,0.0,0.0,0
2026-02-26 05:00:00,-2.0,0.0,0.0,0
2026-02-26 06:00:00,-2.1,0.0,0.0,0
2026-02-26 07:00:00,-2.3,0.0,0.0,0
2026-02-26 08:00:00,-2.3,5.0,8.3,0
2026-02-26 09:00:00,-1.2,96.0,186.6,51
2026-02-26 10:00:00,1.0,237.0,408.5,73
2026-02-26 11:00:00,3.6,367.0,609.5,45
2026-02-26 12:00:00,5.6,460.0,754.5,53
2026-02-26 13:00:00,7.2,511.0,841.9,15
2026-02-26 14:00:00,7.8,509.0,843.7,16
2026-02-26 15:00:00,8.7,454.0,755.1,33
2026-02-26 16:00:00,8.8,352.0,591.3,45
2026-02-26 17:00:00,7.5,222.0,387.4,7
2026-02-26 18:00:00,4.3,81.0,158.0,0
2026-02-26 19:00:00,3.4,2.0,6.1,37
2026-02-26 20:00:00,2.5,0.0,0.0,82
2026-02-26 21:00:00,2.6,0.0,0.0,96
2026-02-26 22:00:00,3.5,0.0,0.0,23
2026-02-26 23:00:00,3.1,0.0,0.0,100
2026-02-27 00:00:00,2.7,0.0,0.0,3
2026-02-27 01:00:00,2.5,0.0,0.0,0
2026-02-27 02:00:00,2.3,0.0,0.0,0
2026-02-27 03:00:00,2.2,0.0,0.0,0
2026-02-27 04:00:00,2.1,0.0,0.0,0
2026-02-27 05:00:00,1.9,0.0,0.0,0
2026-02-27 06:00:00,2.0,0.0,0.0,16
2026-02-27 07:00:00,2.0,0.0,0.0,38
2026-02-27 08:00:00,1.9,5.0,11.4,1
2026-02-27 09:00:00,3.5,96.0,181.5,48
2026-02-27 10:00:00,5.5,239.0,412.5,98
2026-02-27 11:00:00,7.2,362.0,593.6,98
2026-02-27 12:00:00,9.0,458.0,748.6,76
2026-02-27 13:00:00,10.7,511.0,838.4,55
2026-02-27 14:00:00,11.9,505.0,824.5,98
2026-02-27 15:00:00,12.4,449.0,733.1,88
2026-02-27 16:00:00,12.5,350.0,576.5,34
2026-02-27 17:00:00,11.8,223.0,383.2,51
2026-02-27 18:00:00,9.6,83.0,158.8,98
2026-02-27 19:00:00,8.0,3.0,6.6,99
2026-02-27 20:00:00,8.0,0.0,0.0,100
2026-02-27 21:00:00,7.8,0.0,0.0,100
2026-02-27 22:00:00,6.8,0.0,0.0,41
2026-02-27 23:00:00,5.8,0.0,0.0,0
2026-02-28 00:00:00,5.0,0.0,0.0,0
2026-02-28 01:00:00,4.4,0.0,0.0,2
2026-02-28 02:00:00,4.3,0.0,0.0,0
2026-02-28 03:00:00,3.9,0.0,0.0,0
2026-02-28 04:00:00,3.5,0.0,0.0,0
2026-02-28 05:00:00,3.3,0.0,0.0,0
2026-02-28 06:00:00,3.1,0.0,0.0,2
2026-02-28 07:00:00,2.7,0.0,0.0,0
2026-02-28 08:00:00,2.5,7.0,12.7,0
2026-02-28 09:00:00,3.8,103.0,189.2,0
2026-02-28 10:00:00,5.9,248.0,423.8,0
2026-02-28 11:00:00,8.1,379.0,631.4,0
2026-02-28 12:00:00,10.0,474.0,779.3,0
2026-02-28 13:00:00,11.6,523.0,855.4,0
2026-02-28 14:00:00,13.1,520.0,850.3,0
2026-02-28 15:00:00,13.6,466.0,766.6,0
2026-02-28 16:00:00,13.6,367.0,611.8,0
2026-02-28 17:00:00,12.9,234.0,401.1,0
2026-02-28 18:00:00,10.6,89.0,167.9,0
2026-02-28 19:00:00,8.7,4.0,7.2,0
2026-02-28 20:00:00,8.2,0.0,0.0,0
2026-02-28 21:00:00,8.2,0.0,0.0,0
2026-02-28 22:00:00,7.6,0.0,0.0,0
2026-02-28 23:00:00,6.7,0.0,0.0,0
2026-03-01 00:00:00,6.1,0.0,0.0,0
2026-03-01 01:00:00,5.5,0.0,0.0,0
2026-03-01 02:00:00,5.7,0.0,0.0,2
2026-03-01 03:00:00,5.5,0.0,0.0,7
2026-03-01 04:00:00,5.2,0.0,0.0,5
2026-03-01 05:00:00,4.8,0.0,0.0,36
2026-03-01 06:00:00,4.6,0.0,0.0,60
2026-03-01 07:00:00,4.1,0.0,0.0,100
2026-03-01 08:00:00,3.8,6.0,5.6,18
2026-03-01 09:00:00,5.2,97.0,161.0,14
2026-03-01 10:00:00,7.0,229.0,363.6,34
2026-03-01 11:00:00,9.2,351.0,542.5,66
2026-03-01 12:00:00,10.6,433.0,646.6,95
2026-03-01 13:00:00,11.0,396.0,530.0,100
2026-03-01 14:00:00,12.2,354.0,437.5,28
2026-03-01 15:00:00,12.4,453.0,727.5,37
2026-03-01 16:00:00,12.3,359.0,584.4,97
2026-03-01 17:00:00,11.8,194.0,281.2,100
2026-03-01 18:00:00,10.1,64.0,75.6,96
2026-03-01 19:00:00,9.2,4.0,3.7,60
2026-03-01 20:00:00,8.4,0.0,0.0,100
2026-03-01 21:00:00,8.7,0.0,0.0,100
2026-03-01 22:00:00,7.9,0.0,0.0,100
2026-03-01 23:00:00,6.7,0.0,0.0,100
2026-03-02 00:00:00,5.5,0.0,0.0,100
2026-03-02 01:00:00,5.2,0.0,0.0,100
2026-03-02 02:00:00,5.6,0.0,0.0,100
2026-03-02 03:00:00,5.6,0.0,0.0,94
2026-03-02 04:00:00,4.9,0.0,0.0,19
2026-03-02 05:00:00,2.8,0.0,0.0,0
2026-03-02 06:00:00,2.3,0.0,0.0,0
2026-03-02 07:00:00,1.8,0.0,0.0,0
2026-03-02 08:00:00,1.5,9.0,13.6,2
2026-03-02 09:00:00,2.8,95.0,141.1,100
2026-03-02 10:00:00,5.3,220.0,318.7,100
2026-03-02 11:00:00,7.0,351.0,522.3,2
2026-03-02 12:00:00,8.8,479.0,768.8,9
2026-03-02 13:00:00,9.7,509.0,802.0,48
2026-03-02 14:00:00,9.7,493.0,765.5,23
2026-03-02 15:00:00,10.3,447.0,691.7,1
2026-03-02 16:00:00,10.3,367.0,589.3,2
2026-03-02 17:00:00,10.0,239.0,396.7,1
2026-03-02 18:00:00,8.3,95.0,168.0,0
2026-03-02 19:00:00,6.7,5.0,10.6,1
2026-03-02 20:00:00,6.9,0.0,0.0,0
2026-03-02 21:00:00,5.4,0.0,0.0,0
2026-03-02 22:00:00,4.3,0.0,0.0,0
2026-03-02 23:00:00,3.2,0.0,0.0,0
2026-03-03 00:00:00,2.7,0.0,0.0,0
2026-03-03 01:00:00,2.3,0.0,0.0,0
2026-03-03 02:00:00,2.2,0.0,0.0,0
2026-03-03 03:00:00,1.2,0.0,0.0,0
2026-03-03 04:00:00,0.6,0.0,0.0,0
2026-03-03 05:00:00,0.1,0.0,0.0,0
2026-03-03 06:00:00,-0.2,0.0,0.0,0
2026-03-03 07:00:00,-0.4,0.0,0.0,0
2026-03-03 08:00:00,0.0,11.0,19.9,19
2026-03-03 09:00:00,2.1,116.0,201.1,4
2026-03-03 10:00:00,5.2,263.0,432.8,3
2026-03-03 11:00:00,7.6,393.0,635.3,23
2026-03-03 12:00:00,9.4,486.0,778.7,0
2026-03-03 13:00:00,10.5,535.0,855.2,0
2026-03-03 14:00:00,11.9,531.0,848.6,16
2026-03-03 15:00:00,12.4,477.0,764.5,4
2026-03-03 16:00:00,12.4,378.0,611.6,0
2026-03-03 17:00:00,12.1,245.0,403.3,0
2026-03-03 18:00:00,9.8,100.0,174.1,0
2026-03-03 19:00:00,7.5,6.0,11.0,0
2026-03-03 20:00:00,6.6,0.0,0.0,0
2026-03-03 21:00:00,5.6,0.0,0.0,0
2026-03-03 22:00:00,5.1,0.0,0.0,0
2026-03-03 23:00:00,5.3,0.0,0.0,0
2026-03-04 00:00:00,5.2,0.0,0.0,0
2026-03-04 01:00:00,4.8,0.0,0.0,0
2026-03-04 02:00:00,4.3,0.0,0.0,0
2026-03-04 03:00:00,4.2,0.0,0.0,0
2026-03-04 04:00:00,3.6,0.0,0.0,0
2026-03-04 05:00:00,3.0,0.0,0.0,0
2026-03-04 06:00:00,2.7,0.0,0.0,0
2026-03-04 07:00:00,2.2,0.0,0.0,0
2026-03-04 08:00:00,2.0,12.0,22.4,0
2026-03-04 09:00:00,3.4,119.0,199.6,0
2026-03-04 10:00:00,5.6,264.0,427.7,0
2026-03-04 11:00:00,8.0,393.0,628.1,3
2026-03-04 12:00:00,10.2,487.0,773.1,13
2026-03-04 13:00:00,11.4,533.0,842.1,26
2026-03-04 14:00:00,12.6,529.0,835.4,10
2026-03-04 15:00:00,12.7,474.0,748.1,41
2026-03-04 16:00:00,12.5,372.0,585.5,66
2026-03-04 17:00:00,11.7,237.0,371.3,0
2026-03-04 18:00:00,9.7,101.0,171.2,16
2026-03-04 19:00:00,7.6,7.0,11.5,6
2026-03-04 20:00:00,7.7,0.0,0.0,8
2026-03-04 21:00:00,7.3,0.0,0.0,2
2026-03-04 22:00:00,6.3,0.0,0.0,0
2026-03-04 23:00:00,5.0,0.0,0.0,6
2026-03-05 00:00:00,3.5,0.0,0.0,0
2026-03-05 01:00:00,2.2,0.0,0.0,0
2026-03-05 02:00:00,1.9,0.0,0.0,5
2026-03-05 03:00:00,1.3,0.0,0.0,0
2026-03-05 04:00:00,0.5,0.0,0.0,2
2026-03-05 05:00:00,-0.1,0.0,0.0,5
2026-03-05 06:00:00,-0.5,0.0,0.0,0
2026-03-05 07:00:00,-0.8,0.0,0.0,0
2026-03-05 08:00:00,-0.6,15.0,26.4,20
2026-03-05 09:00:00,0.9,128.0,213.1,85
2026-03-05 10:00:00,3.0,276.0,442.9,48
2026-03-05 11:00:00,4.9,410.0,652.5,41
2026-03-05 12:00:00,6.4,508.0,804.4,11
2026-03-05 13:00:00,7.7,558.0,882.9,25
2026-03-05 14:00:00,8.9,555.0,878.0,0
2026-03-05 15:00:00,9.6,499.0,792.0,0
2026-03-05 16:00:00,9.8,397.0,634.4,0
2026-03-05 17:00:00,9.6,260.0,421.4,0
2026-03-05 18:00:00,7.7,110.0,185.5,7
2026-03-05 19:00:00,5.8,8.0,14.4,20
2026-03-05 20:00:00,4.6,0.0,0.0,91
2026-03-05 21:00:00,4.7,0.0,0.0,98
2026-03-05 22:00:00,3.9,0.0,0.0,100
2026-03-05 23:00:00,3.2,0.0,0.0,23
2026-03-06 00:00:00,2.2,0.0,0.0,0
2026-03-06 01:00:00,1.3,0.0,0.0,0
2026-03-06 02:00:00,0.7,0.0,0.0,0
2026-03-06 03:00:00,0.2,0.0,0.0,0
2026-03-06 04:00:00,-0.3,0.0,0.0,0
2026-03-06 05:00:00,-0.5,0.0,0.0,0
2026-03-06 06:00:00,-0.7,0.0,0.0,0
2026-03-06 07:00:00,-0.7,0.0,0.0,0
2026-03-06 08:00:00,-0.3,18.0,32.1,0
2026-03-06 09:00:00,1.6,139.0,231.1,0
2026-03-06 10:00:00,4.6,293.0,470.3,0
2026-03-06 11:00:00,7.6,428.0,679.7,0
2026-03-06 12:00:00,9.9,525.0,829.0,0
2026-03-06 13:00:00,11.3,574.0,904.0,0
2026-03-06 14:00:00,12.5,570.0,897.4,0
2026-03-06 15:00:00,13.0,513.0,810.0,0
2026-03-06 16:00:00,13.1,411.0,652.4,0
2026-03-06 17:00:00,12.3,272.0,437.4,0
2026-03-06 18:00:00,9.4,118.0,198.3,0
2026-03-06 19:00:00,6.2,10.0,17.8,0
2026-03-06 20:00:00,5.9,0.0,0.0,0
2026-03-06 21:00:00,5.6,0.0,0.0,0
2026-03-06 22:00:00,4.6,0.0,0.0,0
2026-03-06 23:00:00,3.8,0.0,0.0,0
2026-03-07 00:00:00,3.2,0.0,0.0,0
2026-03-07 01:00:00,2.7,0.0,0.0,0
2026-03-07 02:00:00,1.8,0.0,0.0,0
2026-03-07 03:00:00,1.3,0.0,0.0,0
2026-03-07 04:00:00,0.9,0.0,0.0,0
2026-03-07 05:00:00,0.5,0.0,0.0,0
2026-03-07 06:00:00,0.4,0.0,0.0,0
2026-03-07 07:00:00,0.2,0.0,0.0,0
2026-03-07 08:00:00,0.2,20.0,34.6,0
2026-03-07 09:00:00,2.0,145.0,236.3,0
2026-03-07 10:00:00,4.9,299.0,475.7,0
2026-03-07 11:00:00,8.2,433.0,682.5,0
2026-03-07 12:00:00,10.6,529.0,829.8,0
2026-03-07 13:00:00,12.0,578.0,904.6,0
2026-03-07 14:00:00,13.5,574.0,898.1,0
2026-03-07 15:00:00,14.2,518.0,812.6,0
2026-03-07 16:00:00,14.3,415.0,654.5,0
2026-03-07 17:00:00,13.7,276.0,439.5,0
2026-03-07 18:00:00,10.4,121.0,199.1,0
2026-03-07 19:00:00,7.2,11.0,18.1,0
2026-03-07 20:00:00,7.1,0.0,0.0,0
2026-03-07 21:00:00,6.3,0.0,0.0,0
2026-03-07 22:00:00,5.2,0.0,0.0,0
2026-03-07 23:00:00,4.5,0.0,0.0,0
2026-03-08 00:00:00,4.0,0.0,0.0,0
2026-03-08 01:00:00,3.5,0.0,0.0,0
2026-03-08 02:00:00,3.2,0.0,0.0,0
2026-03-08 03:00:00,2.7,0.0,0.0,5
2026-03-08 04:00:00,2.3,0.0,0.0,52
2026-03-08 05:00:00,2.1,0.0,0.0,74
2026-03-08 06:00:00,1.9,0.0,0.0,69
2026-03-08 07:00:00,1.6,0.0,0.0,5
2026-03-08 08:00:00,2.0,22.0,38.5,4
2026-03-08 09:00:00,4.1,149.0,238.6,8
2026-03-08 10:00:00,7.0,303.0,475.7,12
2026-03-08 11:00:00,9.6,436.0,678.8,66
2026-03-08 12:00:00,11.0,522.0,795.7,93
2026-03-08 13:00:00,11.7,562.0,843.2,80
2026-03-08 14:00:00,12.6,566.0,864.8,22
2026-03-08 15:00:00,12.7,515.0,794.2,8
2026-03-08 16:00:00,12.2,415.0,645.8,1
2026-03-08 17:00:00,11.0,276.0,433.6,1
2026-03-08 18:00:00,8.6,124.0,200.0,0
2026-03-08 19:00:00,6.5,12.0,20.2,1
2026-03-08 20:00:00,6.5,0.0,0.0,4
2026-03-08 21:00:00,6.3,0.0,0.0,32
2026-03-08 22:00:00,5.9,0.0,0.0,34
2026-03-08 23:00:00,5.4,0.0,0.0,15
2026-03-09 00:00:00,4.8,0.0,0.0,15
2026-03-09 01:00:00,4.2,0.0,0.0,0
2026-03-09 02:00:00,3.2,0.0,0.0,0
2026-03-09 03:00:00,2.7,0.0,0.0,0
2026-03-09 04:00:00,2.1,0.0,0.0,0
2026-03-09 05:00:00,1.5,0.0,0.0,0
2026-03-09 06:00:00,0.9,0.0,0.0,0
2026-03-09 07:00:00,0.5,0.0,0.0,0
2026-03-09 08:00:00,1.2,25.0,41.5,0
2026-03-09 09:00:00,3.7,153.0,242.7,0
2026-03-09 10:00:00,7.2,307.0,478.3,0
2026-03-09 11:00:00,10.2,439.0,680.5,0
2026-03-09 12:00:00,12.7,534.0,825.6,0
2026-03-09 13:00:00,14.2,581.0,897.6,0
2026-03-09 14:00:00,15.8,577.0,891.2,0
2026-03-09 15:00:00,16.0,519.0,801.2,0
2026-03-09 16:00:00,15.6,416.0,642.8,0
2026-03-09 17:00:00,14.2,278.0,431.4,0
2026-03-09 18:00:00,12.1,126.0,198.9,0
2026-03-09 19:00:00,10.2,14.0,23.0,0
2026-03-09 20:00:00,10.2,0.0,0.0,8
2026-03-09 21:00:00,9.6,0.0,0.0,0
2026-03-09 22:00:00,9.3,0.0,0.0,0
2026-03-09 23:00:00,8.4,0.0,0.0,0
2026-03-10 00:00:00,7.2,0.0,0.0,0
2026-03-10 01:00:00,6.1,0.0,0.0,0
2026-03-10 02:00:00,6.1,0.0,0.0,0
2026-03-10 03:00:00,5.5,0.0,0.0,0
2026-03-10 04:00:00,5.0,0.0,0.0,0
2026-03-10 05:00:00,4.8,0.0,0.0,0
2026-03-10 06:00:00,4.4,0.0,0.0,2
2026-03-10 07:00:00,3.9,0.0,0.0,89
2026-03-10 08:00:00,5.1,25.0,33.1,97
2026-03-10 09:00:00,6.8,139.0,191.4,84
2026-03-10 10:00:00,8.9,293.0,430.2,98
2026-03-10 11:00:00,10.7,396.0,557.9,96
2026-03-10 12:00:00,12.8,512.0,755.4,59
2026-03-10 13:00:00,14.1,562.0,839.2,93
2026-03-10 14:00:00,14.9,551.0,814.2,10
2026-03-10 15:00:00,15.3,500.0,749.7,11
2026-03-10 16:00:00,15.1,398.0,596.9,11
2026-03-10 17:00:00,14.5,269.0,404.0,23
2026-03-10 18:00:00,12.8,122.0,183.8,2
2026-03-10 19:00:00,10.3,15.0,23.2,53
2026-03-10 20:00:00,10.5,0.0,0.0,93
2026-03-10 21:00:00,10.1,0.0,0.0,74
2026-03-10 22:00:00,9.6,0.0,0.0,44
2026-03-10 23:00:00,8.7,0.0,0.0,19
2026-03-11 00:00:00,8.2,0.0,0.0,25
2026-03-11 01:00:00,7.9,0.0,0.0,36
2026-03-11 02:00:00,7.6,0.0,0.0,88
2026-03-11 03:00:00,7.6,0.0,0.0,48
2026-03-11 04:00:00,7.5,0.0,0.0,43
2026-03-11 05:00:00,7.3,0.0,0.0,46
2026-03-11 06:00:00,7.1,0.0,0.0,27
2026-03-11 07:00:00,6.7,0.0,0.0,2
2026-03-11 08:00:00,7.0,29.0,43.9,0
2026-03-11 09:00:00,8.7,157.0,236.3,0
2026-03-11 10:00:00,10.9,307.0,463.6,0
2026-03-11 11:00:00,13.0,438.0,662.8,0
2026-03-11 12:00:00,14.7,531.0,804.2,0
2026-03-11 13:00:00,15.8,577.0,873.9,27
2026-03-11 14:00:00,16.2,501.0,734.0,45
2026-03-11 15:00:00,16.6,438.0,612.7,28
2026-03-11 16:00:00,16.6,371.0,542.4,11
2026-03-11 17:00:00,16.0,269.0,400.5,14
2026-03-11 18:00:00,13.8,125.0,186.1,23
2026-03-11 19:00:00,11.6,16.0,23.4,25
2026-03-11 20:00:00,11.1,0.0,0.0,48
2026-03-11 21:00:00,11.0,0.0,0.0,2
2026-03-11 22:00:00,10.1,0.0,0.0,0
2026-03-11 23:00:00,9.0,0.0,0.0,0
2026-03-12 00:00:00,8.3,0.0,0.0,0
2026-03-12 01:00:00,7.9,0.0,0.0,0
2026-03-12 02:00:00,7.6,0.0,0.0,2
2026-03-12 03:00:00,7.3,0.0,0.0,2
2026-03-12 04:00:00,6.9,0.0,0.0,7
2026-03-12 05:00:00,6.4,0.0,0.0,23
2026-03-12 06:00:00,6.2,0.0,0.0,27
2026-03-12 07:00:00,6.1,0.0,0.0,31
2026-03-12 08:00:00,6.6,29.0,40.2,4
2026-03-12 09:00:00,8.4,159.0,233.5,1
2026-03-12 10:00:00,10.8,308.0,457.5,13
2026-03-12 11:00:00,12.5,421.0,614.0,32
2026-03-12 12:00:00,13.3,478.0,681.4,24
2026-03-12 13:00:00,14.2,530.0,758.5,15
2026-03-12 14:00:00,15.1,565.0,840.7,66
2026-03-12 15:00:00,12.6,343.0,454.0,61
2026-03-12 16:00:00,13.3,339.0,468.6,23
2026-03-12 17:00:00,12.9,274.0,398.7,59
2026-03-12 18:00:00,11.6,90.0,123.5,51
2026-03-12 19:00:00,9.9,15.0,19.1,55
2026-03-12 20:00:00,9.0,0.0,0.0,77
2026-03-12 21:00:00,8.9,0.0,0.0,99
2026-03-12 22:00:00,8.0,0.0,0.0,75
2026-03-12 23:00:00,7.3,0.0,0.0,64
2026-03-13 00:00:00,6.7,0.0,0.0,95
2026-03-13 01:00:00,6.1,0.0,0.0,20
2026-03-13 02:00:00,5.8,0.0,0.0,20
2026-03-13 03:00:00,5.7,0.0,0.0,12
2026-03-13 04:00:00,4.8,0.0,0.0,29
2026-03-13 05:00:00,4.3,0.0,0.0,100
2026-03-13 06:00:00,4.0,0.0,0.0,100
2026-03-13 07:00:00,3.9,0.0,0.0,100
2026-03-13 08:00:00,3.7,24.0,25.6,100
2026-03-13 09:00:00,4.7,104.0,113.4,100
2026-03-13 10:00:00,6.6,204.0,227.8,99
2026-03-13 11:00:00,10.3,385.0,505.7,99
2026-03-13 12:00:00,13.0,497.0,692.1,98
2026-03-13 13:00:00,14.4,559.0,800.0,23
2026-03-13 14:00:00,15.4,539.0,781.5,20
2026-03-13 15:00:00,15.6,460.0,667.5,24
2026-03-13 16:00:00,15.9,397.0,575.1,34
2026-03-13 17:00:00,15.2,260.0,366.4,21
2026-03-13 18:00:00,14.0,130.0,185.3,4
2026-03-13 19:00:00,12.2,20.0,28.1,1
2026-03-13 20:00:00,12.2,0.0,0.0,23
2026-03-13 21:00:00,11.8,0.0,0.0,5
2026-03-13 22:00:00,10.3,0.0,0.0,2
2026-03-13 23:00:00,9.2,0.0,0.0,0
2026-03-14 00:00:00,8.8,0.0,0.0,0
2026-03-14 01:00:00,8.3,0.0,0.0,0
2026-03-14 02:00:00,8.5,0.0,0.0,2
2026-03-14 03:00:00,7.9,0.0,0.0,4
2026-03-14 04:00:00,7.4,0.0,0.0,2
2026-03-14 05:00:00,6.9,0.0,0.0,0
2026-03-14 06:00:00,6.5,0.0,0.0,0
2026-03-14 07:00:00,6.2,0.0,0.0,0
2026-03-14 08:00:00,7.2,40.0,58.8,2
2026-03-14 09:00:00,9.4,178.0,259.7,1
2026-03-14 10:00:00,11.9,333.0,493.1,0
2026-03-14 11:00:00,13.8,471.0,703.4,0
2026-03-14 12:00:00,14.9,567.0,848.4,0
2026-03-14 13:00:00,16.1,611.0,914.4,0
2026-03-14 14:00:00,17.0,607.0,908.7,0
2026-03-14 15:00:00,17.1,550.0,822.0,0
2026-03-14 16:00:00,16.7,446.0,664.8,0
2026-03-14 17:00:00,16.0,305.0,451.6,0
2026-03-14 18:00:00,14.5,148.0,215.7,0
2026-03-14 19:00:00,11.9,22.0,31.3,2
2026-03-14 20:00:00,11.2,0.0,0.0,6
2026-03-14 21:00:00,10.4,0.0,0.0,4
2026-03-14 22:00:00,9.7,0.0,0.0,2
2026-03-14 23:00:00,9.3,0.0,0.0,12
2026-03-15 00:00:00,8.8,0.0,0.0,20
2026-03-15 01:00:00,8.2,0.0,0.0,9
2026-03-15 02:00:00,8.3,0.0,0.0,1
2026-03-15 03:00:00,8.0,0.0,0.0,2
2026-03-15 04:00:00,7.5,0.0,0.0,4
2026-03-15 05:00:00,7.2,0.0,0.0,5
2026-03-15 06:00:00,6.9,0.0,0.0,1
2026-03-15 07:00:00,6.3,0.0,0.0,34
2026-03-15 08:00:00,6.9,43.0,60.8,29
2026-03-15 09:00:00,9.1,181.0,260.1,23
2026-03-15 10:00:00,11.3,332.0,482.6,61
2026-03-15 11:00:00,12.9,454.0,656.8,30
2026-03-15 12:00:00,14.1,554.0,814.3,2
2026-03-15 13:00:00,15.2,605.0,897.3,9
2026-03-15 14:00:00,16.2,594.0,878.5,20
2026-03-15 15:00:00,16.5,523.0,763.7,34
2026-03-15 16:00:00,16.4,390.0,554.7,22
2026-03-15 17:00:00,15.2,273.0,386.1,37
2026-03-15 18:00:00,12.7,126.0,169.8,71
2026-03-15 19:00:00,11.8,16.0,19.8,38
2026-03-15 20:00:00,9.9,0.0,0.0,34
2026-03-15 21:00:00,9.3,0.0,0.0,13
2026-03-15 22:00:00,8.3,0.0,0.0,24
2026-03-15 23:00:00,7.1,0.0,0.0,38
2026-03-16 00:00:00,6.3,0.0,0.0,0
2026-03-16 01:00:00,5.2,0.0,0.0,2
2026-03-16 02:00:00,5.2,0.0,0.0,11
2026-03-16 03:00:00,4.6,0.0,0.0,16
2026-03-16 04:00:00,4.0,0.0,0.0,23
2026-03-16 05:00:00,3.6,0.0,0.0,53
2026-03-16 06:00:00,2.9,0.0,0.0,100
2026-03-16 07:00:00,3.4,0.0,0.0,100
2026-03-16 08:00:00,4.5,21.0,20.4,100
2026-03-16 09:00:00,5.3,84.0,86.5,100
2026-03-16 10:00:00,6.3,119.0,110.4,100
2026-03-16 11:00:00,8.0,211.0,202.3,100
2026-03-16 12:00:00,9.4,259.0,244.2,100
2026-03-16 13:00:00,10.6,389.0,455.8,100
2026-03-16 14:00:00,10.0,183.0,169.8,100
2026-03-16 15:00:00,9.6,235.0,240.0,100
2026-03-16 16:00:00,9.1,268.0,291.2,100
2026-03-16 17:00:00,7.9,107.0,104.0,100
2026-03-16 18:00:00,7.7,62.0,57.5,100
2026-03-16 19:00:00,6.8,16.0,14.8,100
2026-03-16 20:00:00,6.4,0.0,0.0,100
2026-03-16 21:00:00,6.1,0.0,0.0,96
2026-03-16 22:00:00,5.6,0.0,0.0,94
2026-03-16 23:00:00,5.0,0.0,0.0,67
2026-03-17 00:00:00,4.8,0.0,0.0,100
2026-03-17 01:00:00,4.7,0.0,0.0,95
2026-03-17 02:00:00,4.3,0.0,0.0,84
2026-03-17 03:00:00,3.8,0.0,0.0,93
2026-03-17 04:00:00,3.2,0.0,0.0,54
2026-03-17 05:00:00,2.6,0.0,0.0,10
2026-03-17 06:00:00,1.8,0.0,0.0,89
2026-03-17 07:00:00,1.6,0.0,0.0,100
2026-03-17 08:00:00,2.4,23.0,21.3,100
2026-03-17 09:00:00,3.1,84.0,81.4,100
2026-03-17 10:00:00,3.9,159.0,157.3,100
2026-03-17 11:00:00,5.2,244.0,245.0,100
2026-03-17 12:00:00,6.3,260.0,276.3,100
2026-03-17 13:00:00,7.2,266.0,267.1,100
2026-03-17 14:00:00,6.7,356.0,383.0,100
2026-03-17 15:00:00,7.5,320.0,347.8,100
2026-03-17 16:00:00,7.7,224.0,231.6,100
2026-03-17 17:00:00,7.5,160.0,162.8,100
2026-03-17 18:00:00,6.9,50.0,46.4,100
2026-03-17 19:00:00,6.1,9.0,8.3,100
2026-03-17 20:00:00,5.7,0.0,0.0,100
2026-03-17 21:00:00,6.0,0.0,0.0,98
2026-03-17 22:00:00,5.9,0.0,0.0,70
2026-03-17 23:00:00,5.3,0.0,0.0,99
2026-03-18 00:00:00,5.3,0.0,0.0,99
2026-03-18 01:00:00,4.8,0.0,0.0,98
2026-03-18 02:00:00,4.1,0.0,0.0,88
2026-03-18 03:00:00,3.8,0.0,0.0,1
2026-03-18 04:00:00,3.3,0.0,0.0,5
2026-03-18 05:00:00,2.9,0.0,0.0,7
2026-03-18 06:00:00,2.5,0.0,0.0,0
2026-03-18 07:00:00,2.0,0.0,0.0,0
2026-03-18 08:00:00,2.7,54.0,70.8,0
2026-03-18 09:00:00,4.5,199.0,274.2,0
2026-03-18 10:00:00,7.0,355.0,504.9,0
2026-03-18 11:00:00,9.5,488.0,703.5,0
2026-03-18 12:00:00,11.4,583.0,845.3,0
2026-03-18 13:00:00,12.5,629.0,914.7,0
2026-03-18 14:00:00,12.7,623.0,906.5,0
2026-03-18 15:00:00,13.1,563.0,815.7,0
2026-03-18 16:00:00,12.9,460.0,661.9,0
2026-03-18 17:00:00,12.3,322.0,457.2,0
2026-03-18 18:00:00,11.2,164.0,224.6,0
2026-03-18 19:00:00,9.2,31.0,39.9,82
2026-03-18 20:00:00,8.4,0.0,0.0,12
2026-03-18 21:00:00,7.6,0.0,0.0,1
2026-03-18 22:00:00,6.7,0.0,0.0,0
2026-03-18 23:00:00,5.9,0.0,0.0,1
2026-03-19 00:00:00,5.1,0.0,0.0,0
2026-03-19 01:00:00,4.6,0.0,0.0,0
2026-03-19 02:00:00,4.1,0.0,0.0,0
2026-03-19 03:00:00,3.4,0.0,0.0,0
2026-03-19 04:00:00,2.7,0.0,0.0,0
2026-03-19 05:00:00,1.7,0.0,0.0,0
2026-03-19 06:00:00,1.1,0.0,0.0,0
2026-03-19 07:00:00,0.6,0.0,0.0,0
2026-03-19 08:00:00,1.9,60.0,77.4,0
2026-03-19 09:00:00,3.9,206.0,281.1,17
2026-03-19 10:00:00,6.8,357.0,496.7,71
2026-03-19 11:00:00,9.3,456.0,615.1,51
2026-03-19 12:00:00,11.0,508.0,667.7,98
2026-03-19 13:00:00,11.6,436.0,528.0,65
2026-03-19 14:00:00,12.2,444.0,558.1,92
2026-03-19 15:00:00,12.1,355.0,438.1,72
2026-03-19 16:00:00,11.9,310.0,385.5,53
2026-03-19 17:00:00,11.4,216.0,261.7,53
2026-03-19 18:00:00,10.4,112.0,133.4,34
2026-03-19 19:00:00,8.7,29.0,34.2,51
2026-03-19 20:00:00,8.7,0.0,0.0,100
2026-03-19 21:00:00,8.2,0.0,0.0,100
2026-03-19 22:00:00,7.0,0.0,0.0,94
2026-03-19 23:00:00,5.5,0.0,0.0,100
2026-03-20 00:00:00,4.6,0.0,0.0,70
2026-03-20 01:00:00,3.7,0.0,0.0,16
2026-03-20 02:00:00,3.0,0.0,0.0,0
2026-03-20 03:00:00,2.0,0.0,0.0,0
2026-03-20 04:00:00,1.4,0.0,0.0,0
2026-03-20 05:00:00,0.9,0.0,0.0,0
2026-03-20 06:00:00,0.4,0.0,0.0,9
2026-03-20 07:00:00,-0.1,1.0,0.0,72
2026-03-20 08:00:00,1.6,62.0,74.3,100
2026-03-20 09:00:00,4.0,187.0,225.9,96
2026-03-20 10:00:00,6.7,332.0,426.9,100
2026-03-20 11:00:00,8.9,454.0,596.2,100
2026-03-20 12:00:00,10.2,521.0,673.4,100
2026-03-20 13:00:00,11.2,505.0,624.0,100
2026-03-20 14:00:00,10.2,371.0,388.3,100
2026-03-20 15:00:00,9.9,201.0,190.1,100
2026-03-20 16:00:00,9.7,251.0,264.2,100
2026-03-20 17:00:00,8.8,118.0,109.5,100
2026-03-20 18:00:00,8.0,44.0,40.8,100
2026-03-20 19:00:00,7.0,9.0,8.3,100
2026-03-20 20:00:00,6.7,0.0,0.0,100
2026-03-20 21:00:00,6.3,0.0,0.0,98
2026-03-20 22:00:00,5.7,0.0,0.0,96
2026-03-20 23:00:00,5.2,0.0,0.0,98
2026-03-21 00:00:00,5.0,0.0,0.0,100
2026-03-21 01:00:00,4.8,0.0,0.0,97
2026-03-21 02:00:00,4.6,0.0,0.0,99
2026-03-21 03:00:00,4.6,0.0,0.0,52
2026-03-21 04:00:00,3.8,0.0,0.0,91
2026-03-21 05:00:00,3.1,0.0,0.0,17
2026-03-21 06:00:00,2.2,0.0,0.0,27
2026-03-21 07:00:00,1.6,1.0,0.0,100
2026-03-21 08:00:00,2.6,42.0,39.0,100
2026-03-21 09:00:00,3.9,140.0,139.8,100
2026-03-21 10:00:00,6.0,280.0,316.5,100
2026-03-21 11:00:00,7.9,425.0,536.2,51
2026-03-21 12:00:00,9.2,517.0,698.6,37
2026-03-21 13:00:00,10.2,585.0,796.9,46
2026-03-21 14:00:00,10.6,595.0,813.1,53
2026-03-21 15:00:00,10.7,503.0,666.0,54
2026-03-21 16:00:00,10.7,403.0,528.6,29
2026-03-21 17:00:00,10.4,314.0,416.0,2
2026-03-21 18:00:00,9.7,174.0,227.9,0
2026-03-21 19:00:00,7.7,37.0,43.8,0
2026-03-21 20:00:00,6.8,0.0,0.0,0
2026-03-21 21:00:00,6.2,0.0,0.0,0
2026-03-21 22:00:00,5.5,0.0,0.0,0
2026-03-21 23:00:00,4.8,0.0,0.0,2
2026-03-22 00:00:00,4.1,0.0,0.0,1
2026-03-22 01:00:00,3.5,0.0,0.0,2
2026-03-22 02:00:00,3.2,0.0,0.0,0
2026-03-22 03:00:00,2.7,0.0,0.0,4
2026-03-22 04:00:00,2.4,0.0,0.0,27
2026-03-22 05:00:00,2.1,0.0,0.0,36
2026-03-22 06:00:00,1.9,0.0,0.0,5
2026-03-22 07:00:00,1.7,1.0,0.9,23
2026-03-22 08:00:00,2.9,73.0,87.3,34
2026-03-22 09:00:00,4.9,222.0,292.3,48
2026-03-22 10:00:00,7.3,378.0,518.6,9
2026-03-22 11:00:00,9.3,509.0,712.1,26
2026-03-22 12:00:00,10.6,599.0,843.5,19
2026-03-22 13:00:00,11.6,644.0,910.9,30
2026-03-22 14:00:00,12.7,631.0,883.9,45
2026-03-22 15:00:00,13.0,547.0,754.6,50
2026-03-22 16:00:00,13.1,433.0,578.1,99
2026-03-22 17:00:00,12.3,164.0,173.8,98
2026-03-22 18:00:00,11.8,100.0,105.9,98
2026-03-22 19:00:00,10.5,29.0,29.2,100
2026-03-22 20:00:00,10.5,0.0,0.0,92
2026-03-22 21:00:00,9.8,0.0,0.0,89
2026-03-22 22:00:00,8.8,0.0,0.0,62
2026-03-22 23:00:00,8.2,0.0,0.0,43
2026-03-23 00:00:00,7.4,0.0,0.0,14
2026-03-23 01:00:00,6.7,0.0,0.0,8
2026-03-23 02:00:00,5.9,0.0,0.0,17
2026-03-23 03:00:00,5.3,0.0,0.0,27
2026-03-23 04:00:00,4.5,0.0,0.0,40
2026-03-23 05:00:00,4.0,0.0,0.0,70
2026-03-23 06:00:00,3.7,0.0,0.0,98
2026-03-23 07:00:00,3.5,1.0,0.9,91
2026-03-23 08:00:00,4.3,54.0,55.7,90
2026-03-23 09:00:00,5.6,184.0,214.2,27
2026-03-23 10:00:00,8.1,358.0,474.0,9
2026-03-23 11:00:00,10.7,508.0,702.6,8
2026-03-23 12:00:00,12.5,603.0,845.3,2
2026-03-23 13:00:00,13.7,652.0,921.4,2
2026-03-23 14:00:00,14.3,580.0,790.9,67
2026-03-23 15:00:00,14.6,441.0,562.6,69
2026-03-23 16:00:00,14.4,371.0,476.8,73
2026-03-23 17:00:00,13.8,212.0,254.3,100
2026-03-23 18:00:00,13.2,73.0,75.6,99
2026-03-23 19:00:00,12.4,18.0,16.7,100
2026-03-23 20:00:00,11.2,0.0,0.0,60
2026-03-23 21:00:00,10.4,0.0,0.0,2
2026-03-23 22:00:00,9.4,0.0,0.0,24
2026-03-23 23:00:00,8.3,0.0,0.0,12
2026-03-24 00:00:00,7.4,0.0,0.0,16
2026-03-24 01:00:00,6.1,0.0,0.0,1
2026-03-24 02:00:00,5.7,0.0,0.0,96
2026-03-24 03:00:00,6.3,0.0,0.0,100
2026-03-24 04:00:00,6.4,0.0,0.0,100
2026-03-24 05:00:00,6.3,0.0,0.0,98
2026-03-24 06:00:00,5.9,0.0,0.0,92
2026-03-24 07:00:00,5.8,1.0,0.9,100
2026-03-24 08:00:00,6.2,44.0,44.2,100
2026-03-24 09:00:00,7.5,123.0,130.9,100
2026-03-24 10:00:00,9.7,319.0,400.3,100
2026-03-24 11:00:00,11.5,408.0,484.4,100
2026-03-24 12:00:00,13.1,526.0,645.8,100
2026-03-24 13:00:00,13.7,489.0,585.3,100
2026-03-24 14:00:00,13.9,442.0,546.6,100
2026-03-24 15:00:00,14.3,346.0,377.3,100
2026-03-24 16:00:00,14.5,341.0,395.7,100
2026-03-24 17:00:00,14.3,214.0,228.7,100
2026-03-24 18:00:00,14.1,167.0,194.3,100
2026-03-24 19:00:00,11.7,42.0,43.4,99
2026-03-24 20:00:00,10.3,0.0,0.0,100
2026-03-24 21:00:00,9.8,0.0,0.0,100
2026-03-24 22:00:00,9.1,0.0,0.0,100
2026-03-24 23:00:00,8.6,0.0,0.0,100
2026-03-25 00:00:00,8.1,0.0,0.0,100
2026-03-25 01:00:00,7.6,0.0,0.0,100
2026-03-25 02:00:00,6.9,0.0,0.0,59
2026-03-25 03:00:00,6.2,0.0,0.0,98
2026-03-25 04:00:00,5.7,0.0,0.0,100
2026-03-25 05:00:00,5.6,0.0,0.0,100
2026-03-25 06:00:00,5.4,0.0,0.0,100
2026-03-25 07:00:00,5.4,3.0,2.8,100
2026-03-25 08:00:00,6.7,71.0,70.9,100
2026-03-25 09:00:00,8.4,138.0,136.6,100
2026-03-25 10:00:00,10.3,218.0,218.8,100
2026-03-25 11:00:00,12.7,346.0,366.0,100
2026-03-25 12:00:00,14.6,506.0,605.1,100
2026-03-25 13:00:00,15.6,574.0,721.3,97
2026-03-25 14:00:00,16.3,633.0,849.9,98
2026-03-25 15:00:00,16.7,521.0,670.8,100
2026-03-25 16:00:00,16.6,433.0,543.0,100
2026-03-25 17:00:00,15.6,296.0,347.4,100
2026-03-25 18:00:00,14.9,148.0,157.2,100
2026-03-25 19:00:00,13.7,33.0,31.2,100
2026-03-25 20:00:00,13.2,0.0,0.0,100
2026-03-25 21:00:00,12.9,0.0,0.0,100
2026-03-25 22:00:00,9.4,0.0,0.0,100
2026-03-25 23:00:00,8.9,0.0,0.0,100
2026-03-26 00:00:00,8.2,0.0,0.0,100
2026-03-26 01:00:00,7.7,0.0,0.0,100
2026-03-26 02:00:00,7.3,0.0,0.0,100
2026-03-26 03:00:00,6.8,0.0,0.0,100
2026-03-26 04:00:00,6.5,0.0,0.0,100
2026-03-26 05:00:00,6.1,0.0,0.0,100
2026-03-26 06:00:00,6.0,0.0,0.0,100
2026-03-26 07:00:00,4.2,1.0,0.9,100
2026-03-26 08:00:00,3.0,11.0,10.2,100
2026-03-26 09:00:00,2.7,32.0,29.7,100
2026-03-26 10:00:00,2.6,40.0,37.1,100
2026-03-26 11:00:00,4.0,108.0,100.7,100
2026-03-26 12:00:00,4.6,111.0,103.5,100
2026-03-26 13:00:00,4.7,106.0,98.3,100
2026-03-26 14:00:00,4.2,166.0,159.5,100
2026-03-26 15:00:00,4.7,134.0,126.5,100
2026-03-26 16:00:00,4.4,67.0,62.7,100
2026-03-26 17:00:00,4.2,43.0,39.9,100
2026-03-26 18:00:00,3.9,25.0,23.2,100
2026-03-26 19:00:00,4.0,11.0,10.2,100
2026-03-26 20:00:00,3.6,0.0,0.0,100
2026-03-26 21:00:00,3.4,0.0,0.0,100
2026-03-26 22:00:00,3.6,0.0,0.0,100
2026-03-26 23:00:00,3.6,0.0,0.0,100
2026-03-27 00:00:00,3.5,0.0,0.0,100
2026-03-27 01:00:00,3.3,0.0,0.0,100
2026-03-27 02:00:00,3.4,0.0,0.0,100
2026-03-27 03:00:00,3.5,0.0,0.0,100
2026-03-27 04:00:00,3.1,0.0,0.0,100
2026-03-27 05:00:00,2.8,0.0,0.0,100
2026-03-27 06:00:00,2.7,0.0,0.0,100
2026-03-27 07:00:00,2.7,2.0,1.9,84
2026-03-27 08:00:00,2.9,50.0,49.0,100
2026-03-27 09:00:00,3.7,94.0,89.5,99
2026-03-27 10:00:00,5.0,222.0,230.9,100
2026-03-27 11:00:00,6.0,301.0,316.8,100
2026-03-27 12:00:00,5.7,177.0,169.0,100
2026-03-27 13:00:00,5.5,158.0,148.7,100
2026-03-27 14:00:00,5.2,126.0,117.4,100
2026-03-27 15:00:00,5.3,124.0,115.0,100
2026-03-27 16:00:00,4.9,83.0,77.0,100
2026-03-27 17:00:00,4.5,56.0,51.9,100
2026-03-27 18:00:00,4.5,43.0,39.9,100
2026-03-27 19:00:00,4.1,12.0,11.1,100
2026-03-27 20:00:00,3.9,0.0,0.0,100
2026-03-27 21:00:00,3.2,0.0,0.0,100
2026-03-27 22:00:00,3.2,0.0,0.0,100
2026-03-27 23:00:00,3.2,0.0,0.0,100
2026-03-28 00:00:00,3.0,0.0,0.0,100
2026-03-28 01:00:00,2.3,0.0,0.0,100
2026-03-28 02:00:00,1.7,0.0,0.0,100
2026-03-28 03:00:00,2.1,0.0,0.0,100
2026-03-28 04:00:00,2.4,0.0,0.0,90
2026-03-28 05:00:00,2.5,0.0,0.0,100
2026-03-28 06:00:00,2.9,0.0,0.0,100
2026-03-28 07:00:00,3.1,2.0,1.9,100
2026-03-28 08:00:00,3.2,39.0,36.8,100
2026-03-28 09:00:00,4.2,155.0,158.2,99
2026-03-28 10:00:00,5.1,179.0,181.5,100
2026-03-28 11:00:00,6.9,266.0,282.0,100
2026-03-28 12:00:00,8.2,392.0,445.6,93
2026-03-28 13:00:00,9.3,417.0,458.7,100
2026-03-28 14:00:00,7.8,278.0,279.1,100
2026-03-28 15:00:00,8.7,339.0,361.2,100
2026-03-28 16:00:00,8.8,176.0,166.8,100
2026-03-28 17:00:00,9.2,130.0,124.4,100
2026-03-28 18:00:00,9.4,66.0,62.0,100
2026-03-28 19:00:00,8.8,20.0,18.6,100
2026-03-28 20:00:00,7.6,0.0,0.0,100
2026-03-28 21:00:00,7.2,0.0,0.0,100
2026-03-28 22:00:00,6.7,0.0,0.0,100
2026-03-28 23:00:00,6.2,0.0,0.0,100
2026-03-29 00:00:00,5.1,0.0,0.0,100
2026-03-29 01:00:00,4.4,0.0,0.0,100
2026-03-29 02:00:00,3.6,0.0,0.0,97
2026-03-29 03:00:00,3.0,0.0,0.0,98
2026-03-29 04:00:00,3.1,0.0,0.0,100
2026-03-29 05:00:00,2.9,0.0,0.0,100
2026-03-29 06:00:00,2.9,0.0,0.0,100
2026-03-29 07:00:00,3.0,4.0,3.7,100
2026-03-29 08:00:00,3.2,90.0,89.1,100
2026-03-29 09:00:00,4.5,145.0,143.6,100
2026-03-29 10:00:00,5.9,226.0,227.1,100
2026-03-29 11:00:00,7.5,316.0,339.9,93
2026-03-29 12:00:00,9.1,405.0,448.5,80
2026-03-29 13:00:00,10.2,489.0,568.9,67
2026-03-29 14:00:00,8.7,520.0,637.6,99
2026-03-29 15:00:00,8.8,234.0,227.9,99
2026-03-29 16:00:00,8.4,212.0,213.1,100
2026-03-29 17:00:00,8.3,219.0,235.9,100
2026-03-29 18:00:00,7.9,128.0,129.3,100
2026-03-29 19:00:00,6.8,36.0,33.6,100
2026-03-29 20:00:00,6.0,0.0,0.0,100
2026-03-29 21:00:00,5.7,0.0,0.0,100
2026-03-29 22:00:00,5.5,0.0,0.0,100
2026-03-29 23:00:00,5.4,0.0,0.0,99
2026-03-30 00:00:00,5.1,0.0,0.0,43
2026-03-30 01:00:00,4.1,0.0,0.0,45
2026-03-30 02:00:00,3.7,0.0,0.0,66
2026-03-30 03:00:00,3.1,0.0,0.0,79
2026-03-30 04:00:00,2.8,0.0,0.0,34
2026-03-30 05:00:00,2.3,0.0,0.0,72
2026-03-30 06:00:00,2.0,0.0,0.0,91
2026-03-30 07:00:00,2.3,6.0,5.6,100
2026-03-30 08:00:00,3.5,52.0,49.9,100
2026-03-30 09:00:00,4.1,73.0,67.7,100
2026-03-30 10:00:00,5.4,187.0,181.5,100
2026-03-30 11:00:00,6.9,379.0,416.4,100
2026-03-30 12:00:00,6.5,217.0,204.4,100
2026-03-30 13:00:00,7.3,316.0,313.8,100
2026-03-30 14:00:00,6.9,455.0,521.3,100
2026-03-30 15:00:00,7.0,163.0,151.2,100
2026-03-30 16:00:00,7.3,151.0,142.5,100
2026-03-30 17:00:00,7.1,106.0,98.3,100
2026-03-30 18:00:00,6.6,68.0,63.1,100
2026-03-30 19:00:00,5.8,27.0,25.0,100
2026-03-30 20:00:00,5.3,0.0,0.0,100
2026-03-30 21:00:00,4.9,0.0,0.0,100
2026-03-30 22:00:00,4.8,0.0,0.0,100
2026-03-30 23:00:00,4.7,0.0,0.0,100
2026-03-31 00:00:00,4.7,0.0,0.0,100
2026-03-31 01:00:00,4.1,0.0,0.0,100
2026-03-31 02:00:00,3.9,0.0,0.0,100
2026-03-31 03:00:00,3.5,0.0,0.0,100
2026-03-31 04:00:00,3.3,0.0,0.0,100
2026-03-31 05:00:00,3.0,0.0,0.0,100
2026-03-31 06:00:00,2.7,0.0,0.0,100
2026-03-31 07:00:00,2.5,2.0,1.9,100
2026-03-31 08:00:00,2.3,17.0,15.8,100
2026-03-31 09:00:00,2.5,43.0,39.9,100
2026-03-31 10:00:00,3.5,110.0,102.5,100
2026-03-31 11:00:00,4.0,151.0,141.1,100
2026-03-31 12:00:00,4.9,277.0,268.0,100
2026-03-31 13:00:00,5.4,240.0,232.3,100
2026-03-31 14:00:00,5.7,232.0,226.3,100
2026-03-31 15:00:00,6.0,159.0,149.0,100
2026-03-31 16:00:00,6.4,161.0,151.7,100
2026-03-31 17:00:00,6.3,101.0,93.7,100
2026-03-31 18:00:00,5.9,50.0,46.4,100
2026-03-31 19:00:00,5.6,21.0,19.5,100
2026-03-31 20:00:00,5.2,0.0,0.0,100
2026-03-31 21:00:00,4.7,0.0,0.0,100
2026-03-31 22:00:00,4.7,0.0,0.0,100
2026-03-31 23:00:00,4.6,0.0,0.0,100
2026-04-01 00:00:00,4.3,0.0,0.0,99
2026-04-01 01:00:00,3.4,0.0,0.0,13
2026-04-01 02:00:00,3.8,0.0,0.0,78
2026-04-01 03:00:00,3.0,0.0,0.0,92
2026-04-01 04:00:00,2.4,0.0,0.0,75
2026-04-01 05:00:00,1.9,0.0,0.0,2
2026-04-01 06:00:00,1.4,0.0,0.0,3
2026-04-01 07:00:00,1.3,12.0,9.1,41
2026-04-01 08:00:00,2.6,121.0,126.1,86
2026-04-01 09:00:00,4.5,270.0,317.6,84
2026-04-01 10:00:00,6.3,428.0,537.7,39
2026-04-01 11:00:00,7.8,563.0,732.4,60
2026-04-01 12:00:00,8.9,630.0,808.7,100
2026-04-01 13:00:00,9.4,533.0,599.8,100
2026-04-01 14:00:00,9.7,408.0,412.8,100
2026-04-01 15:00:00,10.0,324.0,324.5,100
2026-04-01 16:00:00,9.7,143.0,133.6,100
2026-04-01 17:00:00,9.4,107.0,100.1,100
2026-04-01 18:00:00,9.0,51.0,47.3,100
2026-04-01 19:00:00,8.7,22.0,20.4,100
2026-04-01 20:00:00,8.2,1.0,0.0,100
2026-04-01 21:00:00,7.3,0.0,0.0,100
2026-04-01 22:00:00,6.8,0.0,0.0,100
2026-04-01 23:00:00,6.3,0.0,0.0,100
2026-04-02 00:00:00,5.8,0.0,0.0,100
2026-04-02 01:00:00,5.5,0.0,0.0,95
2026-04-02 02:00:00,4.9,0.0,0.0,83
2026-04-02 03:00:00,4.2,0.0,0.0,78
2026-04-02 04:00:00,3.5,0.0,0.0,88
2026-04-02 05:00:00,3.0,0.0,0.0,43
2026-04-02 06:00:00,2.6,0.0,0.0,56
2026-04-02 07:00:00,2.4,13.0,10.4,96
2026-04-02 08:00:00,3.7,90.0,87.9,32
2026-04-02 09:00:00,5.7,275.0,324.7,27
2026-04-02 10:00:00,7.8,422.0,526.6,86
2026-04-02 11:00:00,9.7,498.0,610.2,82
2026-04-02 12:00:00,11.0,500.0,569.2,49
2026-04-02 13:00:00,12.2,658.0,862.0,70
2026-04-02 14:00:00,11.5,590.0,733.8,100
2026-04-02 15:00:00,11.8,380.0,424.0,100
2026-04-02 16:00:00,11.5,240.0,235.5,100
2026-04-02 17:00:00,11.0,154.0,146.6,90
2026-04-02 18:00:00,10.5,95.0,93.2,100
2026-04-02 19:00:00,9.4,39.0,35.3,100
2026-04-02 20:00:00,9.5,1.0,0.9,100
2026-04-02 21:00:00,8.8,0.0,0.0,100
2026-04-02 22:00:00,8.4,0.0,0.0,100
2026-04-02 23:00:00,7.8,0.0,0.0,95
2026-04-03 00:00:00,7.0,0.0,0.0,73
2026-04-03 01:00:00,6.2,0.0,0.0,45
2026-04-03 02:00:00,4.6,0.0,0.0,16
2026-04-03 03:00:00,4.7,0.0,0.0,23
2026-04-03 04:00:00,4.1,0.0,0.0,8
2026-04-03 05:00:00,3.1,0.0,0.0,0
2026-04-03 06:00:00,2.3,0.0,0.0,0
2026-04-03 07:00:00,1.9,17.0,11.6,0
2026-04-03 08:00:00,3.4,139.0,143.0,0
2026-04-03 09:00:00,5.7,303.0,362.9,5
2026-04-03 10:00:00,8.1,459.0,583.4,18
2026-04-03 11:00:00,10.2,584.0,761.9,16
2026-04-03 12:00:00,11.3,677.0,898.8,27
2026-04-03 13:00:00,12.0,680.0,885.6,67
2026-04-03 14:00:00,12.6,566.0,691.2,86
2026-04-03 15:00:00,12.5,385.0,406.6,100
2026-04-03 16:00:00,12.2,306.0,326.9,57
2026-04-03 17:00:00,12.2,288.0,330.5,85
2026-04-03 18:00:00,11.4,135.0,136.3,49
2026-04-03 19:00:00,9.7,61.0,54.0,27
2026-04-03 20:00:00,8.7,2.0,1.9,24
2026-04-03 21:00:00,7.9,0.0,0.0,21
2026-04-03 22:00:00,7.2,0.0,0.0,15
2026-04-03 23:00:00,6.0,0.0,0.0,3
2026-04-04 00:00:00,5.1,0.0,0.0,0
2026-04-04 01:00:00,4.3,0.0,0.0,2
2026-04-04 02:00:00,4.3,0.0,0.0,14
2026-04-04 03:00:00,4.3,0.0,0.0,16
2026-04-04 04:00:00,4.5,0.0,0.0,13
2026-04-04 05:00:00,4.6,0.0,0.0,25
2026-04-04 06:00:00,4.4,0.0,0.0,12
2026-04-04 07:00:00,4.5,18.0,12.9,0
2026-04-04 08:00:00,6.3,136.0,137.6,6
2026-04-04 09:00:00,8.6,296.0,349.6,4
2026-04-04 10:00:00,10.8,452.0,568.5,7
2026-04-04 11:00:00,12.6,580.0,753.1,5
2026-04-04 12:00:00,13.8,680.0,896.6,100
2026-04-04 13:00:00,12.5,183.0,171.7,100
2026-04-04 14:00:00,11.3,159.0,147.5,100
2026-04-04 15:00:00,12.8,315.0,356.1,100
2026-04-04 16:00:00,12.6,193.0,185.2,100
2026-04-04 17:00:00,10.9,63.0,58.4,100
2026-04-04 18:00:00,11.6,98.0,96.3,100
2026-04-04 19:00:00,11.2,59.0,53.3,100
2026-04-04 20:00:00,11.1,2.0,1.9,71
2026-04-04 21:00:00,10.3,0.0,0.0,20
2026-04-04 22:00:00,9.7,0.0,0.0,13
2026-04-04 23:00:00,8.8,0.0,0.0,5
2026-04-05 00:00:00,8.1,0.0,0.0,2
2026-04-05 01:00:00,7.3,0.0,0.0,0
2026-04-05 02:00:00,6.7,0.0,0.0,17
2026-04-05 03:00:00,6.2,0.0,0.0,11
2026-04-05 04:00:00,5.9,0.0,0.0,0
2026-04-05 05:00:00,5.6,0.0,0.0,0
2026-04-05 06:00:00,5.1,0.0,0.0,0
2026-04-05 07:00:00,5.5,21.0,14.2,16
2026-04-05 08:00:00,7.5,140.0,140.4,32
2026-04-05 09:00:00,10.1,299.0,349.3,0
2026-04-05 10:00:00,12.7,458.0,572.9,0
2026-04-05 11:00:00,14.6,587.0,758.2,0
2026-04-05 12:00:00,16.1,673.0,882.9,17
2026-04-05 13:00:00,17.3,689.0,898.2,22
2026-04-05 14:00:00,18.1,703.0,926.2,11
2026-04-05 15:00:00,18.7,643.0,840.1,25
2026-04-05 16:00:00,19.1,531.0,676.9,98
2026-04-05 17:00:00,18.7,355.0,410.6,95
2026-04-05 18:00:00,18.0,182.0,192.8,98
2026-04-05 19:00:00,17.2,60.0,54.0,99
2026-04-05 20:00:00,17.4,2.0,1.9,80
2026-04-05 21:00:00,16.8,0.0,0.0,86
2026-04-05 22:00:00,15.9,0.0,0.0,90
2026-04-05 23:00:00,14.8,0.0,0.0,99
2026-04-06 00:00:00,12.9,0.0,0.0,91
2026-04-06 01:00:00,11.6,0.0,0.0,100
2026-04-06 02:00:00,10.4,0.0,0.0,91
2026-04-06 03:00:00,9.9,0.0,0.0,80
2026-04-06 04:00:00,9.7,0.0,0.0,100
2026-04-06 05:00:00,9.6,0.0,0.0,100
2026-04-06 06:00:00,9.7,0.0,0.0,74
2026-04-06 07:00:00,9.4,14.0,10.9,43
2026-04-06 08:00:00,9.4,130.0,128.3,9
2026-04-06 09:00:00,9.4,301.0,349.1,3
2026-04-06 10:00:00,9.4,459.0,566.3,38
2026-04-06 11:00:00,9.5,501.0,609.9,16
2026-04-06 12:00:00,10.3,643.0,822.6,14
2026-04-06 13:00:00,11.0,703.0,915.4,27
2026-04-06 14:00:00,11.2,632.0,799.6,100
2026-04-06 15:00:00,10.4,369.0,398.6,99
2026-04-06 16:00:00,9.6,248.0,245.6,55
2026-04-06 17:00:00,9.9,265.0,291.9,40
2026-04-06 18:00:00,9.8,181.0,191.0,8
2026-04-06 19:00:00,8.8,85.0,71.0,11
2026-04-06 20:00:00,8.6,3.0,1.9,72
2026-04-06 21:00:00,8.2,0.0,0.0,9
2026-04-06 22:00:00,7.7,0.0,0.0,0
2026-04-06 23:00:00,7.1,0.0,0.0,0
2026-04-07 00:00:00,6.4,0.0,0.0,0
2026-04-07 01:00:00,5.4,0.0,0.0,22
2026-04-07 02:00:00,4.9,0.0,0.0,0
2026-04-07 03:00:00,4.3,0.0,0.0,0
2026-04-07 04:00:00,3.8,0.0,0.0,0
2026-04-07 05:00:00,3.4,0.0,0.0,2
2026-04-07 06:00:00,3.0,0.0,0.0,12
2026-04-07 07:00:00,3.0,27.0,17.2,13
2026-04-07 08:00:00,4.3,156.0,154.0,29
2026-04-07 09:00:00,5.6,317.0,364.8,2
2026-04-07 10:00:00,7.0,479.0,592.8,17
2026-04-07 11:00:00,8.2,607.0,774.4,6
2026-04-07 12:00:00,9.4,699.0,909.7,0
2026-04-07 13:00:00,10.4,738.0,967.8,12
2026-04-07 14:00:00,11.3,689.0,883.3,31
2026-04-07 15:00:00,11.1,597.0,736.7,18
2026-04-07 16:00:00,10.4,511.0,632.8,49
2026-04-07 17:00:00,9.7,365.0,426.2,94
2026-04-07 18:00:00,8.3,127.0,123.7,100
2026-04-07 19:00:00,7.6,41.0,36.5,95
2026-04-07 20:00:00,7.3,2.0,1.9,67
2026-04-07 21:00:00,6.8,0.0,0.0,23
2026-04-07 22:00:00,6.4,0.0,0.0,2
2026-04-07 23:00:00,5.5,0.0,0.0,13
2026-04-08 00:00:00,4.4,0.0,0.0,1
2026-04-08 01:00:00,3.5,0.0,0.0,4
2026-04-08 02:00:00,3.0,0.0,0.0,1
2026-04-08 03:00:00,2.5,0.0,0.0,0
2026-04-08 04:00:00,1.9,0.0,0.0,0
2026-04-08 05:00:00,1.2,0.0,0.0,2
2026-04-08 06:00:00,0.7,0.0,0.0,70
2026-04-08 07:00:00,1.2,25.0,18.0,93
2026-04-08 08:00:00,2.7,117.0,111.2,95
2026-04-08 09:00:00,3.6,205.0,205.1,97
2026-04-08 10:00:00,4.5,286.0,301.8,100
2026-04-08 11:00:00,4.5,249.0,239.0,100
2026-04-08 12:00:00,5.0,270.0,262.3,100
2026-04-08 13:00:00,5.8,311.0,301.0,100
2026-04-08 14:00:00,5.0,329.0,322.5,100
2026-04-08 15:00:00,5.6,264.0,256.5,100
2026-04-08 16:00:00,5.7,190.0,185.9,100
2026-04-08 17:00:00,6.1,222.0,220.9,100
2026-04-08 18:00:00,5.6,84.0,79.0,100
2026-04-08 19:00:00,5.3,27.0,25.0,100
2026-04-08 20:00:00,4.9,2.0,1.9,76
2026-04-08 21:00:00,4.3,0.0,0.0,13
2026-04-08 22:00:00,3.2,0.0,0.0,2
2026-04-08 23:00:00,2.7,0.0,0.0,35
2026-04-09 00:00:00,2.7,0.0,0.0,88
2026-04-09 01:00:00,3.0,0.0,0.0,100
2026-04-09 02:00:00,3.0,0.0,0.0,100
2026-04-09 03:00:00,3.1,0.0,0.0,82
2026-04-09 04:00:00,2.1,0.0,0.0,32
2026-04-09 05:00:00,0.7,0.0,0.0,2
2026-04-09 06:00:00,-0.6,0.0,0.0,2
2026-04-09 07:00:00,-0.9,32.0,19.8,67
2026-04-09 08:00:00,-0.4,147.0,141.2,100
2026-04-09 09:00:00,0.5,202.0,197.5,100
2026-04-09 10:00:00,1.7,286.0,285.4,100
2026-04-09 11:00:00,2.6,318.0,317.2,100
2026-04-09 12:00:00,3.4,320.0,322.4,100
2026-04-09 13:00:00,4.0,368.0,366.9,100
2026-04-09 14:00:00,3.1,352.0,352.3,100
2026-04-09 15:00:00,3.5,329.0,331.4,99
2026-04-09 16:00:00,3.8,272.0,270.4,100
2026-04-09 17:00:00,3.6,188.0,182.5,100
2026-04-09 18:00:00,3.2,79.0,73.3,100
2026-04-09 19:00:00,3.1,30.0,27.8,100
2026-04-09 20:00:00,3.0,2.0,1.9,69
2026-04-09 21:00:00,2.2,0.0,0.0,42
2026-04-09 22:00:00,1.3,0.0,0.0,38
2026-04-09 23:00:00,0.8,0.0,0.0,0
2026-04-10 00:00:00,-0.1,0.0,0.0,1
2026-04-10 01:00:00,-0.9,0.0,0.0,3
2026-04-10 02:00:00,0.2,0.0,0.0,32
2026-04-10 03:00:00,-0.6,0.0,0.0,9
2026-04-10 04:00:00,-1.2,0.0,0.0,1
2026-04-10 05:00:00,-1.3,0.0,0.0,0
2026-04-10 06:00:00,-1.3,0.0,0.0,0
2026-04-10 07:00:00,-1.0,36.0,20.8,0
2026-04-10 08:00:00,0.4,173.0,166.7,11
2026-04-10 09:00:00,2.9,340.0,384.8,1
2026-04-10 10:00:00,4.8,495.0,600.7,36
2026-04-10 11:00:00,5.7,544.0,660.3,86
2026-04-10 12:00:00,6.1,477.0,524.1,95
2026-04-10 13:00:00,6.8,511.0,569.7,100
2026-04-10 14:00:00,7.7,512.0,553.3,100
2026-04-10 15:00:00,8.4,532.0,607.0,100
2026-04-10 16:00:00,8.7,417.0,452.8,100
2026-04-10 17:00:00,8.6,307.0,318.7,100
2026-04-10 18:00:00,8.1,210.0,210.0,95
2026-04-10 19:00:00,6.6,91.0,76.2,80
2026-04-10 20:00:00,5.1,6.0,4.7,94
2026-04-10 21:00:00,4.6,0.0,0.0,99
2026-04-10 22:00:00,3.8,0.0,0.0,64
2026-04-10 23:00:00,2.8,0.0,0.0,2
2026-04-11 00:00:00,1.7,0.0,0.0,13
2026-04-11 01:00:00,1.5,0.0,0.0,28
2026-04-11 02:00:00,1.3,0.0,0.0,76
2026-04-11 03:00:00,1.4,0.0,0.0,100
2026-04-11 04:00:00,1.8,0.0,0.0,98
2026-04-11 05:00:00,1.9,0.0,0.0,100
2026-04-11 06:00:00,1.4,0.0,0.0,100
2026-04-11 07:00:00,1.8,16.0,14.8,100
2026-04-11 08:00:00,2.1,70.0,65.0,100
2026-04-11 09:00:00,3.4,168.0,164.9,100
2026-04-11 10:00:00,4.4,208.0,199.7,100
2026-04-11 11:00:00,5.6,266.0,255.1,89
2026-04-11 12:00:00,7.7,500.0,558.0,91
2026-04-11 13:00:00,8.8,574.0,686.9,100
2026-04-11 14:00:00,9.1,295.0,291.9,100
2026-04-11 15:00:00,9.4,348.0,351.4,100
2026-04-11 16:00:00,9.1,216.0,207.5,96
2026-04-11 17:00:00,9.1,197.0,190.7,73
2026-04-11 18:00:00,8.7,143.0,138.5,24
2026-04-11 19:00:00,7.9,78.0,65.9,1
2026-04-11 20:00:00,6.2,7.0,4.7,2
2026-04-11 21:00:00,5.9,0.0,0.0,0
2026-04-11 22:00:00,4.6,0.0,0.0,0
2026-04-11 23:00:00,3.5,0.0,0.0,0
2026-04-12 00:00:00,2.5,0.0,0.0,0
2026-04-12 01:00:00,2.1,0.0,0.0,0
2026-04-12 02:00:00,1.8,0.0,0.0,0
2026-04-12 03:00:00,1.6,0.0,0.0,0
2026-04-12 04:00:00,1.3,0.0,0.0,0
2026-04-12 05:00:00,1.2,0.0,0.0,0
2026-04-12 06:00:00,1.2,0.0,0.0,0
2026-04-12 07:00:00,2.1,44.0,23.5,24
2026-04-12 08:00:00,4.1,187.0,177.7,10
2026-04-12 09:00:00,6.6,357.0,401.5,35
2026-04-12 10:00:00,8.9,513.0,618.8,99
2026-04-12 11:00:00,10.4,579.0,682.9,99
2026-04-12 12:00:00,11.5,660.0,793.4,97
2026-04-12 13:00:00,12.5,743.0,932.0,87
2026-04-12 14:00:00,12.8,579.0,648.8,99
2026-04-12 15:00:00,13.5,516.0,569.0,92
2026-04-12 16:00:00,13.8,454.0,494.3,100
2026-04-12 17:00:00,13.1,168.0,157.4,100
2026-04-12 18:00:00,12.1,83.0,77.0,100
2026-04-12 19:00:00,10.7,36.0,32.9,99
2026-04-12 20:00:00,10.1,3.0,2.8,100
2026-04-12 21:00:00,9.6,0.0,0.0,99
2026-04-12 22:00:00,9.3,0.0,0.0,100
2026-04-12 23:00:00,9.2,0.0,0.0,100
2026-04-13 00:00:00,8.9,0.0,0.0,100
2026-04-13 01:00:00,8.6,0.0,0.0,100
2026-04-13 02:00:00,8.2,0.0,0.0,100
2026-04-13 03:00:00,8.0,0.0,0.0,100
2026-04-13 04:00:00,7.9,0.0,0.0,100
2026-04-13 05:00:00,7.6,0.0,0.0,100
2026-04-13 06:00:00,7.4,0.0,0.0,100
2026-04-13 07:00:00,7.4,11.0,10.2,100
2026-04-13 08:00:00,7.8,26.0,24.1,100
2026-04-13 09:00:00,8.3,65.0,61.3,100
2026-04-13 10:00:00,8.4,125.0,116.3,100
2026-04-13 11:00:00,10.4,356.0,356.6,99
2026-04-13 12:00:00,11.7,468.0,500.2,100
2026-04-13 13:00:00,11.6,350.0,361.1,100
2026-04-13 14:00:00,12.3,316.0,317.4,36
2026-04-13 15:00:00,13.4,481.0,538.5,98
2026-04-13 16:00:00,13.5,363.0,385.9,100
2026-04-13 17:00:00,13.1,323.0,347.5,100
2026-04-13 18:00:00,12.7,230.0,229.5,100
2026-04-13 19:00:00,11.6,69.0,62.6,100
2026-04-13 20:00:00,11.5,3.0,2.8,100
2026-04-13 21:00:00,11.3,0.0,0.0,100
2026-04-13 22:00:00,11.1,0.0,0.0,99
2026-04-13 23:00:00,10.3,0.0,0.0,100
2026-04-14 00:00:00,9.8,0.0,0.0,100
2026-04-14 01:00:00,9.3,0.0,0.0,100
2026-04-14 02:00:00,8.7,0.0,0.0,98
2026-04-14 03:00:00,8.3,0.0,0.0,100
2026-04-14 04:00:00,8.0,0.0,0.0,100
2026-04-14 05:00:00,7.7,0.0,0.0,100
2026-04-14 06:00:00,7.3,0.0,0.0,84
2026-04-14 07:00:00,7.4,35.0,24.7,100
2026-04-14 08:00:00,8.3,139.0,129.3,100
2026-04-14 09:00:00,9.1,91.0,85.6,100
2026-04-14 10:00:00,11.2,218.0,207.8,99
2026-04-14 11:00:00,13.8,395.0,414.5,86
2026-04-14 12:00:00,16.2,554.0,625.5,100
2026-04-14 13:00:00,17.1,484.0,510.9,100
2026-04-14 14:00:00,17.6,474.0,504.3,99
2026-04-14 15:00:00,18.3,528.0,586.0,98
2026-04-14 16:00:00,18.4,465.0,517.7,71
2026-04-14 17:00:00,18.2,363.0,403.0,98
2026-04-14 18:00:00,17.8,153.0,146.5,100
2026-04-14 19:00:00,16.8,24.0,22.3,100
2026-04-14 20:00:00,14.9,2.0,1.9,100
2026-04-14 21:00:00,13.5,0.0,0.0,100
2026-04-14 22:00:00,11.8,0.0,0.0,83
2026-04-14 23:00:00,10.7,0.0,0.0,100
2026-04-15 00:00:00,10.7,0.0,0.0,100
2026-04-15 01:00:00,10.6,0.0,0.0,100
2026-04-15 02:00:00,11.1,0.0,0.0,100
2026-04-15 03:00:00,10.5,0.0,0.0,100
2026-04-15 04:00:00,10.3,0.0,0.0,100
2026-04-15 05:00:00,10.0,0.0,0.0,100
2026-04-15 06:00:00,9.7,0.0,0.0,100
2026-04-15 07:00:00,9.6,10.0,9.3,100
2026-04-15 08:00:00,9.4,45.0,41.8,100
2026-04-15 09:00:00,9.8,71.0,65.9,100
2026-04-15 10:00:00,11.2,233.0,227.8,41
2026-04-15 11:00:00,13.3,443.0,489.1,73
2026-04-15 12:00:00,14.4,486.0,530.9,76
2026-04-15 13:00:00,14.6,496.0,533.9,92
2026-04-15 14:00:00,13.3,465.0,495.0,100
2026-04-15 15:00:00,13.9,308.0,299.4,100
2026-04-15 16:00:00,13.9,271.0,267.3,100
2026-04-15 17:00:00,14.0,234.0,236.9,100
2026-04-15 18:00:00,13.8,180.0,174.4,100
2026-04-15 19:00:00,13.3,64.0,54.5,88
2026-04-15 20:00:00,12.5,9.0,6.5,55
2026-04-15 21:00:00,11.5,0.0,0.0,53
2026-04-15 22:00:00,11.0,0.0,0.0,98
2026-04-15 23:00:00,11.0,0.0,0.0,100
2026-04-16 00:00:00,10.7,0.0,0.0,100
2026-04-16 01:00:00,10.5,0.0,0.0,100
2026-04-16 02:00:00,10.9,0.0,0.0,100
2026-04-16 03:00:00,10.0,0.0,0.0,100
2026-04-16 04:00:00,9.8,0.0,0.0,100
2026-04-16 05:00:00,9.5,0.0,0.0,99
2026-04-16 06:00:00,9.1,0.0,0.0,100
2026-04-16 07:00:00,9.6,35.0,30.7,99
2026-04-16 08:00:00,11.0,148.0,137.1,85
2026-04-16 09:00:00,12.8,315.0,334.6,66
2026-04-16 10:00:00,14.3,495.0,570.3,5
2026-04-16 11:00:00,15.6,638.0,779.7,34
2026-04-16 12:00:00,16.7,680.0,836.9,70
2026-04-16 13:00:00,16.9,527.0,608.6,63
2026-04-16 14:00:00,17.2,569.0,658.9,80
2026-04-16 15:00:00,17.5,440.0,489.4,100
2026-04-16 16:00:00,17.3,342.0,354.5,100
2026-04-16 17:00:00,17.1,237.0,239.6,87
2026-04-16 18:00:00,16.6,153.0,147.3,63
2026-04-16 19:00:00,15.8,75.0,63.3,100
2026-04-16 20:00:00,15.1,7.0,6.5,100
2026-04-16 21:00:00,14.3,0.0,0.0,77
2026-04-16 22:00:00,13.1,0.0,0.0,97
2026-04-16 23:00:00,12.8,0.0,0.0,23
2026-04-17 00:00:00,11.7,0.0,0.0,2
2026-04-17 01:00:00,10.9,0.0,0.0,2
2026-04-17 02:00:00,10.2,0.0,0.0,5
2026-04-17 03:00:00,9.5,0.0,0.0,45
2026-04-17 04:00:00,8.9,0.0,0.0,1
2026-04-17 05:00:00,8.4,0.0,0.0,5
2026-04-17 06:00:00,7.8,0.0,0.0,6
2026-04-17 07:00:00,8.6,58.0,29.2,2
2026-04-17 08:00:00,10.2,200.0,183.7,30
2026-04-17 09:00:00,12.6,338.0,362.0,16
2026-04-17 10:00:00,14.6,492.0,568.6,18
2026-04-17 11:00:00,16.0,561.0,654.0,34
2026-04-17 12:00:00,16.1,620.0,746.8,52
2026-04-17 13:00:00,16.1,572.0,685.4,37
2026-04-17 14:00:00,16.6,624.0,754.9,29
2026-04-17 15:00:00,17.4,625.0,754.8,16
2026-04-17 16:00:00,17.1,541.0,640.1,25
2026-04-17 17:00:00,16.7,407.0,453.2,5
2026-04-17 18:00:00,15.7,278.0,280.1,0
2026-04-17 19:00:00,14.6,123.0,90.3,0
2026-04-17 20:00:00,12.9,14.0,8.4,1
2026-04-17 21:00:00,11.7,0.0,0.0,1
2026-04-17 22:00:00,10.7,0.0,0.0,1
2026-04-17 23:00:00,9.9,0.0,0.0,0
2026-04-18 00:00:00,9.2,0.0,0.0,5
2026-04-18 01:00:00,8.5,0.0,0.0,0
2026-04-18 02:00:00,7.3,0.0,0.0,0
2026-04-18 03:00:00,6.6,0.0,0.0,0
2026-04-18 04:00:00,6.0,0.0,0.0,0
2026-04-18 05:00:00,5.5,0.0,0.0,0
2026-04-18 06:00:00,5.0,1.0,0.0,0
2026-04-18 07:00:00,5.8,63.0,30.2,0
2026-04-18 08:00:00,7.6,209.0,190.7,0
2026-04-18 09:00:00,10.7,376.0,407.4,0
2026-04-18 10:00:00,12.7,530.0,620.1,0
2026-04-18 11:00:00,14.2,655.0,797.4,0
2026-04-18 12:00:00,15.5,740.0,918.9,0
2026-04-18 13:00:00,16.5,777.0,972.4,0
2026-04-18 14:00:00,17.1,761.0,949.8,2
2026-04-18 15:00:00,19.0,685.0,836.3,82
2026-04-18 16:00:00,18.9,491.0,556.0,58
2026-04-18 17:00:00,18.5,371.0,399.1,55
2026-04-18 18:00:00,17.9,232.0,228.4,57
2026-04-18 19:00:00,16.9,117.0,88.4,10
2026-04-18 20:00:00,15.3,15.0,9.4,0
2026-04-18 21:00:00,14.2,0.0,0.0,0
2026-04-18 22:00:00,13.3,0.0,0.0,1
2026-04-18 23:00:00,12.2,0.0,0.0,7
2026-04-19 00:00:00,11.6,0.0,0.0,83
2026-04-19 01:00:00,10.9,0.0,0.0,100
2026-04-19 02:00:00,9.5,0.0,0.0,100
2026-04-19 03:00:00,9.0,0.0,0.0,100
2026-04-19 04:00:00,8.8,0.0,0.0,100
2026-04-19 05:00:00,8.5,0.0,0.0,79
2026-04-19 06:00:00,7.1,1.0,0.0,78
2026-04-19 07:00:00,7.8,63.0,35.7,93
2026-04-19 08:00:00,10.1,207.0,188.0,81
2026-04-19 09:00:00,13.1,353.0,372.7,82
2026-04-19 10:00:00,16.2,514.0,590.3,64
2026-04-19 11:00:00,17.7,644.0,772.8,95
2026-04-19 12:00:00,18.6,709.0,857.8,100
2026-04-19 13:00:00,19.2,602.0,664.8,100
2026-04-19 14:00:00,18.9,452.0,470.1,80
2026-04-19 15:00:00,20.1,623.0,729.9,100
2026-04-19 16:00:00,19.3,310.0,313.6,100
2026-04-19 17:00:00,18.2,161.0,154.3,100
2026-04-19 18:00:00,15.7,66.0,61.2,100
2026-04-19 19:00:00,13.6,32.0,29.7,100
2026-04-19 20:00:00,12.3,3.0,2.8,100
2026-04-19 21:00:00,11.9,0.0,0.0,100
2026-04-19 22:00:00,11.5,0.0,0.0,100
2026-04-19 23:00:00,11.5,0.0,0.0,100
2026-04-20 00:00:00,10.6,0.0,0.0,100
2026-04-20 01:00:00,9.6,0.0,0.0,100
2026-04-20 02:00:00,8.3,0.0,0.0,100
2026-04-20 03:00:00,7.4,0.0,0.0,100
2026-04-20 04:00:00,6.8,0.0,0.0,97
2026-04-20 05:00:00,5.7,0.0,0.0,96
2026-04-20 06:00:00,5.3,1.0,0.9,99
2026-04-20 07:00:00,6.0,54.0,41.0,100
2026-04-20 08:00:00,6.5,81.0,75.1,100
2026-04-20 09:00:00,7.1,118.0,111.3,100
2026-04-20 10:00:00,7.6,138.0,129.2,100
2026-04-20 11:00:00,8.1,149.0,139.6,100
2026-04-20 12:00:00,9.4,311.0,300.8,98
2026-04-20 13:00:00,10.4,445.0,488.2,73
2026-04-20 14:00:00,9.7,352.0,373.2,77
2026-04-20 15:00:00,10.5,436.0,467.9,98
2026-04-20 16:00:00,9.5,252.0,261.7,100
2026-04-20 17:00:00,9.4,156.0,155.4,84
2026-04-20 18:00:00,8.7,179.0,172.4,51
2026-04-20 19:00:00,7.9,101.0,78.2,84
2026-04-20 20:00:00,7.1,11.0,9.3,73
2026-04-20 21:00:00,6.4,0.0,0.0,100
2026-04-20 22:00:00,6.6,0.0,0.0,100
2026-04-20 23:00:00,6.2,0.0,0.0,100
2026-04-21 00:00:00,6.0,0.0,0.0,100
2026-04-21 01:00:00,5.7,0.0,0.0,100
2026-04-21 02:00:00,5.3,0.0,0.0,100
2026-04-21 03:00:00,5.3,0.0,0.0,100
2026-04-21 04:00:00,5.3,0.0,0.0,100
2026-04-21 05:00:00,5.2,0.0,0.0,100
2026-04-21 06:00:00,5.0,1.0,0.9,95
2026-04-21 07:00:00,4.9,37.0,28.9,59
2026-04-21 08:00:00,5.8,141.0,128.2,53
2026-04-21 09:00:00,7.7,326.0,337.6,12
2026-04-21 10:00:00,9.1,518.0,589.2,23
2026-04-21 11:00:00,9.9,627.0,741.1,34
2026-04-21 12:00:00,10.8,661.0,783.8,55
2026-04-21 13:00:00,11.1,527.0,583.6,88
2026-04-21 14:00:00,10.8,509.0,558.3,100
2026-04-21 15:00:00,10.7,267.0,259.0,100
2026-04-21 16:00:00,10.7,245.0,231.8,100
2026-04-21 17:00:00,10.7,230.0,223.2,100
2026-04-21 18:00:00,10.4,142.0,133.7,96
2026-04-21 19:00:00,9.9,75.0,64.5,42
2026-04-21 20:00:00,8.9,15.0,11.2,57
2026-04-21 21:00:00,7.8,0.0,0.0,48
2026-04-21 22:00:00,6.9,0.0,0.0,100
2026-04-21 23:00:00,7.2,0.0,0.0,97
2026-04-22 00:00:00,6.5,0.0,0.0,48
2026-04-22 01:00:00,5.5,0.0,0.0,51
2026-04-22 02:00:00,4.9,0.0,0.0,1
2026-04-22 03:00:00,3.9,0.0,0.0,86
2026-04-22 04:00:00,3.2,0.0,0.0,83
2026-04-22 05:00:00,2.5,0.0,0.0,5
2026-04-22 06:00:00,1.8,3.0,2.8,0
2026-04-22 07:00:00,2.4,80.0,38.1,0
2026-04-22 08:00:00,4.5,233.0,207.6,0
2026-04-22 09:00:00,6.7,401.0,425.5,13
2026-04-22 10:00:00,8.9,556.0,638.5,27
2026-04-22 11:00:00,10.8,679.0,812.0,48
2026-04-22 12:00:00,12.2,762.0,929.8,48
2026-04-22 13:00:00,13.0,776.0,941.8,69
2026-04-22 14:00:00,13.3,742.0,887.4,0
2026-04-22 15:00:00,13.6,723.0,873.0,0
2026-04-22 16:00:00,13.5,621.0,730.1,23
2026-04-22 17:00:00,13.0,475.0,524.5,0
2026-04-22 18:00:00,12.7,309.0,301.5,15
2026-04-22 19:00:00,11.5,143.0,100.3,12
2026-04-22 20:00:00,10.1,21.0,12.2,2
2026-04-22 21:00:00,9.4,0.0,0.0,0
2026-04-22 22:00:00,8.5,0.0,0.0,9
2026-04-22 23:00:00,7.8,0.0,0.0,99
2026-04-23 00:00:00,8.3,0.0,0.0,100
2026-04-23 01:00:00,7.8,0.0,0.0,99
2026-04-23 02:00:00,7.1,0.0,0.0,100
2026-04-23 03:00:00,6.7,0.0,0.0,100
2026-04-23 04:00:00,6.4,0.0,0.0,100
2026-04-23 05:00:00,6.4,0.0,0.0,100
2026-04-23 06:00:00,6.3,2.0,1.9,99
2026-04-23 07:00:00,6.9,52.0,44.8,75
2026-04-23 08:00:00,8.3,202.0,181.8,91
2026-04-23 09:00:00,9.7,363.0,372.2,65
2026-04-23 10:00:00,11.3,526.0,587.8,26
2026-04-23 11:00:00,12.8,663.0,781.2,38
2026-04-23 12:00:00,14.0,740.0,886.5,37
2026-04-23 13:00:00,15.2,776.0,941.3,85
2026-04-23 14:00:00,16.3,703.0,818.3,73
2026-04-23 15:00:00,16.1,554.0,598.6,63
2026-04-23 16:00:00,16.3,449.0,480.1,98
2026-04-23 17:00:00,15.6,270.0,266.3,91
2026-04-23 18:00:00,14.6,145.0,135.5,91
2026-04-23 19:00:00,13.8,101.0,81.3,91
2026-04-23 20:00:00,13.3,15.0,12.1,89
2026-04-23 21:00:00,12.7,0.0,0.0,100
2026-04-23 22:00:00,12.3,0.0,0.0,99
2026-04-23 23:00:00,11.5,0.0,0.0,99
2026-04-24 00:00:00,11.3,0.0,0.0,95
2026-04-24 01:00:00,10.7,0.0,0.0,98
2026-04-24 02:00:00,10.7,0.0,0.0,80
2026-04-24 03:00:00,9.6,0.0,0.0,17
2026-04-24 04:00:00,8.2,0.0,0.0,11
2026-04-24 05:00:00,7.2,0.0,0.0,17
2026-04-24 06:00:00,6.5,4.0,2.8,5
2026-04-24 07:00:00,7.0,85.0,43.2,1
2026-04-24 08:00:00,8.5,239.0,210.7,0
2026-04-24 09:00:00,10.5,406.0,426.2,0
2026-04-24 10:00:00,12.4,560.0,637.8,16
2026-04-24 11:00:00,14.2,683.0,810.5,88
2026-04-24 12:00:00,14.7,532.0,587.6,100
2026-04-24 13:00:00,14.4,340.0,333.9,100
2026-04-24 14:00:00,14.4,300.0,290.7,90
2026-04-24 15:00:00,15.3,453.0,485.9,95
2026-04-24 16:00:00,14.8,255.0,253.6,95
2026-04-24 17:00:00,14.8,224.0,221.6,70
2026-04-24 18:00:00,14.8,218.0,208.1,36
2026-04-24 19:00:00,14.2,120.0,87.3,0
2026-04-24 20:00:00,12.5,25.0,14.1,0
2026-04-24 21:00:00,11.0,0.0,0.0,0
2026-04-24 22:00:00,9.7,0.0,0.0,0
2026-04-24 23:00:00,8.7,0.0,0.0,0
2026-04-25 00:00:00,7.8,0.0,0.0,0
2026-04-25 01:00:00,7.1,0.0,0.0,0
2026-04-25 02:00:00,6.0,0.0,0.0,20
2026-04-25 03:00:00,5.2,0.0,0.0,21
2026-04-25 04:00:00,4.8,0.0,0.0,23
2026-04-25 05:00:00,4.5,0.0,0.0,27
2026-04-25 06:00:00,4.5,5.0,3.7,2
2026-04-25 07:00:00,5.7,86.0,44.7,5
2026-04-25 08:00:00,7.9,237.0,208.4,66
2026-04-25 09:00:00,10.2,394.0,407.8,84
2026-04-25 10:00:00,12.1,521.0,577.0,99
2026-04-25 11:00:00,13.8,595.0,664.0,100
2026-04-25 12:00:00,15.0,547.0,583.6,99
2026-04-25 13:00:00,16.5,728.0,837.6,100
2026-04-25 14:00:00,17.8,749.0,882.4,96
2026-04-25 15:00:00,18.3,703.0,827.8,40
2026-04-25 16:00:00,18.2,613.0,707.3,0
2026-04-25 17:00:00,18.0,473.0,514.3,0
2026-04-25 18:00:00,17.9,309.0,295.6,0
2026-04-25 19:00:00,16.8,149.0,102.2,2
2026-04-25 20:00:00,16.0,26.0,14.1,1
2026-04-25 21:00:00,15.5,0.0,0.0,16
2026-04-25 22:00:00,15.0,0.0,0.0,23
2026-04-25 23:00:00,13.9,0.0,0.0,20
2026-04-26 00:00:00,13.3,0.0,0.0,73
2026-04-26 01:00:00,12.9,0.0,0.0,99
2026-04-26 02:00:00,13.2,0.0,0.0,86
2026-04-26 03:00:00,12.0,0.0,0.0,100
2026-04-26 04:00:00,10.3,0.0,0.0,16
2026-04-26 05:00:00,7.6,0.0,0.0,84
2026-04-26 06:00:00,6.7,4.0,3.7,23
2026-04-26 07:00:00,6.1,81.0,44.7,100
2026-04-26 08:00:00,6.4,143.0,129.3,52
2026-04-26 09:00:00,7.5,302.0,300.8,71
2026-04-26 10:00:00,8.4,396.0,413.0,43
2026-04-26 11:00:00,9.5,525.0,580.7,98
2026-04-26 12:00:00,9.9,448.0,472.5,92
2026-04-26 13:00:00,10.7,506.0,528.4,63
2026-04-26 14:00:00,11.5,509.0,541.5,55
2026-04-26 15:00:00,12.0,594.0,647.4,28
2026-04-26 16:00:00,12.2,558.0,616.8,43
2026-04-26 17:00:00,12.0,443.0,466.2,2
2026-04-26 18:00:00,11.5,325.0,309.1,1
2026-04-26 19:00:00,10.6,158.0,106.8,13
2026-04-26 20:00:00,9.6,29.0,16.0,0
2026-04-26 21:00:00,8.8,0.0,0.0,33
2026-04-26 22:00:00,7.8,0.0,0.0,20
2026-04-26 23:00:00,6.8,0.0,0.0,16
2026-04-27 00:00:00,6.1,0.0,0.0,100
2026-04-27 01:00:00,5.7,0.0,0.0,98
2026-04-27 02:00:00,4.1,0.0,0.0,13
2026-04-27 03:00:00,3.0,0.0,0.0,7
2026-04-27 04:00:00,2.2,0.0,0.0,20
2026-04-27 05:00:00,2.2,0.0,0.0,34
2026-04-27 06:00:00,2.2,7.0,5.6,19
2026-04-27 07:00:00,3.6,99.0,48.1,27
2026-04-27 08:00:00,6.1,257.0,222.9,5
2026-04-27 09:00:00,8.8,430.0,446.0,18
2026-04-27 10:00:00,11.0,587.0,661.7,64
2026-04-27 11:00:00,12.2,706.0,827.2,34
2026-04-27 12:00:00,13.1,788.0,942.6,67
2026-04-27 13:00:00,13.8,814.0,974.1,0
2026-04-27 14:00:00,14.4,818.0,990.2,0
2026-04-27 15:00:00,14.7,752.0,895.4,0
2026-04-27 16:00:00,14.7,638.0,733.5,0
2026-04-27 17:00:00,14.8,490.0,527.9,0
2026-04-27 18:00:00,14.1,325.0,307.2,13
2026-04-27 19:00:00,13.3,159.0,107.6,82
2026-04-27 20:00:00,12.4,30.0,17.8,100
2026-04-27 21:00:00,11.8,0.0,0.0,100
2026-04-27 22:00:00,10.4,0.0,0.0,38
2026-04-27 23:00:00,9.0,0.0,0.0,55
2026-04-28 00:00:00,8.4,0.0,0.0,49
2026-04-28 01:00:00,7.6,0.0,0.0,95
2026-04-28 02:00:00,6.3,0.0,0.0,78
2026-04-28 03:00:00,5.4,0.0,0.0,35
2026-04-28 04:00:00,4.9,0.0,0.0,48
2026-04-28 05:00:00,4.3,0.0,0.0,72
2026-04-28 06:00:00,3.5,8.0,6.5,99
2026-04-28 07:00:00,4.2,84.0,59.5,99
2026-04-28 08:00:00,5.6,217.0,193.0,34
2026-04-28 09:00:00,7.5,415.0,425.4,14
2026-04-28 10:00:00,9.1,578.0,647.0,8
2026-04-28 11:00:00,10.4,706.0,826.8,12
2026-04-28 12:00:00,11.5,793.0,950.7,23
2026-04-28 13:00:00,12.3,832.0,1006.8,63
2026-04-28 14:00:00,12.4,823.0,993.0,3
2026-04-28 15:00:00,13.1,760.0,901.6,0
2026-04-28 16:00:00,13.2,651.0,745.9,0
2026-04-28 17:00:00,12.9,505.0,541.9,4
2026-04-28 18:00:00,12.1,338.0,317.7,0
2026-04-28 19:00:00,11.2,168.0,111.8,0
2026-04-28 20:00:00,9.8,34.0,17.9,5
2026-04-28 21:00:00,8.8,0.0,0.0,0
2026-04-28 22:00:00,7.8,0.0,0.0,0
2026-04-28 23:00:00,6.9,0.0,0.0,0
2026-04-29 00:00:00,6.1,0.0,0.0,0
2026-04-29 01:00:00,5.4,0.0,0.0,0
2026-04-29 02:00:00,4.2,0.0,0.0,0
2026-04-29 03:00:00,3.0,0.0,0.0,0
2026-04-29 04:00:00,2.7,0.0,0.0,0
2026-04-29 05:00:00,2.2,0.0,0.0,0
2026-04-29 06:00:00,1.9,9.0,5.6,9
2026-04-29 07:00:00,3.0,103.0,55.2,59
2026-04-29 08:00:00,4.9,227.0,199.3,8
2026-04-29 09:00:00,6.7,417.0,425.0,54
2026-04-29 10:00:00,7.7,538.0,583.8,76
2026-04-29 11:00:00,8.4,665.0,746.9,42
2026-04-29 12:00:00,9.3,757.0,876.3,0
2026-04-29 13:00:00,9.8,854.0,1030.9,0
2026-04-29 14:00:00,10.1,831.0,997.9,38
2026-04-29 15:00:00,10.3,728.0,840.3,50
2026-04-29 16:00:00,10.1,581.0,638.5,53
2026-04-29 17:00:00,8.5,378.0,383.2,29
2026-04-29 18:00:00,7.4,314.0,293.2,14
2026-04-29 19:00:00,6.6,158.0,108.1,5
2026-04-29 20:00:00,5.9,32.0,18.8,5
2026-04-29 21:00:00,5.2,0.0,0.0,0
2026-04-29 22:00:00,4.5,0.0,0.0,0
2026-04-29 23:00:00,3.9,0.0,0.0,0
2026-04-30 00:00:00,3.5,0.0,0.0,0
2026-04-30 01:00:00,2.6,0.0,0.0,0
2026-04-30 02:00:00,1.7,0.0,0.0,0
2026-04-30 03:00:00,0.7,0.0,0.0,0
2026-04-30 04:00:00,0.1,0.0,0.0,3
2026-04-30 05:00:00,-0.5,0.0,0.0,7
2026-04-30 06:00:00,-0.2,11.0,7.5,2
2026-04-30 07:00:00,1.5,112.0,54.6,8
2026-04-30 08:00:00,3.9,271.0,231.8,8
2026-04-30 09:00:00,6.9,439.0,448.4,8
2026-04-30 10:00:00,8.6,595.0,661.7,3
2026-04-30 11:00:00,9.9,714.0,828.8,16
2026-04-30 12:00:00,11.1,804.0,957.5,81
2026-04-30 13:00:00,12.1,835.0,1000.6,81
2026-04-30 14:00:00,12.8,816.0,972.5,100
2026-04-30 15:00:00,13.4,749.0,877.2,100
2026-04-30 16:00:00,13.5,617.0,686.7,12
2026-04-30 17:00:00,13.5,500.0,530.7,14
2026-04-30 18:00:00,13.0,334.0,310.4,96
2026-04-30 19:00:00,12.2,165.0,111.3,40
2026-04-30 20:00:00,11.6,35.0,19.7,93
2026-04-30 21:00:00,10.6,0.0,0.0,100
2026-04-30 22:00:00,10.8,0.0,0.0,100
2026-04-30 23:00:00,10.8,0.0,0.0,100
2026-05-01 00:00:00,10.5,0.0,0.0,100
2026-05-01 01:00:00,10.3,0.0,0.0,100
2026-05-01 02:00:00,9.8,0.0,0.0,100
2026-05-01 03:00:00,9.5,0.0,0.0,100
2026-05-01 04:00:00,9.2,0.0,0.0,100
2026-05-01 05:00:00,8.8,0.0,0.0,100
2026-05-01 06:00:00,8.5,5.0,3.7,87
2026-05-01 07:00:00,9.1,79.0,59.4,15
2026-05-01 08:00:00,10.9,262.0,223.7,91
2026-05-01 09:00:00,12.7,360.0,355.4,100
2026-05-01 10:00:00,13.8,359.0,354.2,55
2026-05-01 11:00:00,15.7,554.0,590.9,9
2026-05-01 12:00:00,17.8,773.0,911.0,20
2026-05-01 13:00:00,19.6,805.0,955.1,36
2026-05-01 14:00:00,19.3,635.0,704.6,48
2026-05-01 15:00:00,21.0,645.0,728.1,84
2026-05-01 16:00:00,20.2,333.0,334.0,47
2026-05-01 17:00:00,20.5,370.0,375.7,38
2026-05-01 18:00:00,20.4,267.0,247.0,38
2026-05-01 19:00:00,19.3,147.0,103.0,4
2026-05-01 20:00:00,17.6,38.0,19.8,7
2026-05-01 21:00:00,16.3,0.0,0.0,29
2026-05-01 22:00:00,15.0,0.0,0.0,20
2026-05-01 23:00:00,14.1,0.0,0.0,1
2026-05-02 00:00:00,13.3,0.0,0.0,15
2026-05-02 01:00:00,12.4,0.0,0.0,0
2026-05-02 02:00:00,10.4,0.0,0.0,0
2026-05-02 03:00:00,9.0,0.0,0.0,0
2026-05-02 04:00:00,8.4,0.0,0.0,0
2026-05-02 05:00:00,7.9,0.0,0.0,0
2026-05-02 06:00:00,7.8,13.0,8.4,0
2026-05-02 07:00:00,9.5,117.0,56.4,0
2026-05-02 08:00:00,12.3,276.0,233.5,0
2026-05-02 09:00:00,15.6,444.0,450.5,9
2026-05-02 10:00:00,18.3,597.0,660.1,21
2026-05-02 11:00:00,19.5,720.0,833.0,12
2026-05-02 12:00:00,20.6,802.0,950.4,0
2026-05-02 13:00:00,21.5,836.0,999.3,0
2026-05-02 14:00:00,22.0,820.0,976.4,0
2026-05-02 15:00:00,22.9,755.0,882.8,0
2026-05-02 16:00:00,23.1,645.0,727.2,0
2026-05-02 17:00:00,23.0,502.0,528.8,0
2026-05-02 18:00:00,22.5,339.0,311.8,1
2026-05-02 19:00:00,21.3,174.0,113.4,0
2026-05-02 20:00:00,19.5,41.0,20.8,0
2026-05-02 21:00:00,18.1,0.0,0.0,0
2026-05-02 22:00:00,16.8,0.0,0.0,0
2026-05-02 23:00:00,15.9,0.0,0.0,0
2026-05-03 00:00:00,14.8,0.0,0.0,0
2026-05-03 01:00:00,13.7,0.0,0.0,0
2026-05-03 02:00:00,12.2,0.0,0.0,0
2026-05-03 03:00:00,11.4,0.0,0.0,0
2026-05-03 04:00:00,10.6,0.0,0.0,0
2026-05-03 05:00:00,9.7,0.0,0.0,0
2026-05-03 06:00:00,9.7,15.0,9.4,0
2026-05-03 07:00:00,11.7,123.0,58.6,0
2026-05-03 08:00:00,15.0,283.0,238.1,0
2026-05-03 09:00:00,17.8,452.0,457.0,0
2026-05-03 10:00:00,19.9,604.0,666.0,0
2026-05-03 11:00:00,21.6,727.0,839.1,0
2026-05-03 12:00:00,22.8,807.0,954.1,0
2026-05-03 13:00:00,23.8,839.0,1000.6,0
2026-05-03 14:00:00,24.6,823.0,977.3,0
2026-05-03 15:00:00,25.1,758.0,883.7,0
2026-05-03 16:00:00,25.1,649.0,729.4,0
2026-05-03 17:00:00,24.8,506.0,530.8,0
2026-05-03 18:00:00,24.4,343.0,313.9,1
2026-05-03 19:00:00,23.7,178.0,115.0,3
2026-05-03 20:00:00,22.2,44.0,21.7,0
2026-05-03 21:00:00,20.7,0.0,0.0,0
2026-05-03 22:00:00,19.5,0.0,0.0,3
2026-05-03 23:00:00,18.3,0.0,0.0,11
2026-05-04 00:00:00,16.9,0.0,0.0,14
2026-05-04 01:00:00,15.6,0.0,0.0,0
2026-05-04 02:00:00,14.2,0.0,0.0,0
2026-05-04 03:00:00,13.6,0.0,0.0,3
2026-05-04 04:00:00,13.3,0.0,0.0,30
2026-05-04 05:00:00,12.8,0.0,0.0,56
2026-05-04 06:00:00,12.8,16.0,10.3,2
2026-05-04 07:00:00,14.4,128.0,59.9,2
2026-05-04 08:00:00,16.9,290.0,242.8,28
2026-05-04 09:00:00,18.9,458.0,461.2,84
2026-05-04 10:00:00,20.9,605.0,662.2,70
2026-05-04 11:00:00,22.5,726.0,830.7,73
2026-05-04 12:00:00,23.8,806.0,943.7,98
2026-05-04 13:00:00,25.1,813.0,943.7,100
2026-05-04 14:00:00,25.8,794.0,914.7,99
2026-05-04 15:00:00,26.5,721.0,814.6,91
2026-05-04 16:00:00,26.4,626.0,689.3,97
2026-05-04 17:00:00,25.9,451.0,457.0,99
2026-05-04 18:00:00,25.0,290.0,265.8,99
2026-05-04 19:00:00,24.2,151.0,115.2,95
2026-05-04 20:00:00,23.2,40.0,28.9,84
2026-05-04 21:00:00,22.0,0.0,0.0,73
2026-05-04 22:00:00,20.9,0.0,0.0,4
2026-05-04 23:00:00,20.0,0.0,0.0,2
2026-05-05 00:00:00,18.7,0.0,0.0,4
2026-05-05 01:00:00,17.5,0.0,0.0,13
2026-05-05 02:00:00,16.4,0.0,0.0,70
2026-05-05 03:00:00,15.5,0.0,0.0,13
2026-05-05 04:00:00,15.0,0.0,0.0,87
2026-05-05 05:00:00,14.6,0.0,0.0,95
2026-05-05 06:00:00,14.7,17.0,11.2,100
2026-05-05 07:00:00,16.1,115.0,70.7,100
2026-05-05 08:00:00,18.3,280.0,235.3,99
2026-05-05 09:00:00,20.9,443.0,442.2,100
2026-05-05 10:00:00,22.9,574.0,614.4,100
2026-05-05 11:00:00,24.4,677.0,746.0,100
2026-05-05 12:00:00,25.5,690.0,764.0,99
2026-05-05 13:00:00,26.5,808.0,936.5,66
2026-05-05 14:00:00,27.3,822.0,963.6,100
2026-05-05 15:00:00,27.5,747.0,851.3,100
2026-05-05 16:00:00,27.3,543.0,565.3,100
2026-05-05 17:00:00,26.4,361.0,350.0,84
2026-05-05 18:00:00,26.2,323.0,293.4,3
2026-05-05 19:00:00,24.7,186.0,119.5,0
2026-05-05 20:00:00,23.4,49.0,24.5,2
2026-05-05 21:00:00,22.1,0.0,0.0,20
2026-05-05 22:00:00,21.1,0.0,0.0,51
2026-05-05 23:00:00,20.2,0.0,0.0,20
2026-05-06 00:00:00,19.2,0.0,0.0,14
2026-05-06 01:00:00,18.2,0.0,0.0,81
2026-05-06 02:00:00,16.9,0.0,0.0,1
2026-05-06 03:00:00,16.1,0.0,0.0,3
2026-05-06 04:00:00,15.7,0.0,0.0,9
2026-05-06 05:00:00,15.0,0.0,0.0,31
2026-05-06 06:00:00,14.8,18.0,12.2,5
2026-05-06 07:00:00,15.4,126.0,62.6,1
2026-05-06 08:00:00,17.3,281.0,234.1,2
2026-05-06 09:00:00,18.6,440.0,438.7,0
2026-05-06 10:00:00,20.1,589.0,640.7,0
2026-05-06 11:00:00,21.7,713.0,813.0,2
2026-05-06 12:00:00,22.7,782.0,909.9,54
2026-05-06 13:00:00,23.5,752.0,877.2,25
2026-05-06 14:00:00,23.4,788.0,916.8,35
2026-05-06 15:00:00,24.4,635.0,715.3,53
2026-05-06 16:00:00,24.4,548.0,594.7,23
2026-05-06 17:00:00,24.0,454.0,466.8,52
2026-05-06 18:00:00,23.6,279.0,253.0,99
2026-05-06 19:00:00,23.1,135.0,108.7,100
2026-05-06 20:00:00,22.6,25.0,21.4,80
2026-05-06 21:00:00,21.3,0.0,0.0,98
2026-05-06 22:00:00,20.4,0.0,0.0,100
2026-05-06 23:00:00,19.7,0.0,0.0,99
2026-05-07 00:00:00,18.9,0.0,0.0,100
2026-05-07 01:00:00,18.5,0.0,0.0,68
2026-05-07 02:00:00,15.7,0.0,0.0,95
2026-05-07 03:00:00,16.3,0.0,0.0,100
2026-05-07 04:00:00,16.1,0.0,0.0,100
2026-05-07 05:00:00,15.8,0.0,0.0,100
2026-05-07 06:00:00,15.4,17.0,14.9,99
2026-05-07 07:00:00,16.4,111.0,74.9,98
2026-05-07 08:00:00,17.0,227.0,198.1,100
2026-05-07 09:00:00,17.6,247.0,231.9,100
2026-05-07 10:00:00,18.2,355.0,348.2,99
2026-05-07 11:00:00,18.9,455.0,468.1,100
2026-05-07 12:00:00,19.9,559.0,582.8,100
2026-05-07 13:00:00,20.2,496.0,501.1,100
2026-05-07 14:00:00,20.5,439.0,436.6,100
2026-05-07 15:00:00,17.5,235.0,220.9,100
2026-05-07 16:00:00,19.1,382.0,373.0,91
2026-05-07 17:00:00,18.6,286.0,278.8,100
2026-05-07 18:00:00,18.5,230.0,210.9,100
2026-05-07 19:00:00,15.8,48.0,44.1,100
2026-05-07 20:00:00,14.6,26.0,24.1,100
2026-05-07 21:00:00,13.3,0.0,0.0,100
2026-05-07 22:00:00,13.1,0.0,0.0,100
2026-05-07 23:00:00,12.5,0.0,0.0,76
2026-05-08 00:00:00,12.1,0.0,0.0,62
2026-05-08 01:00:00,12.1,0.0,0.0,100
2026-05-08 02:00:00,11.0,0.0,0.0,77
2026-05-08 03:00:00,10.3,0.0,0.0,91
2026-05-08 04:00:00,10.1,0.0,0.0,100
2026-05-08 05:00:00,10.0,0.0,0.0,100
2026-05-08 06:00:00,9.8,7.0,6.5,100
2026-05-08 07:00:00,10.0,73.0,62.6,100
2026-05-08 08:00:00,10.2,185.0,166.8,100
2026-05-08 09:00:00,11.1,203.0,189.7,100
2026-05-08 10:00:00,12.4,321.0,308.2,100
2026-05-08 11:00:00,13.1,337.0,322.4,100
2026-05-08 12:00:00,13.5,321.0,304.7,95
2026-05-08 13:00:00,14.5,489.0,502.1,48
2026-05-08 14:00:00,13.9,636.0,696.2,100
2026-05-08 15:00:00,14.4,378.0,382.6,100
2026-05-08 16:00:00,14.9,414.0,412.8,100
2026-05-08 17:00:00,14.6,241.0,227.8,100
2026-05-08 18:00:00,14.2,154.0,141.3,100
2026-05-08 19:00:00,13.8,93.0,77.0,100
2026-05-08 20:00:00,13.0,28.0,22.3,100
2026-05-08 21:00:00,12.3,0.0,0.0,100
2026-05-08 22:00:00,11.4,0.0,0.0,40
2026-05-08 23:00:00,10.5,0.0,0.0,34
2026-05-09 00:00:00,9.9,0.0,0.0,23
2026-05-09 01:00:00,9.4,0.0,0.0,22
2026-05-09 02:00:00,9.4,0.0,0.0,63
2026-05-09 03:00:00,9.0,0.0,0.0,98
2026-05-09 04:00:00,8.6,0.0,0.0,100
2026-05-09 05:00:00,8.6,0.0,0.0,84
2026-05-09 06:00:00,8.8,20.0,14.0,75
2026-05-09 07:00:00,9.7,105.0,70.4,100
2026-05-09 08:00:00,10.6,205.0,180.8,100
2026-05-09 09:00:00,10.9,209.0,196.1,100
2026-05-09 10:00:00,11.6,293.0,279.5,100
2026-05-09 11:00:00,12.5,362.0,356.3,100
2026-05-09 12:00:00,13.0,341.0,339.4,100
2026-05-09 13:00:00,13.6,411.0,401.1,100
2026-05-09 14:00:00,13.6,359.0,352.1,100
2026-05-09 15:00:00,13.8,358.0,353.9,99
2026-05-09 16:00:00,13.8,299.0,288.9,100
2026-05-09 17:00:00,13.6,218.0,206.4,100
2026-05-09 18:00:00,13.3,145.0,134.2,100
2026-05-09 19:00:00,12.9,85.0,75.3,97
2026-05-09 20:00:00,12.4,26.0,21.4,95
2026-05-09 21:00:00,11.7,0.0,0.0,91
2026-05-09 22:00:00,11.3,0.0,0.0,3
2026-05-09 23:00:00,9.9,0.0,0.0,0
2026-05-10 00:00:00,9.4,0.0,0.0,0
2026-05-10 01:00:00,8.7,0.0,0.0,0
2026-05-10 02:00:00,7.2,0.0,0.0,0
2026-05-10 03:00:00,6.5,0.0,0.0,0
2026-05-10 04:00:00,6.4,0.0,0.0,0
2026-05-10 05:00:00,6.1,0.0,0.0,0
2026-05-10 06:00:00,6.5,26.0,15.0,0
2026-05-10 07:00:00,8.1,145.0,69.8,0
2026-05-10 08:00:00,10.2,308.0,252.0,0
2026-05-10 09:00:00,12.5,476.0,468.2,0
2026-05-10 10:00:00,13.9,627.0,674.3,0
2026-05-10 11:00:00,15.1,748.0,844.3,0
2026-05-10 12:00:00,16.2,829.0,959.5,0
2026-05-10 13:00:00,17.2,860.0,1004.2,0
2026-05-10 14:00:00,18.2,844.0,981.6,1
2026-05-10 15:00:00,19.0,778.0,886.3,1
2026-05-10 16:00:00,19.4,672.0,737.2,0
2026-05-10 17:00:00,19.5,528.0,538.8,0
2026-05-10 18:00:00,19.3,366.0,324.4,5
2026-05-10 19:00:00,18.2,200.0,126.0,9
2026-05-10 20:00:00,16.5,60.0,30.2,100
2026-05-10 21:00:00,15.2,1.0,0.0,99
2026-05-10 22:00:00,14.1,0.0,0.0,100
2026-05-10 23:00:00,13.5,0.0,0.0,100
2026-05-11 00:00:00,12.9,0.0,0.0,98
2026-05-11 01:00:00,12.3,0.0,0.0,99
2026-05-11 02:00:00,11.2,0.0,0.0,100
2026-05-11 03:00:00,11.2,0.0,0.0,100
2026-05-11 04:00:00,10.7,0.0,0.0,100
2026-05-11 05:00:00,10.0,0.0,0.0,100
2026-05-11 06:00:00,10.3,20.0,15.8,100
2026-05-11 07:00:00,11.6,84.0,64.2,100
2026-05-11 08:00:00,14.6,220.0,193.2,100
2026-05-11 09:00:00,17.2,355.0,340.9,98
2026-05-11 10:00:00,17.9,512.0,527.7,100
2026-05-11 11:00:00,18.5,318.0,306.2,99
2026-05-11 12:00:00,19.5,616.0,655.8,100
2026-05-11 13:00:00,18.9,458.0,464.8,100
2026-05-11 14:00:00,17.2,508.0,523.5,100
2026-05-11 15:00:00,16.1,181.0,167.9,99
2026-05-11 16:00:00,17.8,359.0,359.3,77
2026-05-11 17:00:00,18.6,379.0,377.6,100
2026-05-11 18:00:00,17.8,210.0,191.6,100
2026-05-11 19:00:00,17.5,167.0,125.0,100
2026-05-11 20:00:00,15.7,50.0,38.2,95
2026-05-11 21:00:00,15.5,1.0,0.9,100
2026-05-11 22:00:00,14.8,0.0,0.0,100
2026-05-11 23:00:00,13.6,0.0,0.0,100
2026-05-12 00:00:00,12.5,0.0,0.0,100
2026-05-12 01:00:00,12.3,0.0,0.0,100
2026-05-12 02:00:00,12.1,0.0,0.0,100
2026-05-12 03:00:00,11.8,0.0,0.0,100
2026-05-12 04:00:00,11.8,0.0,0.0,100
2026-05-12 05:00:00,10.8,0.0,0.0,100
2026-05-12 06:00:00,9.5,5.0,4.6,100
2026-05-12 07:00:00,9.1,13.0,12.1,100
2026-05-12 08:00:00,8.6,31.0,28.8,100
2026-05-12 09:00:00,8.1,63.0,58.4,100
2026-05-12 10:00:00,8.1,135.0,125.6,100
2026-05-12 11:00:00,8.4,227.0,212.6,100
2026-05-12 12:00:00,9.9,362.0,349.6,100
2026-05-12 13:00:00,10.9,438.0,432.9,100
2026-05-12 14:00:00,11.0,393.0,380.0,100
2026-05-12 15:00:00,11.1,262.0,244.0,100
2026-05-12 16:00:00,11.8,364.0,351.8,69
2026-05-12 17:00:00,11.7,426.0,423.3,83
2026-05-12 18:00:00,11.0,288.0,257.4,97
2026-05-12 19:00:00,10.3,77.0,69.6,98
2026-05-12 20:00:00,9.7,27.0,21.4,98
2026-05-12 21:00:00,8.8,1.0,0.9,77
2026-05-12 22:00:00,7.7,0.0,0.0,66
2026-05-12 23:00:00,6.9,0.0,0.0,46
2026-05-13 00:00:00,6.0,0.0,0.0,59
2026-05-13 01:00:00,5.4,0.0,0.0,38
2026-05-13 02:00:00,4.9,0.0,0.0,26
2026-05-13 03:00:00,4.7,0.0,0.0,69
2026-05-13 04:00:00,4.7,0.0,0.0,21
2026-05-13 05:00:00,4.0,0.0,0.0,7
2026-05-13 06:00:00,4.3,32.0,17.9,100
2026-05-13 07:00:00,5.7,92.0,66.7,100
2026-05-13 08:00:00,6.4,153.0,137.6,72
2026-05-13 09:00:00,7.9,308.0,293.9,58
2026-05-13 10:00:00,8.7,359.0,357.7,78
2026-05-13 11:00:00,9.7,491.0,509.3,59
2026-05-13 12:00:00,10.9,626.0,669.7,100
2026-05-13 13:00:00,10.5,357.0,345.7,100
2026-05-13 14:00:00,10.7,308.0,301.2,55
2026-05-13 15:00:00,12.0,608.0,654.0,56
2026-05-13 16:00:00,12.4,460.0,484.1,43
2026-05-13 17:00:00,12.6,429.0,428.0,55
2026-05-13 18:00:00,12.4,280.0,249.8,70
2026-05-13 19:00:00,11.8,166.0,118.5,10
2026-05-13 20:00:00,10.5,69.0,31.3,11
2026-05-13 21:00:00,9.6,2.0,1.9,4
2026-05-13 22:00:00,9.2,0.0,0.0,10
2026-05-13 23:00:00,8.4,0.0,0.0,27
2026-05-14 00:00:00,7.9,0.0,0.0,33
2026-05-14 01:00:00,7.7,0.0,0.0,15
2026-05-14 02:00:00,7.7,0.0,0.0,53
2026-05-14 03:00:00,7.7,0.0,0.0,75
2026-05-14 04:00:00,8.0,0.0,0.0,72
2026-05-14 05:00:00,8.3,0.0,0.0,77
2026-05-14 06:00:00,8.7,29.0,19.6,89
2026-05-14 07:00:00,9.7,107.0,79.2,80
2026-05-14 08:00:00,10.9,263.0,223.8,73
2026-05-14 09:00:00,12.6,439.0,421.5,50
2026-05-14 10:00:00,13.0,586.0,609.8,85
2026-05-14 11:00:00,13.1,607.0,640.8,79
2026-05-14 12:00:00,14.3,725.0,792.0,71
2026-05-14 13:00:00,15.2,665.0,715.7,70
2026-05-14 14:00:00,16.8,776.0,876.6,55
2026-05-14 15:00:00,16.9,744.0,818.9,45
2026-05-14 16:00:00,16.5,618.0,657.7,25
2026-05-14 17:00:00,16.2,536.0,538.4,36
2026-05-14 18:00:00,15.8,373.0,326.1,88
2026-05-14 19:00:00,14.9,180.0,124.1,100
2026-05-14 20:00:00,13.1,35.0,27.9,99
2026-05-14 21:00:00,13.1,2.0,1.9,84
2026-05-14 22:00:00,11.8,0.0,0.0,97
2026-05-14 23:00:00,11.0,0.0,0.0,95
2026-05-15 00:00:00,10.6,0.0,0.0,79
2026-05-15 01:00:00,10.2,0.0,0.0,98
2026-05-15 02:00:00,9.9,0.0,0.0,66
2026-05-15 03:00:00,10.2,0.0,0.0,96
2026-05-15 04:00:00,10.7,0.0,0.0,100
2026-05-15 05:00:00,10.6,0.0,0.0,99
2026-05-15 06:00:00,10.4,14.0,11.2,99
2026-05-15 07:00:00,10.0,54.0,49.4,97
2026-05-15 08:00:00,10.5,195.0,173.8,98
2026-05-15 09:00:00,12.6,288.0,271.5,100
2026-05-15 10:00:00,13.3,287.0,273.0,100
2026-05-15 11:00:00,12.2,211.0,196.6,100
2026-05-15 12:00:00,13.6,323.0,306.4,53
2026-05-15 13:00:00,16.3,855.0,975.5,100
2026-05-15 14:00:00,12.4,333.0,329.6,86
2026-05-15 15:00:00,14.9,549.0,583.9,100
2026-05-15 16:00:00,10.8,307.0,302.8,87
2026-05-15 17:00:00,12.8,362.0,355.3,98
2026-05-15 18:00:00,13.3,276.0,247.4,100
2026-05-15 19:00:00,12.6,120.0,106.3,100
2026-05-15 20:00:00,11.6,38.0,34.3,100
2026-05-15 21:00:00,10.9,2.0,1.9,97
2026-05-15 22:00:00,9.9,0.0,0.0,91
2026-05-15 23:00:00,9.6,0.0,0.0,99
2026-05-16 00:00:00,9.0,0.0,0.0,100
2026-05-16 01:00:00,9.3,0.0,0.0,100
2026-05-16 02:00:00,9.1,0.0,0.0,100
2026-05-16 03:00:00,9.2,0.0,0.0,100
2026-05-16 04:00:00,9.0,0.0,0.0,100
2026-05-16 05:00:00,8.7,0.0,0.0,100
2026-05-16 06:00:00,8.6,6.0,5.6,100
2026-05-16 07:00:00,8.7,19.0,17.6,100
2026-05-16 08:00:00,8.8,30.0,27.8,100
2026-05-16 09:00:00,9.1,69.0,64.0,100
2026-05-16 10:00:00,9.3,121.0,112.4,100
2026-05-16 11:00:00,9.9,216.0,204.7,100
2026-05-16 12:00:00,9.8,128.0,119.2,100
2026-05-16 13:00:00,10.2,169.0,156.8,100
2026-05-16 14:00:00,10.7,222.0,209.2,100
2026-05-16 15:00:00,11.1,238.0,225.3,100
2026-05-16 16:00:00,11.9,237.0,223.4,100
2026-05-16 17:00:00,12.2,194.0,180.7,100
2026-05-16 18:00:00,11.8,145.0,134.0,100
2026-05-16 19:00:00,11.5,89.0,82.1,100
2026-05-16 20:00:00,11.2,33.0,30.6,100
2026-05-16 21:00:00,10.6,1.0,0.9,100
2026-05-16 22:00:00,10.0,0.0,0.0,100
2026-05-16 23:00:00,9.4,0.0,0.0,100
2026-05-17 00:00:00,9.1,0.0,0.0,100
2026-05-17 01:00:00,8.8,0.0,0.0,100
2026-05-17 02:00:00,8.9,0.0,0.0,100
2026-05-17 03:00:00,8.9,0.0,0.0,100
2026-05-17 04:00:00,8.7,0.0,0.0,100
2026-05-17 05:00:00,8.5,0.0,0.0,100
2026-05-17 06:00:00,8.4,8.0,7.4,100
2026-05-17 07:00:00,8.5,33.0,30.6,100
2026-05-17 08:00:00,8.6,82.0,75.5,100
2026-05-17 09:00:00,9.3,119.0,110.7,100
2026-05-17 10:00:00,9.6,142.0,132.6,100
2026-05-17 11:00:00,9.8,143.0,132.9,100
2026-05-17 12:00:00,10.1,138.0,128.0,100
2026-05-17 13:00:00,10.5,151.0,141.6,100
2026-05-17 14:00:00,9.7,119.0,110.4,100
2026-05-17 15:00:00,10.1,141.0,132.8,100
2026-05-17 16:00:00,9.9,95.0,88.3,100
2026-05-17 17:00:00,9.7,110.0,102.5,100
2026-05-17 18:00:00,9.1,55.0,50.9,100
2026-05-17 19:00:00,8.9,35.0,32.5,100
2026-05-17 20:00:00,8.1,15.0,13.9,100
2026-05-17 21:00:00,8.1,1.0,0.9,100
2026-05-17 22:00:00,8.0,0.0,0.0,100
2026-05-17 23:00:00,8.0,0.0,0.0,100
2026-05-18 00:00:00,7.9,0.0,0.0,100
2026-05-18 01:00:00,7.8,0.0,0.0,100
2026-05-18 02:00:00,7.6,0.0,0.0,100
2026-05-18 03:00:00,7.6,0.0,0.0,100
2026-05-18 04:00:00,7.7,0.0,0.0,100
2026-05-18 05:00:00,7.7,0.0,0.0,100
2026-05-18 06:00:00,7.8,11.0,10.2,100
2026-05-18 07:00:00,8.1,34.0,31.5,100
2026-05-18 08:00:00,8.2,61.0,56.6,100
2026-05-18 09:00:00,8.7,128.0,119.0,100
2026-05-18 10:00:00,9.3,179.0,168.1,100
2026-05-18 11:00:00,11.1,406.0,391.4,100
2026-05-18 12:00:00,11.1,298.0,285.3,100
2026-05-18 13:00:00,10.9,231.0,217.6,99
2026-05-18 14:00:00,10.9,429.0,424.8,100
2026-05-18 15:00:00,11.4,251.0,235.3,100
2026-05-18 16:00:00,11.7,212.0,196.8,100
2026-05-18 17:00:00,12.4,283.0,268.5,100
2026-05-18 18:00:00,12.4,170.0,155.6,100
2026-05-18 19:00:00,12.1,76.0,70.0,95
2026-05-18 20:00:00,11.2,58.0,38.3,100
2026-05-18 21:00:00,10.6,3.0,2.8,22
2026-05-18 22:00:00,9.5,0.0,0.0,3
2026-05-18 23:00:00,8.8,0.0,0.0,2
2026-05-19 00:00:00,8.1,0.0,0.0,2
2026-05-19 01:00:00,7.4,0.0,0.0,5
2026-05-19 02:00:00,6.6,0.0,0.0,83
2026-05-19 03:00:00,6.5,0.0,0.0,86
2026-05-19 04:00:00,6.1,0.0,0.0,98
2026-05-19 05:00:00,5.5,0.0,0.0,98
2026-05-19 06:00:00,6.3,40.0,28.0,71
2026-05-19 07:00:00,8.4,167.0,88.5,20
2026-05-19 08:00:00,10.4,334.0,265.3,48
2026-05-19 09:00:00,12.6,495.0,472.0,79
2026-05-19 10:00:00,14.0,625.0,647.7,66
2026-05-19 11:00:00,15.1,760.0,833.7,25
2026-05-19 12:00:00,16.1,834.0,938.0,27
2026-05-19 13:00:00,16.8,838.0,945.9,30
2026-05-19 14:00:00,17.7,796.0,893.2,16
2026-05-19 15:00:00,18.2,729.0,799.8,55
2026-05-19 16:00:00,18.6,592.0,619.1,59
2026-05-19 17:00:00,18.3,406.0,392.9,100
2026-05-19 18:00:00,18.0,225.0,201.5,89
2026-05-19 19:00:00,17.4,180.0,126.4,11
2026-05-19 20:00:00,15.3,81.0,36.0,5
2026-05-19 21:00:00,13.7,5.0,3.7,2
2026-05-19 22:00:00,12.5,0.0,0.0,3
2026-05-19 23:00:00,11.8,0.0,0.0,2
2026-05-20 00:00:00,11.2,0.0,0.0,2
2026-05-20 01:00:00,10.6,0.0,0.0,2
2026-05-20 02:00:00,9.3,0.0,0.0,2
2026-05-20 03:00:00,9.0,0.0,0.0,2
2026-05-20 04:00:00,9.0,0.0,0.0,1
2026-05-20 05:00:00,8.6,0.0,0.0,0
2026-05-20 06:00:00,9.2,46.0,22.7,0
2026-05-20 07:00:00,11.1,175.0,81.2,0
2026-05-20 08:00:00,13.3,337.0,265.3,0
2026-05-20 09:00:00,15.8,500.0,476.0,1
2026-05-20 10:00:00,17.5,647.0,676.3,12
2026-05-20 11:00:00,18.6,753.0,826.5,20
2026-05-20 12:00:00,19.3,785.0,881.4,23
2026-05-20 13:00:00,19.7,816.0,922.2,27
2026-05-20 14:00:00,20.6,791.0,889.2,13
2026-05-20 15:00:00,20.7,759.0,840.0,25
2026-05-20 16:00:00,20.6,623.0,661.3,11
2026-05-20 17:00:00,20.5,530.0,523.6,6
2026-05-20 18:00:00,20.0,376.0,322.5,13
2026-05-20 19:00:00,19.0,217.0,134.2,16
2026-05-20 20:00:00,17.2,79.0,36.0,7
2026-05-20 21:00:00,16.2,5.0,3.7,10
2026-05-20 22:00:00,15.3,0.0,0.0,5
2026-05-20 23:00:00,14.1,0.0,0.0,3
2026-05-21 00:00:00,13.4,0.0,0.0,10
2026-05-21 01:00:00,12.9,0.0,0.0,25
2026-05-21 02:00:00,12.9,0.0,0.0,11
2026-05-21 03:00:00,12.7,0.0,0.0,0
2026-05-21 04:00:00,12.0,0.0,0.0,4
2026-05-21 05:00:00,11.4,0.0,0.0,6
2026-05-21 06:00:00,12.0,45.0,23.6,3
2026-05-21 07:00:00,13.2,170.0,84.4,21
2026-05-21 08:00:00,14.7,308.0,248.3,45
2026-05-21 09:00:00,15.6,412.0,389.2,67
2026-05-21 10:00:00,16.9,459.0,460.7,72
2026-05-21 11:00:00,17.5,532.0,543.6,34
2026-05-21 12:00:00,18.8,796.0,887.0,100
2026-05-21 13:00:00,19.6,762.0,828.1,100
2026-05-21 14:00:00,18.8,431.0,415.0,39
2026-05-21 15:00:00,19.5,646.0,700.7,23
2026-05-21 16:00:00,19.9,612.0,644.1,13
2026-05-21 17:00:00,19.7,496.0,487.8,20
2026-05-21 18:00:00,19.0,363.0,311.7,8
2026-05-21 19:00:00,18.1,223.0,136.9,3
2026-05-21 20:00:00,17.1,87.0,38.0,5
2026-05-21 21:00:00,15.8,6.0,3.7,4
2026-05-21 22:00:00,14.6,0.0,0.0,3
2026-05-21 23:00:00,13.6,0.0,0.0,2
2026-05-22 00:00:00,12.9,0.0,0.0,2
2026-05-22 01:00:00,12.2,0.0,0.0,2
2026-05-22 02:00:00,11.5,0.0,0.0,27
2026-05-22 03:00:00,11.1,0.0,0.0,85
2026-05-22 04:00:00,10.9,0.0,0.0,73
2026-05-22 05:00:00,10.5,0.0,0.0,7
2026-05-22 06:00:00,11.0,49.0,24.5,0
2026-05-22 07:00:00,12.4,178.0,82.8,0
2026-05-22 08:00:00,14.3,337.0,264.1,5
2026-05-22 09:00:00,16.6,499.0,472.3,14
2026-05-22 10:00:00,18.3,642.0,666.4,26
2026-05-22 11:00:00,19.6,752.0,818.8,100
2026-05-22 12:00:00,19.5,532.0,548.9,99
2026-05-22 13:00:00,19.7,383.0,375.6,95
2026-05-22 14:00:00,20.2,546.0,552.1,82
2026-05-22 15:00:00,21.1,568.0,577.7,100
2026-05-22 16:00:00,20.8,343.0,329.1,94
2026-05-22 17:00:00,21.0,316.0,300.6,100
2026-05-22 18:00:00,20.4,218.0,196.6,100
2026-05-22 19:00:00,19.5,108.0,92.4,97
2026-05-22 20:00:00,18.1,74.0,53.2,92
2026-05-22 21:00:00,16.3,6.0,4.7,79
2026-05-22 22:00:00,15.4,0.0,0.0,78
2026-05-22 23:00:00,14.6,0.0,0.0,62
2026-05-23 00:00:00,13.9,0.0,0.0,46
2026-05-23 01:00:00,13.2,0.0,0.0,21
2026-05-23 02:00:00,12.5,0.0,0.0,18
2026-05-23 03:00:00,12.0,0.0,0.0,16
2026-05-23 04:00:00,11.2,0.0,0.0,13
2026-05-23 05:00:00,10.9,0.0,0.0,9
2026-05-23 06:00:00,11.7,50.0,24.6,2
2026-05-23 07:00:00,13.7,180.0,83.3,9
2026-05-23 08:00:00,15.8,341.0,266.3,10
2026-05-23 09:00:00,18.2,503.0,474.9,14
2026-05-23 10:00:00,19.5,649.0,672.8,2
2026-05-23 11:00:00,20.8,757.0,824.5,100
2026-05-23 12:00:00,21.2,521.0,522.0,79
2026-05-23 13:00:00,22.0,553.0,561.9,100
2026-05-23 14:00:00,23.0,568.0,571.4,100
2026-05-23 15:00:00,22.9,496.0,494.1,100
2026-05-23 16:00:00,22.6,390.0,378.6,93
2026-05-23 17:00:00,22.5,420.0,405.2,81
2026-05-23 18:00:00,22.0,269.0,239.9,100
2026-05-23 19:00:00,21.3,104.0,91.0,24
2026-05-23 20:00:00,20.5,73.0,39.5,28
2026-05-23 21:00:00,18.9,7.0,4.7,32
2026-05-23 22:00:00,17.7,0.0,0.0,14
2026-05-23 23:00:00,16.7,0.0,0.0,13
2026-05-24 00:00:00,16.0,0.0,0.0,16
2026-05-24 01:00:00,15.4,0.0,0.0,20
2026-05-24 02:00:00,13.9,0.0,0.0,42
2026-05-24 03:00:00,13.4,0.0,0.0,94
2026-05-24 04:00:00,12.9,0.0,0.0,70
2026-05-24 05:00:00,12.2,0.0,0.0,0
2026-05-24 06:00:00,13.2,52.0,24.6,0
2026-05-24 07:00:00,15.4,183.0,83.3,2
2026-05-24 08:00:00,17.8,344.0,267.1,3
2026-05-24 09:00:00,20.6,505.0,475.6,25
2026-05-24 10:00:00,22.2,648.0,670.6,18
2026-05-24 11:00:00,23.4,763.0,831.8,13
2026-05-24 12:00:00,24.5,839.0,939.8,9
2026-05-24 13:00:00,25.3,872.0,987.6,23
2026-05-24 14:00:00,26.5,832.0,934.4,74
2026-05-24 15:00:00,26.4,593.0,630.4,65
2026-05-24 16:00:00,26.4,572.0,592.8,76
2026-05-24 17:00:00,26.3,488.0,476.3,78
2026-05-24 18:00:00,25.5,312.0,267.8,83
2026-05-24 19:00:00,24.7,197.0,131.9,71
2026-05-24 20:00:00,24.3,80.0,39.6,77
2026-05-24 21:00:00,22.9,7.0,5.6,83
2026-05-24 22:00:00,21.7,0.0,0.0,63
2026-05-24 23:00:00,20.1,0.0,0.0,83
2026-05-25 00:00:00,19.7,0.0,0.0,71
2026-05-25 01:00:00,19.3,0.0,0.0,73
2026-05-25 02:00:00,18.7,0.0,0.0,41
2026-05-25 03:00:00,17.4,0.0,0.0,1
2026-05-25 04:00:00,16.3,0.0,0.0,20
2026-05-25 05:00:00,15.1,1.0,0.0,43
2026-05-25 06:00:00,14.6,52.0,27.3,19
2026-05-25 07:00:00,15.0,187.0,86.3,41
2026-05-25 08:00:00,16.3,347.0,270.2,41
2026-05-25 09:00:00,17.5,512.0,480.9,21
2026-05-25 10:00:00,18.8,658.0,679.5,12
2026-05-25 11:00:00,20.2,774.0,842.2,30
2026-05-25 12:00:00,21.4,849.0,950.2,42
2026-05-25 13:00:00,22.5,878.0,991.8,57
2026-05-25 14:00:00,23.8,858.0,963.0,82
2026-05-25 15:00:00,24.1,788.0,862.4,80
2026-05-25 16:00:00,24.3,691.0,728.6,14
2026-05-25 17:00:00,24.2,560.0,548.3,0
2026-05-25 18:00:00,23.8,404.0,341.6,0
2026-05-25 19:00:00,23.1,243.0,145.2,0
2026-05-25 20:00:00,22.4,97.0,40.0,0
2026-05-25 21:00:00,21.0,9.0,5.6,0
2026-05-25 22:00:00,19.8,0.0,0.0,0
2026-05-25 23:00:00,19.0,0.0,0.0,0
2026-05-26 00:00:00,18.1,0.0,0.0,0
2026-05-26 01:00:00,17.4,0.0,0.0,0
2026-05-26 02:00:00,16.1,0.0,0.0,0
2026-05-26 03:00:00,15.6,0.0,0.0,0
2026-05-26 04:00:00,15.2,0.0,0.0,0
2026-05-26 05:00:00,15.0,1.0,0.0,0
2026-05-26 06:00:00,15.4,54.0,25.5,0
2026-05-26 07:00:00,16.6,184.0,84.9,0
2026-05-26 08:00:00,18.4,342.0,264.6,0
2026-05-26 09:00:00,20.2,509.0,476.9,0
2026-05-26 10:00:00,21.7,666.0,687.3,0
2026-05-26 11:00:00,22.8,778.0,845.9,0
2026-05-26 12:00:00,23.8,855.0,955.6,0
2026-05-26 13:00:00,24.6,886.0,1000.7,0
2026-05-26 14:00:00,25.8,869.0,976.8,0
2026-05-26 15:00:00,25.9,804.0,884.9,0
2026-05-26 16:00:00,26.1,698.0,736.4,0
2026-05-26 17:00:00,25.9,563.0,550.2,0
2026-05-26 18:00:00,25.6,409.0,344.9,0
2026-05-26 19:00:00,25.0,247.0,147.6,0
2026-05-26 20:00:00,24.4,100.0,40.0,0
2026-05-26 21:00:00,23.0,10.0,6.5,3
2026-05-26 22:00:00,21.9,0.0,0.0,2
2026-05-26 23:00:00,21.0,0.0,0.0,1
2026-05-27 00:00:00,20.5,0.0,0.0,0
2026-05-27 01:00:00,19.9,0.0,0.0,0
2026-05-27 02:00:00,18.6,0.0,0.0,0
2026-05-27 03:00:00,17.9,0.0,0.0,0
2026-05-27 04:00:00,17.4,0.0,0.0,0
2026-05-27 05:00:00,17.2,1.0,0.0,0
2026-05-27 06:00:00,17.9,58.0,27.4,0
2026-05-27 07:00:00,19.3,190.0,84.8,3
2026-05-27 08:00:00,21.0,349.0,268.3,0
2026-05-27 09:00:00,22.5,507.0,473.9,0
2026-05-27 10:00:00,23.6,649.0,667.8,0
2026-05-27 11:00:00,23.9,765.0,829.8,39
2026-05-27 12:00:00,24.0,783.0,863.0,23
2026-05-27 13:00:00,24.1,798.0,886.0,6
2026-05-27 14:00:00,25.1,842.0,942.2,8
2026-05-27 15:00:00,24.3,773.0,845.7,2
2026-05-27 16:00:00,23.6,691.0,727.4,3
2026-05-27 17:00:00,22.6,574.0,560.1,8
2026-05-27 18:00:00,21.5,427.0,358.9,0
2026-05-27 19:00:00,20.4,263.0,154.2,0
2026-05-27 20:00:00,19.5,108.0,40.2,0
2026-05-27 21:00:00,18.3,11.0,6.6,0
2026-05-27 22:00:00,17.0,0.0,0.0,50
2026-05-27 23:00:00,15.9,0.0,0.0,0
2026-05-28 00:00:00,14.7,0.0,0.0,0
2026-05-28 01:00:00,13.7,0.0,0.0,3
2026-05-28 02:00:00,12.1,0.0,0.0,2
2026-05-28 03:00:00,11.5,0.0,0.0,7
2026-05-28 04:00:00,10.7,0.0,0.0,2
2026-05-28 05:00:00,9.9,1.0,0.0,2
2026-05-28 06:00:00,10.2,62.0,27.5,0
2026-05-28 07:00:00,11.1,202.0,87.4,0
2026-05-28 08:00:00,12.4,369.0,282.1,0
2026-05-28 09:00:00,13.6,535.0,498.8,0
2026-05-28 10:00:00,14.8,684.0,703.1,0
2026-05-28 11:00:00,16.0,800.0,867.0,0
2026-05-28 12:00:00,17.3,875.0,975.0,49
2026-05-28 13:00:00,18.4,834.0,924.4,81
2026-05-28 14:00:00,18.7,650.0,685.3,99
2026-05-28 15:00:00,18.8,510.0,512.1,99
2026-05-28 16:00:00,18.5,352.0,335.7,79
2026-05-28 17:00:00,18.5,342.0,323.6,84
2026-05-28 18:00:00,18.3,265.0,233.3,83
2026-05-28 19:00:00,17.8,182.0,135.0,77
2026-05-28 20:00:00,16.9,80.0,42.4,13
2026-05-28 21:00:00,15.7,11.0,6.6,8
2026-05-28 22:00:00,14.6,0.0,0.0,0
2026-05-28 23:00:00,14.0,0.0,0.0,0
2026-05-29 00:00:00,13.3,0.0,0.0,2
2026-05-29 01:00:00,12.2,0.0,0.0,13
2026-05-29 02:00:00,10.0,0.0,0.0,59
2026-05-29 03:00:00,9.7,0.0,0.0,80
2026-05-29 04:00:00,9.4,0.0,0.0,86
2026-05-29 05:00:00,9.0,1.0,0.9,42
2026-05-29 06:00:00,10.0,61.0,31.1,70
2026-05-29 07:00:00,11.9,192.0,93.6,57
2026-05-29 08:00:00,13.7,349.0,272.1,53
2026-05-29 09:00:00,15.6,518.0,481.8,29
2026-05-29 10:00:00,17.2,671.0,687.7,61
2026-05-29 11:00:00,18.5,782.0,842.0,30
2026-05-29 12:00:00,19.3,867.0,963.9,27
2026-05-29 13:00:00,20.1,900.0,1011.3,42
2026-05-29 14:00:00,21.2,882.0,985.8,17
2026-05-29 15:00:00,21.4,821.0,899.8,38
2026-05-29 16:00:00,21.6,715.0,750.1,37
2026-05-29 17:00:00,21.5,572.0,555.3,34
2026-05-29 18:00:00,21.2,419.0,351.8,42
2026-05-29 19:00:00,20.7,254.0,153.4,12
2026-05-29 20:00:00,20.1,108.0,42.0,0
2026-05-29 21:00:00,18.5,12.0,6.6,0
2026-05-29 22:00:00,17.2,0.0,0.0,0
2026-05-29 23:00:00,16.0,0.0,0.0,0
2026-05-30 00:00:00,15.4,0.0,0.0,12
2026-05-30 01:00:00,15.0,0.0,0.0,24
2026-05-30 02:00:00,13.7,0.0,0.0,93
2026-05-30 03:00:00,13.8,0.0,0.0,100
2026-05-30 04:00:00,13.8,0.0,0.0,100
2026-05-30 05:00:00,14.1,0.0,0.0,100
2026-05-30 06:00:00,14.5,19.0,17.6,100
2026-05-30 07:00:00,14.8,63.0,54.2,88
2026-05-30 08:00:00,14.4,193.0,166.4,100
2026-05-30 09:00:00,14.7,91.0,84.4,100
2026-05-30 10:00:00,15.8,225.0,211.5,100
2026-05-30 11:00:00,15.3,221.0,209.9,100
2026-05-30 12:00:00,15.1,192.0,178.7,100
2026-05-30 13:00:00,16.7,304.0,290.0,54
2026-05-30 14:00:00,20.3,770.0,832.4,75
2026-05-30 15:00:00,20.0,608.0,628.8,84
2026-05-30 16:00:00,20.4,444.0,443.7,96
2026-05-30 17:00:00,18.6,318.0,299.5,87
2026-05-30 18:00:00,17.6,279.0,244.1,97
2026-05-30 19:00:00,17.1,143.0,118.5,16
2026-05-30 20:00:00,17.0,96.0,46.3,9
2026-05-30 21:00:00,16.2,12.0,7.5,17
2026-05-30 22:00:00,15.7,0.0,0.0,4
2026-05-30 23:00:00,14.8,0.0,0.0,14
2026-05-31 00:00:00,13.9,0.0,0.0,35
2026-05-31 01:00:00,13.2,0.0,0.0,20
2026-05-31 02:00:00,12.7,0.0,0.0,99
2026-05-31 03:00:00,13.0,0.0,0.0,100
2026-05-31 04:00:00,13.3,0.0,0.0,100
2026-05-31 05:00:00,13.3,1.0,0.9,100
2026-05-31 06:00:00,13.3,21.0,14.0,100
2026-05-31 07:00:00,13.6,46.0,42.7,95
2026-05-31 08:00:00,14.5,191.0,164.0,72
2026-05-31 09:00:00,15.9,351.0,325.2,45
2026-05-31 10:00:00,17.4,604.0,611.4,50
2026-05-31 11:00:00,18.2,660.0,695.4,58
2026-05-31 12:00:00,19.1,702.0,749.5,45
2026-05-31 13:00:00,20.3,749.0,815.5,33
2026-05-31 14:00:00,21.1,760.0,832.9,42
2026-05-31 15:00:00,21.3,564.0,578.3,99
2026-05-31 16:00:00,21.3,487.0,485.2,47
2026-05-31 17:00:00,21.6,510.0,491.3,33
2026-05-31 18:00:00,21.6,365.0,309.5,56
2026-05-31 19:00:00,21.1,244.0,152.9,85
2026-05-31 20:00:00,19.9,81.0,54.2,96
2026-05-31 21:00:00,18.2,10.0,7.5,94
2026-05-31 22:00:00,17.2,0.0,0.0,79
2026-05-31 23:00:00,16.4,0.0,0.0,91
2026-06-01 00:00:00,16.0,0.0,0.0,100
2026-06-01 01:00:00,15.7,0.0,0.0,100
2026-06-01 02:00:00,15.4,0.0,0.0,100
2026-06-01 03:00:00,15.0,0.0,0.0,100
2026-06-01 04:00:00,14.7,0.0,0.0,100
2026-06-01 05:00:00,14.1,0.0,0.0,100
2026-06-01 06:00:00,13.9,8.0,7.4,100
2026-06-01 07:00:00,14.5,78.0,69.5,100
2026-06-01 08:00:00,15.1,167.0,151.4,98
2026-06-01 09:00:00,16.5,332.0,307.5,100
2026-06-01 10:00:00,17.7,460.0,446.2,98
2026-06-01 11:00:00,17.9,432.0,420.5,100
2026-06-01 12:00:00,17.8,486.0,481.2,100
2026-06-01 13:00:00,17.6,367.0,355.4,100
2026-06-01 14:00:00,17.1,415.0,398.7,79
2026-06-01 15:00:00,19.3,653.0,681.0,77
2026-06-01 16:00:00,19.9,563.0,565.5,13
2026-06-01 17:00:00,18.1,491.0,471.6,97
2026-06-01 18:00:00,16.3,227.0,201.2,56
2026-06-01 19:00:00,16.5,207.0,136.0,55
2026-06-01 20:00:00,16.3,93.0,51.7,45
2026-06-01 21:00:00,15.4,12.0,7.5,41
2026-06-01 22:00:00,14.9,0.0,0.0,50
2026-06-01 23:00:00,14.6,0.0,0.0,12
2026-06-02 00:00:00,14.0,0.0,0.0,5
2026-06-02 01:00:00,13.5,0.0,0.0,5
2026-06-02 02:00:00,12.8,0.0,0.0,21
2026-06-02 03:00:00,12.3,0.0,0.0,24
2026-06-02 04:00:00,11.8,0.0,0.0,2
2026-06-02 05:00:00,11.5,2.0,1.9,1
2026-06-02 06:00:00,12.2,61.0,30.2,5
2026-06-02 07:00:00,13.5,187.0,92.1,5
2026-06-02 08:00:00,14.8,349.0,267.8,6
2026-06-02 09:00:00,17.2,509.0,469.4,1
2026-06-02 10:00:00,18.8,656.0,666.7,33
2026-06-02 11:00:00,19.3,658.0,697.9,19
2026-06-02 12:00:00,20.3,789.0,863.8,26
2026-06-02 13:00:00,20.9,784.0,864.1,46
2026-06-02 14:00:00,21.3,728.0,792.9,33
2026-06-02 15:00:00,21.8,717.0,768.1,10
2026-06-02 16:00:00,21.9,633.0,653.8,31
2026-06-02 17:00:00,21.8,514.0,494.7,49
2026-06-02 18:00:00,21.6,393.0,331.1,39
2026-06-02 19:00:00,21.2,255.0,155.2,98
2026-06-02 20:00:00,19.9,96.0,59.9,99
2026-06-02 21:00:00,18.6,12.0,11.1,99
2026-06-02 22:00:00,18.0,0.0,0.0,55
2026-06-02 23:00:00,17.0,0.0,0.0,45
2026-06-03 00:00:00,16.4,0.0,0.0,100
2026-06-03 01:00:00,16.3,0.0,0.0,23
2026-06-03 02:00:00,14.9,0.0,0.0,5
2026-06-03 03:00:00,14.6,0.0,0.0,2
2026-06-03 04:00:00,14.0,0.0,0.0,20
2026-06-03 05:00:00,13.6,2.0,1.9,58
2026-06-03 06:00:00,14.4,62.0,34.8,30
2026-06-03 07:00:00,16.0,197.0,90.6,30
2026-06-03 08:00:00,18.1,337.0,258.5,66
2026-06-03 09:00:00,20.5,481.0,443.0,54
2026-06-03 10:00:00,22.2,624.0,628.2,80
2026-06-03 11:00:00,22.8,653.0,681.2,92
2026-06-03 12:00:00,23.2,800.0,867.4,76
2026-06-03 13:00:00,23.2,701.0,740.9,63
2026-06-03 14:00:00,22.1,678.0,725.0,92
2026-06-03 15:00:00,18.8,390.0,388.2,87
2026-06-03 16:00:00,21.4,573.0,583.7,73
2026-06-03 17:00:00,20.8,531.0,508.4,91
2026-06-03 18:00:00,19.1,215.0,187.9,94
2026-06-03 19:00:00,17.9,139.0,114.4,86
2026-06-03 20:00:00,15.7,45.0,30.8,100
2026-06-03 21:00:00,15.1,5.0,4.6,100
2026-06-03 22:00:00,14.9,0.0,0.0,100
2026-06-03 23:00:00,14.6,0.0,0.0,100
2026-06-04 00:00:00,14.3,0.0,0.0,100
2026-06-04 01:00:00,14.1,0.0,0.0,100
2026-06-04 02:00:00,14.2,0.0,0.0,100
2026-06-04 03:00:00,14.1,0.0,0.0,100
2026-06-04 04:00:00,14.1,0.0,0.0,100
2026-06-04 05:00:00,14.1,1.0,0.9,98
2026-06-04 06:00:00,14.0,34.0,29.7,100
2026-06-04 07:00:00,14.5,106.0,89.1,100
2026-06-04 08:00:00,14.1,117.0,107.0,98
2026-06-04 09:00:00,15.4,251.0,231.9,100
2026-06-04 10:00:00,15.9,258.0,246.3,38
2026-06-04 11:00:00,17.8,727.0,767.9,99
2026-06-04 12:00:00,18.4,578.0,584.9,22
2026-06-04 13:00:00,19.8,819.0,892.7,19
2026-06-04 14:00:00,19.1,691.0,727.8,26
2026-06-04 15:00:00,20.3,749.0,798.1,58
2026-06-04 16:00:00,20.8,596.0,604.6,95
2026-06-04 17:00:00,20.4,343.0,323.7,91
2026-06-04 18:00:00,20.0,331.0,288.7,91
2026-06-04 19:00:00,19.5,239.0,163.7,96
2026-06-04 20:00:00,18.3,97.0,64.5,100
2026-06-04 21:00:00,17.4,11.0,10.2,100
2026-06-04 22:00:00,16.8,0.0,0.0,91
2026-06-04 23:00:00,16.1,0.0,0.0,86
2026-06-05 00:00:00,15.6,0.0,0.0,60
2026-06-05 01:00:00,15.2,0.0,0.0,95
2026-06-05 02:00:00,15.0,0.0,0.0,94
2026-06-05 03:00:00,14.7,0.0,0.0,100
2026-06-05 04:00:00,14.6,0.0,0.0,99
2026-06-05 05:00:00,14.3,2.0,1.9,99
2026-06-05 06:00:00,14.7,40.0,36.2,96
2026-06-05 07:00:00,16.1,147.0,106.5,98
2026-06-05 08:00:00,17.5,306.0,249.2,97
2026-06-05 09:00:00,19.2,414.0,381.2,99
2026-06-05 10:00:00,20.0,512.0,496.8,99
2026-06-05 11:00:00,20.2,546.0,538.6,100
2026-06-05 12:00:00,20.3,447.0,436.6,98
2026-06-05 13:00:00,20.0,470.0,475.7,100
2026-06-05 14:00:00,17.1,233.0,224.9,100
2026-06-05 15:00:00,15.4,219.0,205.9,100
2026-06-05 16:00:00,14.7,171.0,160.7,100
2026-06-05 17:00:00,14.2,96.0,89.1,100
2026-06-05 18:00:00,14.0,68.0,63.1,92
2026-06-05 19:00:00,14.1,155.0,119.4,28
2026-06-05 20:00:00,13.3,96.0,48.1,23
2026-06-05 21:00:00,12.6,16.0,10.3,6
2026-06-05 22:00:00,11.9,0.0,0.0,1
2026-06-05 23:00:00,11.4,0.0,0.0,2
2026-06-06 00:00:00,10.9,0.0,0.0,1
2026-06-06 01:00:00,10.4,0.0,0.0,0
2026-06-06 02:00:00,9.5,0.0,0.0,98
2026-06-06 03:00:00,9.3,0.0,0.0,100
2026-06-06 04:00:00,9.0,0.0,0.0,100
2026-06-06 05:00:00,8.6,2.0,1.9,100
2026-06-06 06:00:00,9.1,40.0,34.4,100
2026-06-06 07:00:00,10.3,126.0,102.6,100
2026-06-06 08:00:00,12.1,265.0,224.9,90
2026-06-06 09:00:00,14.7,440.0,404.8,9
2026-06-06 10:00:00,17.0,667.0,673.6,0
2026-06-06 11:00:00,18.4,788.0,841.7,0
2026-06-06 12:00:00,19.5,866.0,952.6,0
2026-06-06 13:00:00,20.2,875.0,968.7,0
2026-06-06 14:00:00,20.8,819.0,899.4,31
2026-06-06 15:00:00,21.5,634.0,667.0,67
2026-06-06 16:00:00,21.7,594.0,605.9,31
2026-06-06 17:00:00,21.7,520.0,498.7,17
2026-06-06 18:00:00,21.2,401.0,335.1,14
2026-06-06 19:00:00,20.5,245.0,151.0,9
2026-06-06 20:00:00,19.5,116.0,44.8,21
2026-06-06 21:00:00,18.3,17.0,9.4,64
2026-06-06 22:00:00,16.8,0.0,0.0,68
2026-06-06 23:00:00,16.1,0.0,0.0,91
2026-06-07 00:00:00,15.6,0.0,0.0,98
2026-06-07 01:00:00,14.7,0.0,0.0,94
2026-06-07 02:00:00,13.8,0.0,0.0,95
2026-06-07 03:00:00,13.6,0.0,0.0,90
2026-06-07 04:00:00,13.0,0.0,0.0,64
2026-06-07 05:00:00,12.8,2.0,1.9,85
2026-06-07 06:00:00,13.6,59.0,38.4,13
2026-06-07 07:00:00,15.2,194.0,92.8,2
2026-06-07 08:00:00,17.1,364.0,270.8,4
2026-06-07 09:00:00,19.4,522.0,476.8,34
2026-06-07 10:00:00,20.8,628.0,629.7,48
2026-06-07 11:00:00,21.9,740.0,778.6,5
2026-06-07 12:00:00,22.8,832.0,911.9,9
2026-06-07 13:00:00,23.3,855.0,942.3,65
2026-06-07 14:00:00,23.0,555.0,580.7,17
2026-06-07 15:00:00,23.0,776.0,836.8,63
2026-06-07 16:00:00,21.9,629.0,642.8,10
2026-06-07 17:00:00,21.8,507.0,485.1,6
2026-06-07 18:00:00,21.5,416.0,346.3,22
2026-06-07 19:00:00,20.6,239.0,147.9,12
2026-06-07 20:00:00,19.1,112.0,44.8,10
2026-06-07 21:00:00,17.8,18.0,10.3,16
2026-06-07 22:00:00,17.4,0.0,0.0,16
2026-06-07 23:00:00,16.7,0.0,0.0,14
2026-06-08 00:00:00,15.7,0.0,0.0,24
2026-06-08 01:00:00,14.9,0.0,0.0,11
2026-06-08 02:00:00,13.4,0.0,0.0,1
2026-06-08 03:00:00,13.1,0.0,0.0,1
2026-06-08 04:00:00,12.7,0.0,0.0,5
2026-06-08 05:00:00,12.2,3.0,2.8,55
2026-06-08 06:00:00,13.3,64.0,35.7,20
2026-06-08 07:00:00,14.7,199.0,90.1,5
2026-06-08 08:00:00,16.6,359.0,268.4,0
2026-06-08 09:00:00,18.6,519.0,473.4,11
2026-06-08 10:00:00,19.8,656.0,660.6,51
2026-06-08 11:00:00,20.6,699.0,733.3,32
2026-06-08 12:00:00,21.1,712.0,756.7,100
2026-06-08 13:00:00,20.9,445.0,436.5,61
2026-06-08 14:00:00,22.1,624.0,640.1,51
2026-06-08 15:00:00,22.4,630.0,650.5,66
2026-06-08 16:00:00,22.5,514.0,515.5,41
2026-06-08 17:00:00,22.8,506.0,483.1,3
2026-06-08 18:00:00,22.5,408.0,342.3,7
2026-06-08 19:00:00,21.7,261.0,156.8,5
2026-06-08 20:00:00,20.5,119.0,44.0,5
2026-06-08 21:00:00,19.2,19.0,10.3,5
2026-06-08 22:00:00,18.3,0.0,0.0,33
2026-06-08 23:00:00,17.3,0.0,0.0,70
2026-06-09 00:00:00,17.0,0.0,0.0,97
2026-06-09 01:00:00,16.9,0.0,0.0,84
2026-06-09 02:00:00,15.0,0.0,0.0,45
2026-06-09 03:00:00,14.6,0.0,0.0,60
2026-06-09 04:00:00,14.1,0.0,0.0,81
2026-06-09 05:00:00,13.9,3.0,2.8,70
2026-06-09 06:00:00,14.8,64.0,36.6,76
2026-06-09 07:00:00,16.6,180.0,102.4,56
2026-06-09 08:00:00,19.0,307.0,236.9,45
2026-06-09 09:00:00,21.8,469.0,427.9,43
2026-06-09 10:00:00,23.9,624.0,627.5,36
2026-06-09 11:00:00,25.4,747.0,792.6,23
2026-06-09 12:00:00,26.5,775.0,845.9,13
2026-06-09 13:00:00,25.3,856.0,942.0,79
2026-06-09 14:00:00,23.4,573.0,597.7,56
2026-06-09 15:00:00,25.3,639.0,679.4,75
2026-06-09 16:00:00,24.1,609.0,618.5,96
2026-06-09 17:00:00,20.0,257.0,241.8,94
2026-06-09 18:00:00,19.2,180.0,158.9,93
2026-06-09 19:00:00,17.8,94.0,81.4,99
2026-06-09 20:00:00,17.6,42.0,36.2,100
2026-06-09 21:00:00,17.3,5.0,4.6,100
2026-06-09 22:00:00,16.9,0.0,0.0,100
2026-06-09 23:00:00,16.3,0.0,0.0,100
2026-06-10 00:00:00,15.9,0.0,0.0,100
2026-06-10 01:00:00,15.5,0.0,0.0,100
2026-06-10 02:00:00,14.2,0.0,0.0,100
2026-06-10 03:00:00,14.1,0.0,0.0,100
2026-06-10 04:00:00,13.9,0.0,0.0,99
2026-06-10 05:00:00,13.9,2.0,1.9,100
2026-06-10 06:00:00,14.1,21.0,16.8,100
2026-06-10 07:00:00,14.4,51.0,45.9,100
2026-06-10 08:00:00,14.4,103.0,94.1,100
2026-06-10 09:00:00,14.2,50.0,46.4,100
2026-06-10 10:00:00,14.6,127.0,118.2,100
2026-06-10 11:00:00,14.6,104.0,97.7,100
2026-06-10 12:00:00,15.0,205.0,191.5,100
2026-06-10 13:00:00,15.0,175.0,163.2,100
2026-06-10 14:00:00,14.2,112.0,104.1,100
2026-06-10 15:00:00,14.5,177.0,164.5,100
2026-06-10 16:00:00,14.7,178.0,165.2,100
2026-06-10 17:00:00,14.8,136.0,126.2,100
2026-06-10 18:00:00,15.2,157.0,144.3,100
2026-06-10 19:00:00,14.7,78.0,70.6,98
2026-06-10 20:00:00,14.6,70.0,59.5,100
2026-06-10 21:00:00,14.0,8.0,7.4,100
2026-06-10 22:00:00,13.6,0.0,0.0,100
2026-06-10 23:00:00,13.1,0.0,0.0,100
2026-06-11 00:00:00,12.5,0.0,0.0,100
2026-06-11 01:00:00,12.0,0.0,0.0,100
2026-06-11 02:00:00,11.4,0.0,0.0,100
2026-06-11 03:00:00,11.4,0.0,0.0,100
2026-06-11 04:00:00,11.1,0.0,0.0,100
2026-06-11 05:00:00,10.8,1.0,0.9,100
2026-06-11 06:00:00,10.8,10.0,9.3,100
2026-06-11 07:00:00,10.6,24.0,22.3,98
2026-06-11 08:00:00,11.1,137.0,120.6,100
2026-06-11 09:00:00,11.7,198.0,183.3,99
2026-06-11 10:00:00,11.9,224.0,213.1,20
2026-06-11 11:00:00,14.5,736.0,771.4,58
2026-06-11 12:00:00,15.1,677.0,712.5,54
2026-06-11 13:00:00,15.7,667.0,698.2,100
2026-06-11 14:00:00,15.5,448.0,437.1,100
2026-06-11 15:00:00,15.1,307.0,289.0,72
2026-06-11 16:00:00,16.2,546.0,549.8,88
2026-06-11 17:00:00,16.1,435.0,412.5,73
2026-06-11 18:00:00,15.8,294.0,253.4,81
2026-06-11 19:00:00,15.6,227.0,148.6,77
2026-06-11 20:00:00,13.5,101.0,57.3,96
2026-06-11 21:00:00,12.9,16.0,13.9,84
2026-06-11 22:00:00,12.2,0.0,0.0,68
2026-06-11 23:00:00,11.5,0.0,0.0,60
2026-06-12 00:00:00,10.9,0.0,0.0,5
2026-06-12 01:00:00,10.2,0.0,0.0,9
2026-06-12 02:00:00,9.5,0.0,0.0,38
2026-06-12 03:00:00,9.5,0.0,0.0,15
2026-06-12 04:00:00,9.0,0.0,0.0,16
2026-06-12 05:00:00,8.8,3.0,2.8,1
2026-06-12 06:00:00,9.4,70.0,33.1,0
2026-06-12 07:00:00,10.7,204.0,89.5,0
2026-06-12 08:00:00,12.6,361.0,269.2,4
2026-06-12 09:00:00,14.4,519.0,471.0,4
2026-06-12 10:00:00,15.7,665.0,666.8,7
2026-06-12 11:00:00,16.5,759.0,799.7,28
2026-06-12 12:00:00,16.9,744.0,795.8,14
2026-06-12 13:00:00,17.4,764.0,824.3,21
2026-06-12 14:00:00,18.3,729.0,778.1,24
2026-06-12 15:00:00,18.6,679.0,724.3,71
2026-06-12 16:00:00,17.9,488.0,498.0,93
2026-06-12 17:00:00,18.2,374.0,352.9,82
2026-06-12 18:00:00,16.7,165.0,148.0,100
2026-06-12 19:00:00,16.1,102.0,85.3,99
2026-06-12 20:00:00,15.7,72.0,47.7,89
2026-06-12 21:00:00,15.3,10.0,7.5,90
2026-06-12 22:00:00,14.7,0.0,0.0,80
2026-06-12 23:00:00,13.7,0.0,0.0,31
2026-06-13 00:00:00,13.1,0.0,0.0,81
2026-06-13 01:00:00,12.8,0.0,0.0,30
2026-06-13 02:00:00,12.5,0.0,0.0,43
2026-06-13 03:00:00,12.3,0.0,0.0,98
2026-06-13 04:00:00,12.7,0.0,0.0,100
2026-06-13 05:00:00,12.7,1.0,0.9,100
2026-06-13 06:00:00,12.9,14.0,13.0,98
2026-06-13 07:00:00,14.0,105.0,77.1,38
2026-06-13 08:00:00,15.1,308.0,238.3,54
2026-06-13 09:00:00,16.2,445.0,405.0,26
2026-06-13 10:00:00,17.3,565.0,560.2,22
2026-06-13 11:00:00,18.3,722.0,760.3,39
2026-06-13 12:00:00,19.1,712.0,760.4,24
2026-06-13 13:00:00,20.0,816.0,891.6,45
2026-06-13 14:00:00,19.6,711.0,763.9,18
2026-06-13 15:00:00,20.9,794.0,852.1,26
2026-06-13 16:00:00,20.6,639.0,655.2,36
2026-06-13 17:00:00,20.6,505.0,481.9,20
2026-06-13 18:00:00,19.9,376.0,315.1,43
2026-06-13 19:00:00,19.2,236.0,149.3,99
2026-06-13 20:00:00,17.5,55.0,45.6,92
2026-06-13 21:00:00,15.3,14.0,11.2,96
2026-06-13 22:00:00,13.9,0.0,0.0,2
2026-06-13 23:00:00,13.0,0.0,0.0,94
2026-06-14 00:00:00,12.9,0.0,0.0,2
2026-06-14 01:00:00,12.3,0.0,0.0,3
2026-06-14 02:00:00,11.7,0.0,0.0,6
2026-06-14 03:00:00,11.3,0.0,0.0,5
2026-06-14 04:00:00,11.0,0.0,0.0,17
2026-06-14 05:00:00,11.0,3.0,2.8,70
2026-06-14 06:00:00,11.6,47.0,29.0,77
2026-06-14 07:00:00,12.8,163.0,93.8,66
2026-06-14 08:00:00,12.5,255.0,201.6,98
2026-06-14 09:00:00,13.4,196.0,181.2,40
2026-06-14 10:00:00,14.9,523.0,515.4,80
2026-06-14 11:00:00,14.5,568.0,583.4,45
2026-06-14 12:00:00,15.5,645.0,688.7,23
2026-06-14 13:00:00,16.3,769.0,835.5,21
2026-06-14 14:00:00,16.0,811.0,883.0,13
2026-06-14 15:00:00,16.9,782.0,838.9,66
2026-06-14 16:00:00,14.6,605.0,612.8,9
2026-06-14 17:00:00,16.5,525.0,501.6,11
2026-06-14 18:00:00,16.5,418.0,348.3,40
2026-06-14 19:00:00,15.4,225.0,146.8,38
2026-06-14 20:00:00,14.2,101.0,46.4,59
2026-06-14 21:00:00,13.3,18.0,11.2,13
2026-06-14 22:00:00,12.1,0.0,0.0,37
2026-06-14 23:00:00,12.0,0.0,0.0,15
2026-06-15 00:00:00,11.4,0.0,0.0,28
2026-06-15 01:00:00,11.3,0.0,0.0,28
2026-06-15 02:00:00,10.7,0.0,0.0,28
2026-06-15 03:00:00,10.7,0.0,0.0,31
2026-06-15 04:00:00,10.7,0.0,0.0,27
2026-06-15 05:00:00,10.4,3.0,2.8,21
2026-06-15 06:00:00,10.9,67.0,34.0,26
2026-06-15 07:00:00,12.2,191.0,92.6,13
2026-06-15 08:00:00,12.7,334.0,249.5,20
2026-06-15 09:00:00,13.5,463.0,419.7,21
2026-06-15 10:00:00,14.6,592.0,588.2,27
2026-06-15 11:00:00,15.7,680.0,712.1,11
2026-06-15 12:00:00,16.5,798.0,863.1,66
2026-06-15 13:00:00,16.5,665.0,716.5,58
2026-06-15 14:00:00,16.6,695.0,738.5,55
2026-06-15 15:00:00,15.9,538.0,565.2,22
2026-06-15 16:00:00,16.5,637.0,650.4,25
2026-06-15 17:00:00,16.4,538.0,513.5,22
2026-06-15 18:00:00,16.2,400.0,333.8,51
2026-06-15 19:00:00,15.8,266.0,163.0,68
2026-06-15 20:00:00,14.9,115.0,46.6,80
2026-06-15 21:00:00,14.4,19.0,13.1,95
2026-06-15 22:00:00,13.6,0.0,0.0,98
2026-06-15 23:00:00,13.1,0.0,0.0,88
2026-06-16 00:00:00,12.6,0.0,0.0,84
2026-06-16 01:00:00,12.1,0.0,0.0,42
2026-06-16 02:00:00,11.6,0.0,0.0,3
2026-06-16 03:00:00,10.9,0.0,0.0,13
2026-06-16 04:00:00,10.4,0.0,0.0,41
2026-06-16 05:00:00,10.3,3.0,2.8,31
2026-06-16 06:00:00,10.8,67.0,34.9,4
2026-06-16 07:00:00,12.0,206.0,90.1,26
2026-06-16 08:00:00,13.3,332.0,256.5,18
2026-06-16 09:00:00,14.3,493.0,446.6,92
2026-06-16 10:00:00,15.0,511.0,499.2,59
2026-06-16 11:00:00,16.1,621.0,634.0,100
2026-06-16 12:00:00,17.0,648.0,657.2,70
2026-06-16 13:00:00,18.3,794.0,836.8,8
2026-06-16 14:00:00,19.2,860.0,934.8,25
2026-06-16 15:00:00,20.3,719.0,748.6,61
2026-06-16 16:00:00,20.0,679.0,694.3,92
2026-06-16 17:00:00,20.0,534.0,507.7,77
2026-06-16 18:00:00,19.9,418.0,352.2,86
2026-06-16 19:00:00,18.6,220.0,160.2,94
2026-06-16 20:00:00,17.8,89.0,58.9,74
2026-06-16 21:00:00,16.8,21.0,14.9,76
2026-06-16 22:00:00,15.8,0.0,0.0,67
2026-06-16 23:00:00,15.4,0.0,0.0,91
2026-06-17 00:00:00,14.0,0.0,0.0,96
2026-06-17 01:00:00,13.6,0.0,0.0,95
2026-06-17 02:00:00,13.6,0.0,0.0,70
2026-06-17 03:00:00,13.4,0.0,0.0,75
2026-06-17 04:00:00,13.1,0.0,0.0,45
2026-06-17 05:00:00,13.0,3.0,2.8,32
2026-06-17 06:00:00,13.8,62.0,33.0,20
2026-06-17 07:00:00,15.2,187.0,88.3,20
2026-06-17 08:00:00,16.5,338.0,254.3,41
2026-06-17 09:00:00,17.9,429.0,389.2,11
2026-06-17 10:00:00,19.3,588.0,583.2,30
2026-06-17 11:00:00,20.4,680.0,709.9,77
2026-06-17 12:00:00,21.4,757.0,809.1,70
2026-06-17 13:00:00,21.6,678.0,724.3,61
2026-06-17 14:00:00,22.6,738.0,791.5,77
2026-06-17 15:00:00,22.4,675.0,710.2,59
2026-06-17 16:00:00,22.6,663.0,679.4,73
2026-06-17 17:00:00,22.4,523.0,498.9,16
2026-06-17 18:00:00,22.3,416.0,347.1,9
2026-06-17 19:00:00,21.9,280.0,170.0,21
2026-06-17 20:00:00,20.6,127.0,49.6,24
2026-06-17 21:00:00,19.1,25.0,13.2,6
2026-06-17 22:00:00,17.5,0.0,0.0,27
2026-06-17 23:00:00,16.6,0.0,0.0,46
2026-06-18 00:00:00,15.9,0.0,0.0,89
2026-06-18 01:00:00,15.3,0.0,0.0,97
2026-06-18 02:00:00,14.5,0.0,0.0,75
2026-06-18 03:00:00,14.3,0.0,0.0,10
2026-06-18 04:00:00,14.1,0.0,0.0,58
2026-06-18 05:00:00,14.4,3.0,2.8,96
2026-06-18 06:00:00,15.7,49.0,38.2,87
2026-06-18 07:00:00,17.2,143.0,94.3,68
2026-06-18 08:00:00,19.2,311.0,240.1,93
2026-06-18 09:00:00,20.7,474.0,429.4,66
2026-06-18 10:00:00,21.8,595.0,585.7,64
2026-06-18 11:00:00,22.9,737.0,769.7,74
2026-06-18 12:00:00,24.0,757.0,809.9,70
2026-06-18 13:00:00,24.3,632.0,652.9,100
2026-06-18 14:00:00,23.9,365.0,346.7,100
2026-06-18 15:00:00,24.1,431.0,421.6,96
2026-06-18 16:00:00,24.2,413.0,399.0,59
2026-06-18 17:00:00,25.0,512.0,487.5,100
2026-06-18 18:00:00,24.5,262.0,228.5,59
2026-06-18 19:00:00,24.2,246.0,156.3,27
2026-06-18 20:00:00,23.2,118.0,49.4,27
2026-06-18 21:00:00,22.3,21.0,12.2,8
2026-06-18 22:00:00,21.3,0.0,0.0,89
2026-06-18 23:00:00,20.6,0.0,0.0,88
2026-06-19 00:00:00,20.1,0.0,0.0,38
2026-06-19 01:00:00,19.5,0.0,0.0,68
2026-06-19 02:00:00,19.4,0.0,0.0,52
2026-06-19 03:00:00,18.7,0.0,0.0,57
2026-06-19 04:00:00,18.3,0.0,0.0,66
2026-06-19 05:00:00,18.3,2.0,1.9,89
2026-06-19 06:00:00,19.2,50.0,30.9,27
2026-06-19 07:00:00,20.7,173.0,89.5,26
2026-06-19 08:00:00,22.0,330.0,246.9,23
2026-06-19 09:00:00,24.8,480.0,433.4,21
2026-06-19 10:00:00,26.1,611.0,607.0,28
2026-06-19 11:00:00,27.3,696.0,729.9,22
2026-06-19 12:00:00,28.1,766.0,826.7,20
2026-06-19 13:00:00,28.7,785.0,855.9,18
2026-06-19 14:00:00,29.0,799.0,869.9,23
2026-06-19 15:00:00,29.2,748.0,795.0,22
2026-06-19 16:00:00,29.1,634.0,650.4,27
2026-06-19 17:00:00,28.9,496.0,473.3,37
2026-06-19 18:00:00,28.7,407.0,340.8,30
2026-06-19 19:00:00,28.0,262.0,162.7,80
2026-06-19 20:00:00,27.0,110.0,60.2,60
2026-06-19 21:00:00,26.1,22.0,15.0,82
2026-06-19 22:00:00,25.6,0.0,0.0,97
2026-06-19 23:00:00,24.7,0.0,0.0,98
2026-06-20 00:00:00,23.8,0.0,0.0,100
2026-06-20 01:00:00,23.4,0.0,0.0,73
2026-06-20 02:00:00,19.2,0.0,0.0,96
2026-06-20 03:00:00,19.0,0.0,0.0,98
2026-06-20 04:00:00,19.2,0.0,0.0,82
2026-06-20 05:00:00,19.0,2.0,1.9,5
2026-06-20 06:00:00,19.2,61.0,30.2,28
2026-06-20 07:00:00,20.6,181.0,83.3,17
2026-06-20 08:00:00,19.4,342.0,252.2,54
2026-06-20 09:00:00,21.8,423.0,382.5,30
2026-06-20 10:00:00,23.3,508.0,500.6,49
2026-06-20 11:00:00,24.5,600.0,619.1,44
2026-06-20 12:00:00,26.5,681.0,721.1,20
2026-06-20 13:00:00,28.5,776.0,839.8,32
2026-06-20 14:00:00,30.8,843.0,922.5,83
2026-06-20 15:00:00,30.5,697.0,741.6,39
2026-06-20 16:00:00,30.2,651.0,666.9,33
2026-06-20 17:00:00,29.0,514.0,490.8,48
2026-06-20 18:00:00,28.8,338.0,287.7,33
2026-06-20 19:00:00,28.8,255.0,157.8,16
2026-06-20 20:00:00,28.1,125.0,49.6,89
2026-06-20 21:00:00,26.9,21.0,15.8,99
2026-06-20 22:00:00,22.7,0.0,0.0,100
2026-06-20 23:00:00,22.6,0.0,0.0,98
2026-06-21 00:00:00,22.0,0.0,0.0,98
2026-06-21 01:00:00,21.7,0.0,0.0,100
2026-06-21 02:00:00,22.4,0.0,0.0,99
2026-06-21 03:00:00,21.9,0.0,0.0,26
2026-06-21 04:00:00,21.2,0.0,0.0,65
2026-06-21 05:00:00,21.0,2.0,1.9,25
2026-06-21 06:00:00,21.3,61.0,31.1,27
2026-06-21 07:00:00,22.7,168.0,82.1,17
2026-06-21 08:00:00,24.1,315.0,236.2,16
2026-06-21 09:00:00,25.3,475.0,428.3,23
2026-06-21 10:00:00,26.6,583.0,578.5,11
2026-06-21 11:00:00,27.9,712.0,747.7,5
2026-06-21 12:00:00,28.6,770.0,830.3,31
2026-06-21 13:00:00,29.3,779.0,847.6,47
2026-06-21 14:00:00,29.0,686.0,732.2,48
2026-06-21 15:00:00,24.6,606.0,638.9,62
2026-06-21 16:00:00,25.5,426.0,429.4,98
2026-06-21 17:00:00,24.2,224.0,209.7,64
2026-06-21 18:00:00,24.7,258.0,225.4,50
2026-06-21 19:00:00,24.9,248.0,162.4,22
2026-06-21 20:00:00,24.8,114.0,50.3,20
2026-06-21 21:00:00,23.9,23.0,13.2,23
2026-06-21 22:00:00,23.1,0.0,0.0,10
2026-06-21 23:00:00,22.4,0.0,0.0,3
2026-06-22 00:00:00,21.7,0.0,0.0,2
2026-06-22 01:00:00,21.0,0.0,0.0,0
2026-06-22 02:00:00,19.5,0.0,0.0,0
2026-06-22 03:00:00,19.4,0.0,0.0,1
2026-06-22 04:00:00,19.3,0.0,0.0,0
2026-06-22 05:00:00,19.3,3.0,2.8,0
2026-06-22 06:00:00,19.9,66.0,31.2,0
2026-06-22 07:00:00,20.9,194.0,81.9,13
2026-06-22 08:00:00,18.2,337.0,250.0,94
2026-06-22 09:00:00,19.3,179.0,164.5,100
2026-06-22 10:00:00,21.2,375.0,361.2,45
2026-06-22 11:00:00,24.2,725.0,759.4,30
2026-06-22 12:00:00,25.4,760.0,817.5,28
2026-06-22 13:00:00,26.3,830.0,907.7,29
2026-06-22 14:00:00,25.4,828.0,897.4,14
2026-06-22 15:00:00,22.8,783.0,836.8,89
2026-06-22 16:00:00,22.5,495.0,495.1,84
2026-06-22 17:00:00,22.2,354.0,334.3,98
2026-06-22 18:00:00,21.9,252.0,225.5,43
2026-06-22 19:00:00,22.4,244.0,161.6,14
2026-06-22 20:00:00,22.7,123.0,51.3,5
2026-06-22 21:00:00,22.0,25.0,14.1,18
2026-06-22 22:00:00,21.3,0.0,0.0,5
2026-06-22 23:00:00,19.9,0.0,0.0,1
2026-06-23 00:00:00,18.9,0.0,0.0,0
2026-06-23 01:00:00,18.0,0.0,0.0,5
2026-06-23 02:00:00,17.7,0.0,0.0,36
2026-06-23 03:00:00,17.1,0.0,0.0,7
2026-06-23 04:00:00,16.5,0.0,0.0,63
2026-06-23 05:00:00,16.2,3.0,2.8,1
2026-06-23 06:00:00,16.8,69.0,30.4,0
2026-06-23 07:00:00,18.1,202.0,81.4,0
2026-06-23 08:00:00,20.1,360.0,261.6,0
2026-06-23 09:00:00,22.2,520.0,467.3,0
2026-06-23 10:00:00,23.5,665.0,664.0,19
2026-06-23 11:00:00,24.5,782.0,827.0,14
2026-06-23 12:00:00,25.3,861.0,939.5,30
2026-06-23 13:00:00,26.0,891.0,982.7,18
2026-06-23 14:00:00,26.6,882.0,970.8,82
2026-06-23 15:00:00,26.3,762.0,803.3,100
2026-06-23 16:00:00,25.4,453.0,434.4,98
2026-06-23 17:00:00,24.7,439.0,414.8,96
2026-06-23 18:00:00,23.6,353.0,305.2,93
2026-06-23 19:00:00,23.1,245.0,168.3,98
2026-06-23 20:00:00,22.4,109.0,72.0,0
2026-06-23 21:00:00,21.0,27.0,14.1,11
2026-06-23 22:00:00,19.9,0.0,0.0,10
2026-06-23 23:00:00,19.0,0.0,0.0,3
2026-06-24 00:00:00,18.5,0.0,0.0,0
2026-06-24 01:00:00,17.7,0.0,0.0,0
2026-06-24 02:00:00,16.0,0.0,0.0,0
2026-06-24 03:00:00,15.5,0.0,0.0,0
2026-06-24 04:00:00,14.9,0.0,0.0,0
2026-06-24 05:00:00,14.7,3.0,1.9,0
2026-06-24 06:00:00,15.7,69.0,30.4,0
2026-06-24 07:00:00,17.2,204.0,81.3,0
2026-06-24 08:00:00,19.1,363.0,263.1,0
2026-06-24 09:00:00,21.4,521.0,468.0,7
2026-06-24 10:00:00,23.2,664.0,662.9,27
2026-06-24 11:00:00,24.2,777.0,821.0,33
2026-06-24 12:00:00,25.1,854.0,930.3,52
2026-06-24 13:00:00,25.9,883.0,969.8,76
2026-06-24 14:00:00,26.5,873.0,955.5,56
2026-06-24 15:00:00,27.0,821.0,883.8,27
2026-06-24 16:00:00,27.2,730.0,755.3,23
2026-06-24 17:00:00,27.0,598.0,573.7,29
2026-06-24 18:00:00,26.7,447.0,372.7,23
2026-06-24 19:00:00,26.2,286.0,173.8,9
2026-06-24 20:00:00,24.9,137.0,47.0,2
2026-06-24 21:00:00,23.2,27.0,14.1,0
2026-06-24 22:00:00,21.8,0.0,0.0,23
2026-06-24 23:00:00,20.7,0.0,0.0,11
2026-06-25 00:00:00,20.0,0.0,0.0,7
2026-06-25 01:00:00,19.6,0.0,0.0,17
2026-06-25 02:00:00,17.3,0.0,0.0,15
2026-06-25 03:00:00,16.9,0.0,0.0,13
2026-06-25 04:00:00,16.6,0.0,0.0,0
2026-06-25 05:00:00,16.6,3.0,1.9,0
2026-06-25 06:00:00,17.7,69.0,30.4,0
2026-06-25 07:00:00,19.6,201.0,78.9,0
2026-06-25 08:00:00,21.5,358.0,259.5,0
2026-06-25 09:00:00,24.1,517.0,464.3,0
2026-06-25 10:00:00,25.7,660.0,659.0,0
2026-06-25 11:00:00,26.9,775.0,820.1,0
2026-06-25 12:00:00,27.9,854.0,932.5,0
2026-06-25 13:00:00,28.6,889.0,983.3,3
2026-06-25 14:00:00,29.5,862.0,946.2,32
2026-06-25 15:00:00,29.5,685.0,725.3,14
2026-06-25 16:00:00,30.0,648.0,663.9,26
2026-06-25 17:00:00,30.1,551.0,528.2,23
2026-06-25 18:00:00,30.1,413.0,346.3,24
2026-06-25 19:00:00,29.9,251.0,162.1,27
2026-06-25 20:00:00,28.5,130.0,46.9,27
2026-06-25 21:00:00,26.7,25.0,13.2,14
2026-06-25 22:00:00,25.3,0.0,0.0,4
2026-06-25 23:00:00,24.4,0.0,0.0,2
2026-06-26 00:00:00,23.8,0.0,0.0,2
2026-06-26 01:00:00,23.2,0.0,0.0,1
2026-06-26 02:00:00,21.3,0.0,0.0,1
2026-06-26 03:00:00,21.1,0.0,0.0,3
2026-06-26 04:00:00,20.6,0.0,0.0,2
2026-06-26 05:00:00,20.1,3.0,2.8,1
2026-06-26 06:00:00,21.1,65.0,29.4,0
2026-06-26 07:00:00,22.9,194.0,77.2,2
2026-06-26 08:00:00,24.8,348.0,253.1,5
2026-06-26 09:00:00,27.0,501.0,450.2,5
2026-06-26 10:00:00,28.7,642.0,640.2,4
2026-06-26 11:00:00,29.6,711.0,747.5,27
2026-06-26 12:00:00,30.3,744.0,801.7,24
2026-06-26 13:00:00,31.0,816.0,896.6,5
2026-06-26 14:00:00,31.8,839.0,921.6,0
2026-06-26 15:00:00,32.1,814.0,879.7,0
2026-06-26 16:00:00,32.2,720.0,746.2,0
2026-06-26 17:00:00,32.0,592.0,569.2,0
2026-06-26 18:00:00,31.5,443.0,369.6,0
2026-06-26 19:00:00,30.6,285.0,172.4,0
2026-06-26 20:00:00,29.1,136.0,45.2,0
2026-06-26 21:00:00,27.2,27.0,13.2,0
2026-06-26 22:00:00,26.0,0.0,0.0,0
2026-06-26 23:00:00,25.0,0.0,0.0,0
2026-06-27 00:00:00,24.0,0.0,0.0,0
2026-06-27 01:00:00,23.0,0.0,0.0,0
2026-06-27 02:00:00,20.4,0.0,0.0,0
2026-06-27 03:00:00,20.2,0.0,0.0,0
2026-06-27 04:00:00,20.0,0.0,0.0,0
2026-06-27 05:00:00,19.8,2.0,0.9,0
2026-06-27 06:00:00,20.8,68.0,29.4,0
2026-06-27 07:00:00,22.6,201.0,77.2,0
2026-06-27 08:00:00,25.0,359.0,258.9,0
2026-06-27 09:00:00,27.9,518.0,465.0,0
2026-06-27 10:00:00,30.4,661.0,660.5,0
2026-06-27 11:00:00,31.8,776.0,822.0,0
2026-06-27 12:00:00,33.0,854.0,933.7,0
2026-06-27 13:00:00,34.0,889.0,984.5,0
2026-06-27 14:00:00,35.0,878.0,968.9,0
2026-06-27 15:00:00,35.6,823.0,890.1,0
2026-06-27 16:00:00,35.8,726.0,753.3,0
2026-06-27 17:00:00,35.8,589.0,566.4,2
2026-06-27 18:00:00,35.4,416.0,349.6,3
2026-06-27 19:00:00,34.6,278.0,169.7,1
2026-06-27 20:00:00,33.5,134.0,45.2,2
2026-06-27 21:00:00,31.2,26.0,13.2,0
2026-06-27 22:00:00,30.0,0.0,0.0,0
2026-06-27 23:00:00,29.0,0.0,0.0,0
2026-06-28 00:00:00,27.6,0.0,0.0,0
2026-06-28 01:00:00,26.7,0.0,0.0,25
2026-06-28 02:00:00,25.0,0.0,0.0,10
2026-06-28 03:00:00,24.5,0.0,0.0,1
2026-06-28 04:00:00,24.1,0.0,0.0,0
2026-06-28 05:00:00,23.9,2.0,1.9,0
2026-06-28 06:00:00,25.0,65.0,28.5,0
2026-06-28 07:00:00,27.0,194.0,75.6,0
2026-06-28 08:00:00,29.6,348.0,251.7,0
2026-06-28 09:00:00,32.0,504.0,452.6,0
2026-06-28 10:00:00,33.7,645.0,644.3,0
2026-06-28 11:00:00,35.0,761.0,806.0,0
2026-06-28 12:00:00,35.9,840.0,918.3,2
2026-06-28 13:00:00,36.6,857.0,945.9,10
2026-06-28 14:00:00,37.1,816.0,892.8,14
2026-06-28 15:00:00,37.5,799.0,861.3,9
2026-06-28 16:00:00,37.6,684.0,707.1,8
2026-06-28 17:00:00,37.5,572.0,550.4,11
2026-06-28 18:00:00,37.1,420.0,352.2,4
2026-06-28 19:00:00,36.4,280.0,171.9,3
2026-06-28 20:00:00,34.9,132.0,45.1,52
2026-06-28 21:00:00,32.6,26.0,13.2,48
2026-06-28 22:00:00,31.5,0.0,0.0,48
2026-06-28 23:00:00,30.3,0.0,0.0,77
2026-06-29 00:00:00,29.2,0.0,0.0,98
2026-06-29 01:00:00,28.3,0.0,0.0,91
2026-06-29 02:00:00,26.1,0.0,0.0,59
2026-06-29 03:00:00,25.7,0.0,0.0,88
2026-06-29 04:00:00,25.5,0.0,0.0,89
2026-06-29 05:00:00,25.3,2.0,1.9,81
2026-06-29 06:00:00,26.3,63.0,29.3,93
2026-06-29 07:00:00,28.1,192.0,78.0,79
2026-06-29 08:00:00,29.9,346.0,251.0,1
2026-06-29 09:00:00,32.5,506.0,454.4,0
2026-06-29 10:00:00,33.4,648.0,647.7,0
2026-06-29 11:00:00,34.0,762.0,807.4,2
2026-06-29 12:00:00,35.0,819.0,893.5,5
2026-06-29 13:00:00,35.7,844.0,930.4,13
2026-06-29 14:00:00,36.6,831.0,911.6,28
2026-06-29 15:00:00,36.5,697.0,742.2,55
2026-06-29 16:00:00,36.4,600.0,610.3,62
2026-06-29 17:00:00,36.4,533.0,511.3,91
2026-06-29 18:00:00,35.1,298.0,259.5,98
2026-06-29 19:00:00,31.8,208.0,160.5,56
2026-06-29 20:00:00,30.5,88.0,48.9,71
2026-06-29 21:00:00,29.7,17.0,12.1,58
2026-06-29 22:00:00,28.5,0.0,0.0,63
2026-06-29 23:00:00,27.5,0.0,0.0,9
2026-06-30 00:00:00,26.6,0.0,0.0,2
2026-06-30 01:00:00,25.7,0.0,0.0,1
2026-06-30 02:00:00,22.7,0.0,0.0,7
2026-06-30 03:00:00,22.0,0.0,0.0,38
2026-06-30 04:00:00,21.4,0.0,0.0,34
2026-06-30 05:00:00,20.7,2.0,1.9,5
2026-06-30 06:00:00,20.8,61.0,28.4,0
2026-06-30 07:00:00,22.2,187.0,75.2,0
2026-06-30 08:00:00,23.4,339.0,246.2,0
2026-06-30 09:00:00,25.4,496.0,445.8,1
2026-06-30 10:00:00,27.1,635.0,634.1,2
2026-06-30 11:00:00,28.7,752.0,796.2,12
2026-06-30 12:00:00,30.0,829.0,905.4,36
2026-06-30 13:00:00,31.1,865.0,955.5,40
2026-06-30 14:00:00,31.7,837.0,913.5,43
2026-06-30 15:00:00,32.2,751.0,798.0,81
2026-06-30 16:00:00,32.4,558.0,561.6,97
2026-06-30 17:00:00,31.8,407.0,384.6,85
2026-06-30 18:00:00,31.4,347.0,302.1,14
2026-06-30 19:00:00,31.4,251.0,159.8,19
2026-06-30 20:00:00,30.2,126.0,47.8,47
2026-06-30 21:00:00,29.3,23.0,14.1,24
2026-06-30 22:00:00,28.5,0.0,0.0,4
2026-06-30 23:00:00,27.5,0.0,0.0,21
2026-07-01 00:00:00,26.7,0.0,0.0,55
2026-07-01 01:00:00,25.9,0.0,0.0,46
2026-07-01 02:00:00,24.6,0.0,0.0,23
2026-07-01 03:00:00,24.3,0.0,0.0,23
2026-07-01 04:00:00,23.3,0.0,0.0,14
2026-07-01 05:00:00,20.8,2.0,1.9,99
2026-07-01 06:00:00,20.2,16.0,13.9,67
2026-07-01 07:00:00,21.6,160.0,95.6,34
2026-07-01 08:00:00,24.2,334.0,245.7,14
2026-07-01 09:00:00,25.8,477.0,429.3,17
2026-07-01 10:00:00,27.8,631.0,630.3,53
2026-07-01 11:00:00,29.8,745.0,785.6,81
2026-07-01 12:00:00,30.3,819.0,885.0,41
2026-07-01 13:00:00,27.5,471.0,482.5,98
2026-07-01 14:00:00,27.4,306.0,294.0,72
2026-07-01 15:00:00,29.4,550.0,560.1,89
2026-07-01 16:00:00,29.5,599.0,609.4,23
2026-07-01 17:00:00,28.7,523.0,502.6,55
2026-07-01 18:00:00,27.3,344.0,298.0,18
2026-07-01 19:00:00,27.3,212.0,144.2,48
2026-07-01 20:00:00,23.0,100.0,51.8,100
2026-07-01 21:00:00,22.5,8.0,7.4,92
2026-07-01 22:00:00,21.8,0.0,0.0,97
2026-07-01 23:00:00,20.6,0.0,0.0,100
2026-07-02 00:00:00,19.2,0.0,0.0,100
2026-07-02 01:00:00,18.3,0.0,0.0,100
2026-07-02 02:00:00,17.5,0.0,0.0,100
2026-07-02 03:00:00,17.2,0.0,0.0,100
2026-07-02 04:00:00,17.2,0.0,0.0,100
2026-07-02 05:00:00,16.9,0.0,0.0,100
2026-07-02 06:00:00,16.7,14.0,13.0,100
2026-07-02 07:00:00,16.9,37.0,34.3,100
2026-07-02 08:00:00,17.3,145.0,130.1,70
2026-07-02 09:00:00,18.8,360.0,328.1,100
2026-07-02 10:00:00,19.0,263.0,245.7,100
2026-07-02 11:00:00,19.7,301.0,284.5,95
2026-07-02 12:00:00,21.2,447.0,440.3,26
2026-07-02 13:00:00,23.3,811.0,886.6,0
2026-07-02 14:00:00,25.2,876.0,968.8,55
2026-07-02 15:00:00,25.7,752.0,802.9,91
2026-07-02 16:00:00,25.1,497.0,489.8,100
2026-07-02 17:00:00,24.4,241.0,224.5,8
2026-07-02 18:00:00,24.8,415.0,351.7,17
2026-07-02 19:00:00,24.3,266.0,169.0,26
2026-07-02 20:00:00,23.4,124.0,47.7,14
2026-07-02 21:00:00,22.4,26.0,14.1,13
2026-07-02 22:00:00,21.0,0.0,0.0,2
2026-07-02 23:00:00,20.2,0.0,0.0,2
2026-07-03 00:00:00,19.5,0.0,0.0,1
2026-07-03 01:00:00,18.9,0.0,0.0,1
2026-07-03 02:00:00,18.1,0.0,0.0,4
2026-07-03 03:00:00,18.4,0.0,0.0,79
2026-07-03 04:00:00,19.4,0.0,0.0,100
2026-07-03 05:00:00,19.3,1.0,0.9,100
2026-07-03 06:00:00,18.4,12.0,11.1,93
2026-07-03 07:00:00,17.9,76.0,57.2,100
2026-07-03 08:00:00,17.0,95.0,87.9,99
2026-07-03 09:00:00,17.1,133.0,122.8,100
2026-07-03 10:00:00,17.9,252.0,239.4,36
2026-07-03 11:00:00,20.0,653.0,678.4,26
2026-07-03 12:00:00,20.8,816.0,882.4,23
2026-07-03 13:00:00,21.2,851.0,931.6,35
2026-07-03 14:00:00,21.6,802.0,868.9,30
2026-07-03 15:00:00,21.6,749.0,795.5,23
2026-07-03 16:00:00,21.5,678.0,698.9,33
2026-07-03 17:00:00,20.8,508.0,488.1,69
2026-07-03 18:00:00,20.0,307.0,270.1,15
2026-07-03 19:00:00,19.8,254.0,164.8,34
2026-07-03 20:00:00,19.5,121.0,48.6,13
2026-07-03 21:00:00,18.7,24.0,12.3,5
2026-07-03 22:00:00,17.9,0.0,0.0,4
2026-07-03 23:00:00,17.2,0.0,0.0,13
2026-07-04 00:00:00,16.7,0.0,0.0,5
2026-07-04 01:00:00,16.2,0.0,0.0,9
2026-07-04 02:00:00,15.3,0.0,0.0,4
2026-07-04 03:00:00,14.8,0.0,0.0,2
2026-07-04 04:00:00,14.4,0.0,0.0,2
2026-07-04 05:00:00,14.1,1.0,0.9,2
2026-07-04 06:00:00,14.4,59.0,28.4,4
2026-07-04 07:00:00,15.3,187.0,76.7,15
2026-07-04 08:00:00,15.8,320.0,237.9,43
2026-07-04 09:00:00,16.3,424.0,384.4,91
2026-07-04 10:00:00,17.3,586.0,576.8,62
2026-07-04 11:00:00,18.1,650.0,669.1,100
2026-07-04 12:00:00,18.5,534.0,532.1,73
2026-07-04 13:00:00,20.1,728.0,771.2,54
2026-07-04 14:00:00,20.7,779.0,825.6,53
2026-07-04 15:00:00,21.0,712.0,749.0,52
2026-07-04 16:00:00,21.5,661.0,677.3,55
2026-07-04 17:00:00,21.7,532.0,511.9,45
2026-07-04 18:00:00,21.6,395.0,339.0,34
2026-07-04 19:00:00,20.6,256.0,168.6,24
2026-07-04 20:00:00,19.9,128.0,52.3,13
2026-07-04 21:00:00,18.7,25.0,13.2,63
2026-07-04 22:00:00,17.9,0.0,0.0,16
2026-07-04 23:00:00,16.9,0.0,0.0,5
2026-07-05 00:00:00,16.1,0.0,0.0,5
2026-07-05 01:00:00,15.5,0.0,0.0,15
2026-07-05 02:00:00,14.2,0.0,0.0,13
2026-07-05 03:00:00,13.8,0.0,0.0,24
2026-07-05 04:00:00,13.3,0.0,0.0,92
2026-07-05 05:00:00,13.0,1.0,0.9,100
2026-07-05 06:00:00,13.3,15.0,13.9,100
2026-07-05 07:00:00,13.5,35.0,31.7,100
2026-07-05 08:00:00,13.8,54.0,50.1,100
2026-07-05 09:00:00,14.6,110.0,102.0,95
2026-07-05 10:00:00,17.2,459.0,444.9,100
2026-07-05 11:00:00,17.4,330.0,311.0,100
2026-07-05 12:00:00,18.0,359.0,345.1,49
2026-07-05 13:00:00,20.0,667.0,715.3,45
2026-07-05 14:00:00,18.8,745.0,802.0,84
2026-07-05 15:00:00,18.6,504.0,507.2,75
2026-07-05 16:00:00,16.9,531.0,536.2,27
2026-07-05 17:00:00,19.4,536.0,517.6,9
2026-07-05 18:00:00,19.7,403.0,344.1,36
2026-07-05 19:00:00,19.4,203.0,148.1,86
2026-07-05 20:00:00,18.8,73.0,45.0,93
2026-07-05 21:00:00,17.8,19.0,14.0,98
2026-07-05 22:00:00,16.9,0.0,0.0,87
2026-07-05 23:00:00,15.9,0.0,0.0,65
2026-07-06 00:00:00,15.3,0.0,0.0,64
2026-07-06 01:00:00,15.0,0.0,0.0,100
2026-07-06 02:00:00,14.2,0.0,0.0,34
2026-07-06 03:00:00,13.9,0.0,0.0,46
2026-07-06 04:00:00,13.7,0.0,0.0,64
2026-07-06 05:00:00,13.5,1.0,0.9,51
2026-07-06 06:00:00,13.9,52.0,30.0,95
2026-07-06 07:00:00,15.0,171.0,89.6,85
2026-07-06 08:00:00,16.2,314.0,241.6,98
2026-07-06 09:00:00,17.0,408.0,371.5,98
2026-07-06 10:00:00,17.7,452.0,441.8,79
2026-07-06 11:00:00,19.1,670.0,696.5,77
2026-07-06 12:00:00,19.8,703.0,747.1,59
2026-07-06 13:00:00,20.9,777.0,849.3,87
2026-07-06 14:00:00,21.4,681.0,734.6,95
2026-07-06 15:00:00,21.7,711.0,753.6,98
2026-07-06 16:00:00,21.2,497.0,497.3,100
2026-07-06 17:00:00,19.7,212.0,198.0,100
2026-07-06 18:00:00,19.3,132.0,121.9,100
2026-07-06 19:00:00,19.5,154.0,135.6,100
2026-07-06 20:00:00,19.0,60.0,52.0,91
2026-07-06 21:00:00,18.4,15.0,12.1,98
2026-07-06 22:00:00,18.2,0.0,0.0,98
2026-07-06 23:00:00,17.8,0.0,0.0,59
2026-07-07 00:00:00,16.9,0.0,0.0,98
2026-07-07 01:00:00,16.5,0.0,0.0,98
2026-07-07 02:00:00,17.1,0.0,0.0,100
2026-07-07 03:00:00,17.0,0.0,0.0,100
2026-07-07 04:00:00,16.7,0.0,0.0,100
2026-07-07 05:00:00,16.5,0.0,0.0,98
2026-07-07 06:00:00,16.6,34.0,26.1,100
2026-07-07 07:00:00,17.4,97.0,82.8,97
2026-07-07 08:00:00,18.9,235.0,199.2,95
2026-07-07 09:00:00,20.5,364.0,333.2,99
2026-07-07 10:00:00,21.0,341.0,323.3,100
2026-07-07 11:00:00,22.0,357.0,339.9,100
2026-07-07 12:00:00,22.1,274.0,256.5,98
2026-07-07 13:00:00,22.3,560.0,556.8,91
2026-07-07 14:00:00,21.2,613.0,642.6,100
2026-07-07 15:00:00,22.8,364.0,350.2,98
2026-07-07 16:00:00,23.4,393.0,374.7,98
2026-07-07 17:00:00,21.9,441.0,420.1,100
2026-07-07 18:00:00,19.2,93.0,86.3,67
2026-07-07 19:00:00,21.1,218.0,157.2,96
2026-07-07 20:00:00,20.9,88.0,59.8,100
2026-07-07 21:00:00,20.8,14.0,13.0,100
2026-07-07 22:00:00,19.9,0.0,0.0,100
2026-07-07 23:00:00,18.1,0.0,0.0,100
2026-07-08 00:00:00,17.4,0.0,0.0,100
2026-07-08 01:00:00,16.1,0.0,0.0,100
2026-07-08 02:00:00,15.3,0.0,0.0,100
2026-07-08 03:00:00,15.1,0.0,0.0,100
2026-07-08 04:00:00,14.9,0.0,0.0,99
2026-07-08 05:00:00,14.7,0.0,0.0,53
2026-07-08 06:00:00,14.2,48.0,30.0,97
2026-07-08 07:00:00,13.8,153.0,87.4,47
2026-07-08 08:00:00,14.5,294.0,227.6,30
2026-07-08 09:00:00,15.5,465.0,421.6,29
2026-07-08 10:00:00,16.3,629.0,629.2,40
2026-07-08 11:00:00,17.2,689.0,723.1,41
2026-07-08 12:00:00,18.0,710.0,757.3,67
2026-07-08 13:00:00,18.5,642.0,676.8,94
2026-07-08 14:00:00,19.3,447.0,436.2,81
2026-07-08 15:00:00,19.5,502.0,501.8,78
2026-07-08 16:00:00,19.6,433.0,419.4,98
2026-07-08 17:00:00,19.3,299.0,280.2,100
2026-07-08 18:00:00,19.1,255.0,229.1,41
2026-07-08 19:00:00,18.5,194.0,145.2,11
2026-07-08 20:00:00,18.0,129.0,46.9,13
2026-07-08 21:00:00,16.9,22.0,11.3,11
2026-07-08 22:00:00,16.0,0.0,0.0,5
2026-07-08 23:00:00,15.3,0.0,0.0,17
2026-07-09 00:00:00,15.2,0.0,0.0,10
2026-07-09 01:00:00,14.1,0.0,0.0,21
2026-07-09 02:00:00,13.1,0.0,0.0,3
2026-07-09 03:00:00,12.5,0.0,0.0,53
2026-07-09 04:00:00,12.5,0.0,0.0,96
2026-07-09 05:00:00,12.8,1.0,0.0,69
2026-07-09 06:00:00,13.1,47.0,29.0,21
2026-07-09 07:00:00,14.5,162.0,70.5,35
2026-07-09 08:00:00,15.2,266.0,204.8,17
2026-07-09 09:00:00,16.7,455.0,412.7,47
2026-07-09 10:00:00,17.8,559.0,555.5,36
2026-07-09 11:00:00,18.7,621.0,648.5,100
2026-07-09 12:00:00,14.3,216.0,206.4,80
2026-07-09 13:00:00,15.7,413.0,427.0,63
2026-07-09 14:00:00,19.5,543.0,570.5,29
2026-07-09 15:00:00,19.8,688.0,738.4,49
2026-07-09 16:00:00,19.4,525.0,535.9,76
2026-07-09 17:00:00,19.0,473.0,456.8,38
2026-07-09 18:00:00,19.0,352.0,305.0,17
2026-07-09 19:00:00,18.7,249.0,164.2,18
2026-07-09 20:00:00,17.8,116.0,46.7,19
2026-07-09 21:00:00,16.6,20.0,11.3,26
2026-07-09 22:00:00,15.7,0.0,0.0,23
2026-07-09 23:00:00,15.0,0.0,0.0,15
2026-07-10 00:00:00,14.4,0.0,0.0,100
2026-07-10 01:00:00,14.5,0.0,0.0,99
2026-07-10 02:00:00,13.1,0.0,0.0,39
2026-07-10 03:00:00,12.8,0.0,0.0,1
2026-07-10 04:00:00,12.3,0.0,0.0,3
2026-07-10 05:00:00,11.8,0.0,0.0,13
2026-07-10 06:00:00,12.0,51.0,24.6,0
2026-07-10 07:00:00,13.2,180.0,68.2,0
2026-07-10 08:00:00,14.6,341.0,247.2,6
2026-07-10 09:00:00,16.4,501.0,454.0,80
2026-07-10 10:00:00,17.8,590.0,587.3,77
2026-07-10 11:00:00,18.6,528.0,540.5,98
2026-07-10 12:00:00,18.8,471.0,469.8,100
2026-07-10 13:00:00,15.4,181.0,167.9,91
2026-07-10 14:00:00,18.8,414.0,410.8,96
2026-07-10 15:00:00,18.4,334.0,327.1,62
2026-07-10 16:00:00,17.5,477.0,487.0,16
2026-07-10 17:00:00,19.8,528.0,513.6,30
2026-07-10 18:00:00,19.0,349.0,302.2,51
2026-07-10 19:00:00,18.7,220.0,153.8,52
2026-07-10 20:00:00,18.2,111.0,48.4,16
2026-07-10 21:00:00,17.4,19.0,10.3,44
2026-07-10 22:00:00,17.0,0.0,0.0,37
2026-07-10 23:00:00,16.1,0.0,0.0,78
2026-07-11 00:00:00,15.5,0.0,0.0,93
2026-07-11 01:00:00,15.1,0.0,0.0,43
2026-07-11 02:00:00,14.1,0.0,0.0,20
2026-07-11 03:00:00,13.9,0.0,0.0,26
2026-07-11 04:00:00,13.5,0.0,0.0,13
2026-07-11 05:00:00,13.2,0.0,0.0,15
2026-07-11 06:00:00,13.8,46.0,23.6,32
2026-07-11 07:00:00,14.8,160.0,70.3,78
2026-07-11 08:00:00,15.5,237.0,191.3,62
2026-07-11 09:00:00,16.9,401.0,365.7,29
2026-07-11 10:00:00,18.1,549.0,548.2,12
2026-07-11 11:00:00,19.5,709.0,751.5,12
2026-07-11 12:00:00,20.5,781.0,855.9,30
2026-07-11 13:00:00,21.0,780.0,860.4,37
2026-07-11 14:00:00,21.0,772.0,840.8,28
2026-07-11 15:00:00,21.1,737.0,790.2,28
2026-07-11 16:00:00,21.5,660.0,690.1,27
2026-07-11 17:00:00,21.7,552.0,540.1,16
2026-07-11 18:00:00,21.5,401.0,344.9,14
2026-07-11 19:00:00,21.0,258.0,165.3,12
2026-07-11 20:00:00,19.8,120.0,44.9,34
2026-07-11 21:00:00,18.5,19.0,11.3,46
2026-07-11 22:00:00,17.7,0.0,0.0,11
2026-07-11 23:00:00,16.8,0.0,0.0,73
2026-07-12 00:00:00,16.1,0.0,0.0,98
2026-07-12 01:00:00,15.5,0.0,0.0,27
2026-07-12 02:00:00,15.1,0.0,0.0,97
2026-07-12 03:00:00,14.9,0.0,0.0,99
2026-07-12 04:00:00,13.9,0.0,0.0,100
2026-07-12 05:00:00,13.9,0.0,0.0,97
2026-07-12 06:00:00,14.0,27.0,22.3,98
2026-07-12 07:00:00,14.4,84.0,66.5,100
2026-07-12 08:00:00,14.2,69.0,63.8,99
2026-07-12 09:00:00,15.0,185.0,170.6,61
2026-07-12 10:00:00,16.2,456.0,449.0,100
2026-07-12 11:00:00,15.7,144.0,134.1,100
2026-07-12 12:00:00,16.8,192.0,178.1,100
2026-07-12 13:00:00,17.7,349.0,337.7,55
2026-07-12 14:00:00,16.7,596.0,627.6,94
2026-07-12 15:00:00,17.3,421.0,415.3,100
2026-07-12 16:00:00,18.7,303.0,291.5,100
2026-07-12 17:00:00,18.8,276.0,260.5,70
2026-07-12 18:00:00,19.0,330.0,290.0,94
2026-07-12 19:00:00,19.2,205.0,153.0,84
2026-07-12 20:00:00,18.4,104.0,62.8,66
2026-07-12 21:00:00,17.7,18.0,13.1,95
2026-07-12 22:00:00,17.0,0.0,0.0,99
2026-07-12 23:00:00,16.2,0.0,0.0,85
2026-07-13 00:00:00,15.6,0.0,0.0,65
2026-07-13 01:00:00,15.1,0.0,0.0,40
2026-07-13 02:00:00,14.8,0.0,0.0,20
2026-07-13 03:00:00,14.8,0.0,0.0,100
2026-07-13 04:00:00,14.8,0.0,0.0,95
2026-07-13 05:00:00,14.0,0.0,0.0,26
2026-07-13 06:00:00,14.5,44.0,23.5,30
2026-07-13 07:00:00,15.8,165.0,68.4,31
2026-07-13 08:00:00,17.3,301.0,226.4,48
2026-07-13 09:00:00,19.1,418.0,382.0,100
2026-07-13 10:00:00,19.5,333.0,316.7,100
2026-07-13 11:00:00,19.6,181.0,171.0,100
2026-07-13 12:00:00,20.5,280.0,265.5,93
2026-07-13 13:00:00,22.9,723.0,770.1,76
2026-07-13 14:00:00,22.8,695.0,729.8,92
2026-07-13 15:00:00,23.9,648.0,678.2,86
2026-07-13 16:00:00,24.0,524.0,527.4,95
2026-07-13 17:00:00,22.7,325.0,309.3,17
2026-07-13 18:00:00,23.2,373.0,323.6,12
2026-07-13 19:00:00,23.0,244.0,163.6,41
2026-07-13 20:00:00,21.6,98.0,48.2,3
2026-07-13 21:00:00,19.6,18.0,10.3,79
2026-07-13 22:00:00,19.3,0.0,0.0,13
2026-07-13 23:00:00,18.6,0.0,0.0,21
2026-07-14 00:00:00,18.2,0.0,0.0,20
2026-07-14 01:00:00,17.8,0.0,0.0,9
2026-07-14 02:00:00,16.4,0.0,0.0,14
2026-07-14 03:00:00,16.3,0.0,0.0,19
2026-07-14 04:00:00,15.8,0.0,0.0,20
2026-07-14 05:00:00,15.3,0.0,0.0,45
2026-07-14 06:00:00,16.3,42.0,23.5,11
2026-07-14 07:00:00,17.4,159.0,69.0,32
2026-07-14 08:00:00,19.0,312.0,232.0,88
2026-07-14 09:00:00,20.5,347.0,318.7,84
2026-07-14 10:00:00,22.6,552.0,547.0,89
2026-07-14 11:00:00,23.9,704.0,743.2,65
2026-07-14 12:00:00,25.2,805.0,884.0,80
2026-07-14 13:00:00,25.7,793.0,865.2,91
2026-07-14 14:00:00,22.4,751.0,805.1,20
2026-07-14 15:00:00,25.4,775.0,842.5,83
2026-07-14 16:00:00,25.3,661.0,692.6,50
2026-07-14 17:00:00,25.7,541.0,530.7,84
2026-07-14 18:00:00,25.5,349.0,306.9,45
2026-07-14 19:00:00,24.8,213.0,149.2,48
2026-07-14 20:00:00,23.1,110.0,44.7,87
2026-07-14 21:00:00,22.4,15.0,11.2,98
2026-07-14 22:00:00,21.6,0.0,0.0,84
2026-07-14 23:00:00,20.7,0.0,0.0,100
2026-07-15 00:00:00,19.8,0.0,0.0,99
2026-07-15 01:00:00,19.2,0.0,0.0,100
2026-07-15 02:00:00,18.6,0.0,0.0,92
2026-07-15 03:00:00,18.7,0.0,0.0,65
2026-07-15 04:00:00,18.3,0.0,0.0,98
2026-07-15 05:00:00,18.2,0.0,0.0,89
2026-07-15 06:00:00,18.6,32.0,22.4,100
2026-07-15 07:00:00,19.6,107.0,77.7,99
2026-07-15 08:00:00,19.5,133.0,120.3,100
2026-07-15 09:00:00,19.9,175.0,161.9,100
2026-07-15 10:00:00,19.6,222.0,209.5,100
2026-07-15 11:00:00,19.9,197.0,185.4,100
2026-07-15 12:00:00,20.0,166.0,154.0,100
2026-07-15 13:00:00,21.1,295.0,277.1,95
2026-07-15 14:00:00,21.4,559.0,575.2,100
2026-07-15 15:00:00,21.3,297.0,279.5,38
2026-07-15 16:00:00,22.9,569.0,583.0,27
2026-07-15 17:00:00,22.9,437.0,425.8,16
2026-07-15 18:00:00,22.9,398.0,346.3,14
2026-07-15 19:00:00,22.2,236.0,158.0,43
2026-07-15 20:00:00,20.5,82.0,50.6,22
2026-07-15 21:00:00,19.5,15.0,9.4,6
2026-07-15 22:00:00,18.8,0.0,0.0,9
2026-07-15 23:00:00,18.3,0.0,0.0,20
2026-07-16 00:00:00,17.9,0.0,0.0,11
2026-07-16 01:00:00,17.4,0.0,0.0,26
2026-07-16 02:00:00,16.3,0.0,0.0,28
2026-07-16 03:00:00,16.3,0.0,0.0,42
2026-07-16 04:00:00,16.1,0.0,0.0,10
2026-07-16 05:00:00,15.5,0.0,0.0,2
2026-07-16 06:00:00,16.1,41.0,20.8,23
2026-07-16 07:00:00,17.4,158.0,73.0,94
2026-07-16 08:00:00,18.5,285.0,220.9,59
2026-07-16 09:00:00,20.6,464.0,425.2,25
2026-07-16 10:00:00,22.8,603.0,608.8,76
2026-07-16 11:00:00,24.0,626.0,652.0,52
2026-07-16 12:00:00,25.1,690.0,736.4,16
2026-07-16 13:00:00,25.9,770.0,839.8,21
2026-07-16 14:00:00,26.2,771.0,851.5,5
2026-07-16 15:00:00,26.8,772.0,848.8,5
2026-07-16 16:00:00,27.0,645.0,681.1,2
2026-07-16 17:00:00,27.1,551.0,545.6,2
2026-07-16 18:00:00,27.0,419.0,363.4,8
2026-07-16 19:00:00,26.6,263.0,170.0,18
2026-07-16 20:00:00,25.5,113.0,43.0,33
2026-07-16 21:00:00,24.2,15.0,8.5,36
2026-07-16 22:00:00,23.2,0.0,0.0,16
2026-07-16 23:00:00,22.2,0.0,0.0,4
2026-07-17 00:00:00,21.5,0.0,0.0,31
2026-07-17 01:00:00,20.8,0.0,0.0,1
2026-07-17 02:00:00,19.1,0.0,0.0,2
2026-07-17 03:00:00,18.9,0.0,0.0,11
2026-07-17 04:00:00,18.6,0.0,0.0,9
2026-07-17 05:00:00,18.2,0.0,0.0,55
2026-07-17 06:00:00,18.9,38.0,20.7,58
2026-07-17 07:00:00,20.4,149.0,68.5,60
2026-07-17 08:00:00,22.7,298.0,223.9,9
2026-07-17 09:00:00,25.6,465.0,426.5,23
2026-07-17 10:00:00,27.7,612.0,623.9,13
2026-07-17 11:00:00,29.0,726.0,783.9,24
2026-07-17 12:00:00,29.9,772.0,854.2,66
2026-07-17 13:00:00,30.8,828.0,925.8,45
2026-07-17 14:00:00,31.8,808.0,905.7,89
2026-07-17 15:00:00,31.7,678.0,730.2,70
2026-07-17 16:00:00,31.3,613.0,642.1,73
2026-07-17 17:00:00,31.0,495.0,488.8,95
2026-07-17 18:00:00,29.9,342.0,302.1,91
2026-07-17 19:00:00,28.8,163.0,134.1,97
2026-07-17 20:00:00,27.6,67.0,54.9,98
2026-07-17 21:00:00,20.7,9.0,7.4,100
2026-07-17 22:00:00,20.8,0.0,0.0,100
2026-07-17 23:00:00,20.3,0.0,0.0,100
2026-07-18 00:00:00,20.0,0.0,0.0,100
2026-07-18 01:00:00,19.7,0.0,0.0,99
2026-07-18 02:00:00,18.7,0.0,0.0,14
2026-07-18 03:00:00,18.4,0.0,0.0,8
2026-07-18 04:00:00,18.0,0.0,0.0,0
2026-07-18 05:00:00,17.7,0.0,0.0,2
2026-07-18 06:00:00,18.0,37.0,18.9,11
2026-07-18 07:00:00,19.1,151.0,63.2,6
2026-07-18 08:00:00,20.1,307.0,227.5,51
2026-07-18 09:00:00,21.6,425.0,391.0,34
2026-07-18 10:00:00,22.7,530.0,535.0,19
2026-07-18 11:00:00,23.9,681.0,728.7,30
2026-07-18 12:00:00,24.7,781.0,859.6,38
2026-07-18 13:00:00,25.2,810.0,900.3,67
2026-07-18 14:00:00,22.7,662.0,725.0,99
2026-07-18 15:00:00,21.5,451.0,448.2,80
2026-07-18 16:00:00,23.2,514.0,522.1,44
2026-07-18 17:00:00,24.0,502.0,494.9,30
2026-07-18 18:00:00,22.5,375.0,329.4,33
2026-07-18 19:00:00,22.8,223.0,154.5,15
2026-07-18 20:00:00,21.3,98.0,46.3,9
2026-07-18 21:00:00,20.5,14.0,8.4,34
2026-07-18 22:00:00,19.8,0.0,0.0,34
2026-07-18 23:00:00,19.3,0.0,0.0,5
2026-07-19 00:00:00,18.9,0.0,0.0,11
2026-07-19 01:00:00,18.6,0.0,0.0,65
2026-07-19 02:00:00,17.2,0.0,0.0,50
2026-07-19 03:00:00,17.1,0.0,0.0,62
2026-07-19 04:00:00,17.0,0.0,0.0,39
2026-07-19 05:00:00,16.5,0.0,0.0,77
2026-07-19 06:00:00,16.9,32.0,21.5,29
2026-07-19 07:00:00,18.3,147.0,66.8,26
2026-07-19 08:00:00,18.5,299.0,225.2,48
2026-07-19 09:00:00,21.0,446.0,411.0,13
2026-07-19 10:00:00,21.9,573.0,583.5,20
2026-07-19 11:00:00,23.2,692.0,742.4,7
2026-07-19 12:00:00,24.5,801.0,892.2,9
2026-07-19 13:00:00,25.6,837.0,943.2,16
2026-07-19 14:00:00,24.1,819.0,913.3,73
2026-07-19 15:00:00,22.7,629.0,659.2,97
2026-07-19 16:00:00,18.1,422.0,417.0,100
2026-07-19 17:00:00,18.9,290.0,275.8,96
2026-07-19 18:00:00,18.0,212.0,193.8,95
2026-07-19 19:00:00,17.4,136.0,111.5,100
2026-07-19 20:00:00,16.7,21.0,19.5,100
2026-07-19 21:00:00,16.1,5.0,4.6,20
2026-07-19 22:00:00,15.3,0.0,0.0,25
2026-07-19 23:00:00,14.7,0.0,0.0,16
2026-07-20 00:00:00,14.3,0.0,0.0,23
2026-07-20 01:00:00,14.0,0.0,0.0,26
2026-07-20 02:00:00,13.4,0.0,0.0,2
2026-07-20 03:00:00,13.3,0.0,0.0,1
2026-07-20 04:00:00,13.0,0.0,0.0,0
2026-07-20 05:00:00,12.6,0.0,0.0,1
2026-07-20 06:00:00,12.6,36.0,18.8,0
2026-07-20 07:00:00,13.4,158.0,60.4,0
2026-07-20 08:00:00,14.5,317.0,235.2,1
2026-07-20 09:00:00,15.9,463.0,427.5,14
2026-07-20 10:00:00,16.9,584.0,594.9,38
2026-07-20 11:00:00,17.7,584.0,619.9,23
2026-07-20 12:00:00,18.7,742.0,816.6,43
2026-07-20 13:00:00,19.2,695.0,767.4,26
2026-07-20 14:00:00,20.1,739.0,825.6,16
2026-07-20 15:00:00,20.4,749.0,825.1,21
2026-07-20 16:00:00,20.3,645.0,685.8,30
2026-07-20 17:00:00,20.4,503.0,500.2,6
2026-07-20 18:00:00,19.8,403.0,354.3,4
2026-07-20 19:00:00,18.8,257.0,168.2,5
2026-07-20 20:00:00,17.7,106.0,41.0,10
2026-07-20 21:00:00,16.5,13.0,7.5,23
2026-07-20 22:00:00,15.6,0.0,0.0,36
2026-07-20 23:00:00,14.8,0.0,0.0,8
2026-07-21 00:00:00,14.3,0.0,0.0,3
2026-07-21 01:00:00,14.2,0.0,0.0,0
2026-07-21 02:00:00,13.8,0.0,0.0,17
2026-07-21 03:00:00,13.5,0.0,0.0,45
2026-07-21 04:00:00,13.1,0.0,0.0,41
2026-07-21 05:00:00,12.6,0.0,0.0,44
2026-07-21 06:00:00,12.9,22.0,15.0,100
2026-07-21 07:00:00,13.7,100.0,70.5,48
2026-07-21 08:00:00,14.8,255.0,198.8,33
2026-07-21 09:00:00,16.1,400.0,370.3,68
2026-07-21 10:00:00,16.7,435.0,435.2,98
2026-07-21 11:00:00,17.1,288.0,275.6,74
2026-07-21 12:00:00,18.0,495.0,510.3,84
2026-07-21 13:00:00,18.1,418.0,425.3,65
2026-07-21 14:00:00,18.1,561.0,596.5,52
2026-07-21 15:00:00,18.5,568.0,609.7,23
2026-07-21 16:00:00,19.2,592.0,625.3,40
2026-07-21 17:00:00,19.0,455.0,449.6,46
2026-07-21 18:00:00,15.9,303.0,269.2,72
2026-07-21 19:00:00,16.1,128.0,103.8,45
2026-07-21 20:00:00,15.6,89.0,42.5,67
2026-07-21 21:00:00,15.3,8.0,5.6,100
2026-07-21 22:00:00,15.1,0.0,0.0,77
2026-07-21 23:00:00,14.7,0.0,0.0,30
2026-07-22 00:00:00,14.0,0.0,0.0,2
2026-07-22 01:00:00,13.5,0.0,0.0,12
2026-07-22 02:00:00,12.8,0.0,0.0,15
2026-07-22 03:00:00,12.6,0.0,0.0,1
2026-07-22 04:00:00,12.0,0.0,0.0,16
2026-07-22 05:00:00,11.4,0.0,0.0,14
2026-07-22 06:00:00,11.9,33.0,17.0,19
2026-07-22 07:00:00,13.1,147.0,63.1,55
2026-07-22 08:00:00,14.7,268.0,213.1,29
2026-07-22 09:00:00,16.6,408.0,378.5,1
2026-07-22 10:00:00,18.2,616.0,633.7,11
2026-07-22 11:00:00,19.1,711.0,772.2,2
2026-07-22 12:00:00,20.1,838.0,943.3,38
2026-07-22 13:00:00,20.4,709.0,775.2,100
2026-07-22 14:00:00,20.6,406.0,400.0,59
2026-07-22 15:00:00,21.3,593.0,631.3,17
2026-07-22 16:00:00,22.0,684.0,731.9,98
2026-07-22 17:00:00,20.9,195.0,182.9,100
2026-07-22 18:00:00,20.6,148.0,135.9,55
2026-07-22 19:00:00,20.1,178.0,132.8,95
2026-07-22 20:00:00,18.9,53.0,40.1,61
2026-07-22 21:00:00,18.0,9.0,5.6,66
2026-07-22 22:00:00,17.6,0.0,0.0,56
2026-07-22 23:00:00,16.8,0.0,0.0,30
2026-07-23 00:00:00,15.7,0.0,0.0,50
2026-07-23 01:00:00,14.4,0.0,0.0,90
2026-07-23 02:00:00,14.1,0.0,0.0,52
2026-07-23 03:00:00,14.0,0.0,0.0,21
2026-07-23 04:00:00,13.6,0.0,0.0,45
2026-07-23 05:00:00,13.2,0.0,0.0,27
2026-07-23 06:00:00,13.3,26.0,15.0,25
2026-07-23 07:00:00,14.5,130.0,58.2,50
2026-07-23 08:00:00,15.0,208.0,166.7,42
2026-07-23 09:00:00,15.9,358.0,332.8,71
2026-07-23 10:00:00,15.3,504.0,507.4,49
2026-07-23 11:00:00,17.2,616.0,653.7,100
2026-07-23 12:00:00,16.8,517.0,535.3,91
2026-07-23 13:00:00,15.6,553.0,585.6,80
2026-07-23 14:00:00,17.1,654.0,700.1,92
2026-07-23 15:00:00,17.0,661.0,702.8,91
2026-07-23 16:00:00,14.7,355.0,353.4,85
2026-07-23 17:00:00,14.4,393.0,385.8,98
2026-07-23 18:00:00,15.3,247.0,223.9,80
2026-07-23 19:00:00,15.3,180.0,136.7,98
2026-07-23 20:00:00,13.5,59.0,49.3,99
2026-07-23 21:00:00,12.8,5.0,4.6,100
2026-07-23 22:00:00,13.0,0.0,0.0,92
2026-07-23 23:00:00,12.9,0.0,0.0,35
2026-07-24 00:00:00,12.5,0.0,0.0,82
2026-07-24 01:00:00,12.4,0.0,0.0,29
2026-07-24 02:00:00,12.4,0.0,0.0,37
2026-07-24 03:00:00,12.0,0.0,0.0,37
2026-07-24 04:00:00,11.7,0.0,0.0,23
2026-07-24 05:00:00,11.3,0.0,0.0,12
2026-07-24 06:00:00,11.5,27.0,16.0,9
2026-07-24 07:00:00,12.7,129.0,66.5,30
2026-07-24 08:00:00,13.9,272.0,214.0,45
2026-07-24 09:00:00,15.3,402.0,374.5,98
2026-07-24 10:00:00,15.0,199.0,185.6,95
2026-07-24 11:00:00,16.1,234.0,221.2,92
2026-07-24 12:00:00,17.5,332.0,314.0,100
2026-07-24 13:00:00,16.5,224.0,213.5,76
2026-07-24 14:00:00,18.1,511.0,538.8,55
2026-07-24 15:00:00,19.5,627.0,684.3,55
2026-07-24 16:00:00,20.1,634.0,676.2,26
2026-07-24 17:00:00,19.9,514.0,515.5,30
2026-07-24 18:00:00,19.9,369.0,328.9,73
2026-07-24 19:00:00,18.9,191.0,137.5,11
2026-07-24 20:00:00,17.4,92.0,40.8,15
2026-07-24 21:00:00,16.4,9.0,5.6,16
2026-07-24 22:00:00,15.6,0.0,0.0,27
2026-07-24 23:00:00,15.1,0.0,0.0,22
2026-07-25 00:00:00,14.5,0.0,0.0,7
2026-07-25 01:00:00,13.6,0.0,0.0,19
2026-07-25 02:00:00,12.1,0.0,0.0,59
2026-07-25 03:00:00,12.0,0.0,0.0,98
2026-07-25 04:00:00,11.9,0.0,0.0,95
2026-07-25 05:00:00,11.6,0.0,0.0,90
2026-07-25 06:00:00,11.9,25.0,17.7,98
2026-07-25 07:00:00,13.6,131.0,70.7,65
2026-07-25 08:00:00,15.5,281.0,218.5,13
2026-07-25 09:00:00,18.3,466.0,436.0,21
2026-07-25 10:00:00,20.1,614.0,637.8,88
2026-07-25 11:00:00,21.1,732.0,802.8,76
2026-07-25 12:00:00,21.9,801.0,897.7,83
2026-07-25 13:00:00,22.7,828.0,927.4,95
2026-07-25 14:00:00,23.6,805.0,893.4,84
2026-07-25 15:00:00,24.1,788.0,878.7,12
2026-07-25 16:00:00,24.3,709.0,771.5,32
2026-07-25 17:00:00,24.5,575.0,583.4,49
2026-07-25 18:00:00,24.3,418.0,372.1,37
2026-07-25 19:00:00,23.4,255.0,167.5,1
2026-07-25 20:00:00,21.4,105.0,38.3,0
2026-07-25 21:00:00,19.7,10.0,5.6,0
2026-07-25 22:00:00,18.7,0.0,0.0,0
2026-07-25 23:00:00,18.3,0.0,0.0,0
2026-07-26 00:00:00,17.4,0.0,0.0,0
2026-07-26 01:00:00,16.6,0.0,0.0,32
2026-07-26 02:00:00,16.1,0.0,0.0,58
2026-07-26 03:00:00,16.1,0.0,0.0,48
2026-07-26 04:00:00,16.0,0.0,0.0,0
2026-07-26 05:00:00,15.8,0.0,0.0,0
2026-07-26 06:00:00,16.4,27.0,13.2,0
2026-07-26 07:00:00,18.1,144.0,49.1,0
2026-07-26 08:00:00,20.0,300.0,224.3,0
2026-07-26 09:00:00,22.4,462.0,433.7,0
2026-07-26 10:00:00,24.4,610.0,636.3,0
2026-07-26 11:00:00,25.9,730.0,805.7,16
2026-07-26 12:00:00,27.0,814.0,926.2,64
2026-07-26 13:00:00,28.0,806.0,904.1,30
2026-07-26 14:00:00,29.1,774.0,867.2,55
2026-07-26 15:00:00,29.3,762.0,850.4,44
2026-07-26 16:00:00,29.4,682.0,739.2,16
2026-07-26 17:00:00,29.1,565.0,574.8,37
2026-07-26 18:00:00,28.2,401.0,359.0,33
2026-07-26 19:00:00,26.9,216.0,153.5,51
2026-07-26 20:00:00,25.0,78.0,37.8,53
2026-07-26 21:00:00,24.3,8.0,5.6,95
2026-07-26 22:00:00,25.2,0.0,0.0,95
2026-07-26 23:00:00,24.9,0.0,0.0,98
2026-07-27 00:00:00,22.5,0.0,0.0,99
2026-07-27 01:00:00,20.5,0.0,0.0,100
2026-07-27 02:00:00,17.9,0.0,0.0,99
2026-07-27 03:00:00,18.3,0.0,0.0,66
2026-07-27 04:00:00,18.3,0.0,0.0,8
2026-07-27 05:00:00,18.5,0.0,0.0,24
2026-07-27 06:00:00,18.5,24.0,13.2,38
2026-07-27 07:00:00,19.6,133.0,54.3,73
2026-07-27 08:00:00,20.8,187.0,151.0,72
2026-07-27 09:00:00,21.6,366.0,343.0,81
2026-07-27 10:00:00,21.5,448.0,447.7,100
2026-07-27 11:00:00,20.4,303.0,288.1,85
2026-07-27 12:00:00,21.5,529.0,545.3,96
2026-07-27 13:00:00,22.4,527.0,537.9,20
2026-07-27 14:00:00,19.0,691.0,773.2,99
2026-07-27 15:00:00,20.1,422.0,429.4,11
2026-07-27 16:00:00,22.1,676.0,735.0,29
2026-07-27 17:00:00,21.6,485.0,488.3,30
2026-07-27 18:00:00,21.2,335.0,301.5,7
2026-07-27 19:00:00,20.5,232.0,156.0,7
2026-07-27 20:00:00,19.7,92.0,38.0,23
2026-07-27 21:00:00,18.8,7.0,4.7,11
2026-07-27 22:00:00,17.8,0.0,0.0,5
2026-07-27 23:00:00,16.9,0.0,0.0,11
2026-07-28 00:00:00,16.3,0.0,0.0,19
2026-07-28 01:00:00,16.0,0.0,0.0,11
2026-07-28 02:00:00,15.1,0.0,0.0,40
2026-07-28 03:00:00,14.8,0.0,0.0,90
2026-07-28 04:00:00,14.2,0.0,0.0,91
2026-07-28 05:00:00,13.5,0.0,0.0,91
2026-07-28 06:00:00,13.9,14.0,10.3,13
2026-07-28 07:00:00,14.7,128.0,54.7,9
2026-07-28 08:00:00,16.0,278.0,215.1,13
2026-07-28 09:00:00,16.9,400.0,377.1,22
2026-07-28 10:00:00,17.9,520.0,536.8,16
2026-07-28 11:00:00,19.4,688.0,751.6,13
2026-07-28 12:00:00,20.1,783.0,885.1,0
2026-07-28 13:00:00,20.8,844.0,971.1,8
2026-07-28 14:00:00,21.5,823.0,940.2,9
2026-07-28 15:00:00,21.6,773.0,871.1,9
2026-07-28 16:00:00,21.7,676.0,735.8,5
2026-07-28 17:00:00,21.8,551.0,561.8,0
2026-07-28 18:00:00,21.7,406.0,365.0,0
2026-07-28 19:00:00,21.3,241.0,160.3,13
2026-07-28 20:00:00,20.2,93.0,38.1,5
2026-07-28 21:00:00,19.2,7.0,4.7,6
2026-07-28 22:00:00,18.6,0.0,0.0,2
2026-07-28 23:00:00,17.8,0.0,0.0,2
2026-07-29 00:00:00,17.0,0.0,0.0,2
2026-07-29 01:00:00,16.2,0.0,0.0,5
2026-07-29 02:00:00,13.8,0.0,0.0,14
2026-07-29 03:00:00,14.0,0.0,0.0,7
2026-07-29 04:00:00,13.8,0.0,0.0,0
2026-07-29 05:00:00,13.4,0.0,0.0,1
2026-07-29 06:00:00,13.8,22.0,11.3,27
2026-07-29 07:00:00,15.2,133.0,50.9,6
2026-07-29 08:00:00,17.1,286.0,218.3,18
2026-07-29 09:00:00,20.0,436.0,413.3,4
2026-07-29 10:00:00,22.0,594.0,624.4,0
2026-07-29 11:00:00,23.1,716.0,795.5,0
2026-07-29 12:00:00,24.0,800.0,915.2,0
2026-07-29 13:00:00,24.9,840.0,972.9,4
2026-07-29 14:00:00,25.7,832.0,959.7,1
2026-07-29 15:00:00,26.5,776.0,879.2,34
2026-07-29 16:00:00,26.8,672.0,735.9,27
2026-07-29 17:00:00,27.0,546.0,559.8,0
2026-07-29 18:00:00,26.8,398.0,359.0,0
2026-07-29 19:00:00,26.1,237.0,157.4,0
2026-07-29 20:00:00,24.2,91.0,35.3,0
2026-07-29 21:00:00,23.2,6.0,3.7,0
2026-07-29 22:00:00,22.4,0.0,0.0,0
2026-07-29 23:00:00,21.3,0.0,0.0,0
2026-07-30 00:00:00,20.8,0.0,0.0,0
2026-07-30 01:00:00,20.6,0.0,0.0,0
2026-07-30 02:00:00,19.2,0.0,0.0,0
2026-07-30 03:00:00,19.1,0.0,0.0,0
2026-07-30 04:00:00,18.7,0.0,0.0,5
2026-07-30 05:00:00,18.3,0.0,0.0,4
2026-07-30 06:00:00,18.4,20.0,11.3,0
2026-07-30 07:00:00,19.7,128.0,46.7,0
2026-07-30 08:00:00,21.7,280.0,213.7,0
2026-07-30 09:00:00,25.0,440.0,418.6,0
2026-07-30 10:00:00,27.7,587.0,618.8,0
2026-07-30 11:00:00,29.7,708.0,788.4,0
2026-07-30 12:00:00,31.3,792.0,908.2,27
2026-07-30 13:00:00,31.3,685.0,774.3,32
2026-07-30 14:00:00,32.8,694.0,785.3,24
2026-07-30 15:00:00,33.1,670.0,749.5,34
2026-07-30 16:00:00,33.1,593.0,642.6,30
2026-07-30 17:00:00,33.1,508.0,518.7,27
2026-07-30 18:00:00,32.7,370.0,335.4,23
2026-07-30 19:00:00,31.7,219.0,149.6,6
2026-07-30 20:00:00,29.7,84.0,34.3,10
2026-07-30 21:00:00,28.7,5.0,3.7,4
2026-07-30 22:00:00,27.1,0.0,0.0,2
2026-07-30 23:00:00,25.6,0.0,0.0,2
2026-07-31 00:00:00,24.7,0.0,0.0,2
2026-07-31 01:00:00,24.0,0.0,0.0,1
2026-07-31 02:00:00,22.3,0.0,0.0,23
2026-07-31 03:00:00,22.1,0.0,0.0,80
2026-07-31 04:00:00,22.4,0.0,0.0,66
2026-07-31 05:00:00,22.5,0.0,0.0,9
2026-07-31 06:00:00,22.2,19.0,10.3,77
2026-07-31 07:00:00,23.3,99.0,47.5,84
2026-07-31 08:00:00,25.8,261.0,206.6,23
2026-07-31 09:00:00,28.3,388.0,369.5,28
2026-07-31 10:00:00,29.9,536.0,561.1,23
2026-07-31 11:00:00,31.4,652.0,717.8,2
2026-07-31 12:00:00,33.1,777.0,892.6,1
2026-07-31 13:00:00,34.1,824.0,959.3,3
2026-07-31 14:00:00,34.4,799.0,926.2,19
2026-07-31 15:00:00,35.2,689.0,773.0,47
2026-07-31 16:00:00,34.9,541.0,580.0,30
2026-07-31 17:00:00,34.8,454.0,463.8,27
2026-07-31 18:00:00,34.5,356.0,323.9,8
2026-07-31 19:00:00,33.7,212.0,144.1,23
2026-07-31 20:00:00,32.4,77.0,33.2,11
2026-07-31 21:00:00,30.4,4.0,2.8,9
2026-07-31 22:00:00,29.0,0.0,0.0,9
2026-07-31 23:00:00,28.1,0.0,0.0,9
2026-08-01 00:00:00,26.8,0.0,0.0,22
2026-08-01 01:00:00,25.9,0.0,0.0,19
2026-08-01 02:00:00,23.7,0.0,0.0,32
2026-08-01 03:00:00,23.1,0.0,0.0,79
2026-08-01 04:00:00,22.4,0.0,0.0,67
2026-08-01 05:00:00,21.9,0.0,0.0,97
2026-08-01 06:00:00,22.4,14.0,11.2,91
2026-08-01 07:00:00,24.0,101.0,64.6,78
2026-08-01 08:00:00,26.4,268.0,209.5,46
2026-08-01 09:00:00,28.4,431.0,412.7,13
2026-08-01 10:00:00,29.5,581.0,616.5,20
2026-08-01 11:00:00,31.2,699.0,781.5,37
2026-08-01 12:00:00,32.4,771.0,882.8,74
2026-08-01 13:00:00,32.6,763.0,866.0,95
2026-08-01 14:00:00,32.7,647.0,720.2,83
2026-08-01 15:00:00,32.8,668.0,731.8,80
2026-08-01 16:00:00,30.2,568.0,612.1,72
2026-08-01 17:00:00,29.4,399.0,405.2,67
2026-08-01 18:00:00,24.6,241.0,221.2,98
2026-08-01 19:00:00,24.9,92.0,76.6,58
2026-08-01 20:00:00,24.1,60.0,33.8,99
2026-08-01 21:00:00,21.8,1.0,0.9,88
2026-08-01 22:00:00,21.3,0.0,0.0,44
2026-08-01 23:00:00,20.8,0.0,0.0,34
2026-08-02 00:00:00,20.6,0.0,0.0,96
2026-08-02 01:00:00,20.4,0.0,0.0,99
2026-08-02 02:00:00,19.0,0.0,0.0,48
2026-08-02 03:00:00,18.8,0.0,0.0,100
2026-08-02 04:00:00,19.1,0.0,0.0,100
2026-08-02 05:00:00,18.9,0.0,0.0,100
2026-08-02 06:00:00,18.8,4.0,3.7,100
2026-08-02 07:00:00,18.9,31.0,28.8,100
2026-08-02 08:00:00,18.6,92.0,84.5,100
2026-08-02 09:00:00,19.4,161.0,150.7,100
2026-08-02 10:00:00,20.5,270.0,260.9,100
2026-08-02 11:00:00,21.3,296.0,284.9,100
2026-08-02 12:00:00,21.9,344.0,328.1,100
2026-08-02 13:00:00,22.4,374.0,369.2,100
2026-08-02 14:00:00,22.5,376.0,375.8,100
2026-08-02 15:00:00,22.8,324.0,312.6,100
2026-08-02 16:00:00,23.3,319.0,306.3,98
2026-08-02 17:00:00,23.6,257.0,245.1,80
2026-08-02 18:00:00,24.0,278.0,256.0,31
2026-08-02 19:00:00,23.4,178.0,130.6,11
2026-08-02 20:00:00,22.2,67.0,34.9,21
2026-08-02 21:00:00,21.3,3.0,1.9,13
2026-08-02 22:00:00,20.7,0.0,0.0,23
2026-08-02 23:00:00,20.3,0.0,0.0,23
2026-08-03 00:00:00,19.9,0.0,0.0,5
2026-08-03 01:00:00,19.4,0.0,0.0,0
2026-08-03 02:00:00,19.3,0.0,0.0,0
2026-08-03 03:00:00,19.2,0.0,0.0,0
2026-08-03 04:00:00,19.0,0.0,0.0,10
2026-08-03 05:00:00,18.8,0.0,0.0,21
2026-08-03 06:00:00,18.8,14.0,8.4,10
2026-08-03 07:00:00,19.8,107.0,45.6,7
2026-08-03 08:00:00,21.0,253.0,198.8,5
2026-08-03 09:00:00,23.1,412.0,397.5,5
2026-08-03 10:00:00,25.3,558.0,593.9,5
2026-08-03 11:00:00,27.4,674.0,755.7,2
2026-08-03 12:00:00,29.2,761.0,879.2,1
2026-08-03 13:00:00,30.6,808.0,945.8,4
2026-08-03 14:00:00,31.8,799.0,932.9,0
2026-08-03 15:00:00,32.2,758.0,873.1,31
2026-08-03 16:00:00,31.3,611.0,672.0,49
2026-08-03 17:00:00,30.7,382.0,388.1,30
2026-08-03 18:00:00,30.7,348.0,320.2,42
2026-08-03 19:00:00,29.3,182.0,133.2,26
2026-08-03 20:00:00,27.3,70.0,34.0,46
2026-08-03 21:00:00,27.2,3.0,2.8,57
2026-08-03 22:00:00,26.6,0.0,0.0,9
2026-08-03 23:00:00,25.1,0.0,0.0,1
2026-08-04 00:00:00,24.2,0.0,0.0,1
2026-08-04 01:00:00,24.0,0.0,0.0,1
2026-08-04 02:00:00,23.8,0.0,0.0,11
2026-08-04 03:00:00,22.8,0.0,0.0,13
2026-08-04 04:00:00,21.5,0.0,0.0,10
2026-08-04 05:00:00,20.9,0.0,0.0,7
2026-08-04 06:00:00,21.1,14.0,8.4,3
2026-08-04 07:00:00,22.5,113.0,42.1,5
2026-08-04 08:00:00,24.2,260.0,203.3,3
2026-08-04 09:00:00,27.1,417.0,404.3,5
2026-08-04 10:00:00,29.6,554.0,592.8,3
2026-08-04 11:00:00,31.4,680.0,767.1,2
2026-08-04 12:00:00,32.9,770.0,894.4,5
2026-08-04 13:00:00,34.2,788.0,922.8,3
2026-08-04 14:00:00,35.6,794.0,929.7,17
2026-08-04 15:00:00,35.7,686.0,784.7,11
2026-08-04 16:00:00,35.9,586.0,646.4,10
2026-08-04 17:00:00,35.8,478.0,498.6,13
2026-08-04 18:00:00,35.3,350.0,322.9,23
2026-08-04 19:00:00,33.2,191.0,133.5,25
2026-08-04 20:00:00,31.3,60.0,26.6,12
2026-08-04 21:00:00,30.2,2.0,0.9,7
2026-08-04 22:00:00,29.4,0.0,0.0,4
2026-08-04 23:00:00,28.2,0.0,0.0,2
2026-08-05 00:00:00,26.5,0.0,0.0,2
2026-08-05 01:00:00,25.7,0.0,0.0,0
2026-08-05 02:00:00,23.5,0.0,0.0,1
2026-08-05 03:00:00,23.3,0.0,0.0,0
2026-08-05 04:00:00,22.9,0.0,0.0,0
2026-08-05 05:00:00,22.6,0.0,0.0,2
2026-08-05 06:00:00,22.8,13.0,7.5,2
2026-08-05 07:00:00,25.0,114.0,41.2,1
2026-08-05 08:00:00,27.0,265.0,207.4,0
2026-08-05 09:00:00,30.0,427.0,416.1,2
2026-08-05 10:00:00,32.6,573.0,616.8,0
2026-08-05 11:00:00,34.5,695.0,789.1,0
2026-08-05 12:00:00,35.6,780.0,911.1,2
2026-08-05 13:00:00,36.6,812.0,957.5,10
2026-08-05 14:00:00,37.6,778.0,913.8,21
2026-08-05 15:00:00,36.7,628.0,716.1,22
2026-08-05 16:00:00,36.6,619.0,687.5,22
2026-08-05 17:00:00,36.6,516.0,540.5,6
2026-08-05 18:00:00,36.2,363.0,336.2,5
2026-08-05 19:00:00,35.8,196.0,135.0,22
2026-08-05 20:00:00,34.6,61.0,27.5,10
2026-08-05 21:00:00,32.2,2.0,1.9,24
2026-08-05 22:00:00,29.6,0.0,0.0,8
2026-08-05 23:00:00,28.9,0.0,0.0,4
2026-08-06 00:00:00,27.2,0.0,0.0,1
2026-08-06 01:00:00,26.9,0.0,0.0,16
2026-08-06 02:00:00,24.4,0.0,0.0,1
2026-08-06 03:00:00,23.8,0.0,0.0,2
2026-08-06 04:00:00,23.4,0.0,0.0,0
2026-08-06 05:00:00,22.8,0.0,0.0,0
2026-08-06 06:00:00,22.2,12.0,6.6,0
2026-08-06 07:00:00,23.2,111.0,40.2,0
2026-08-06 08:00:00,24.9,263.0,207.1,0
2026-08-06 09:00:00,27.6,426.0,417.0,0
2026-08-06 10:00:00,29.7,572.0,618.1,0
2026-08-06 11:00:00,31.9,693.0,789.1,0
2026-08-06 12:00:00,33.2,774.0,906.3,1
2026-08-06 13:00:00,33.1,802.0,948.3,7
2026-08-06 14:00:00,35.6,689.0,798.9,27
2026-08-06 15:00:00,33.2,670.0,767.1,75
2026-08-06 16:00:00,30.8,480.0,511.1,66
2026-08-06 17:00:00,30.5,430.0,442.8,34
2026-08-06 18:00:00,30.3,348.0,323.5,28
2026-08-06 19:00:00,29.5,198.0,139.5,13
2026-08-06 20:00:00,28.5,64.0,30.3,34
2026-08-06 21:00:00,27.4,1.0,0.9,66
2026-08-06 22:00:00,26.7,0.0,0.0,52
2026-08-06 23:00:00,25.7,0.0,0.0,69
2026-08-07 00:00:00,24.9,0.0,0.0,50
2026-08-07 01:00:00,23.9,0.0,0.0,77
2026-08-07 02:00:00,22.7,0.0,0.0,35
2026-08-07 03:00:00,21.5,0.0,0.0,94
2026-08-07 04:00:00,20.5,0.0,0.0,95
2026-08-07 05:00:00,19.4,0.0,0.0,94
2026-08-07 06:00:00,19.2,7.0,5.6,91
2026-08-07 07:00:00,19.6,43.0,32.6,100
2026-08-07 08:00:00,19.9,71.0,65.9,100
2026-08-07 09:00:00,19.8,134.0,124.3,96
2026-08-07 10:00:00,21.8,466.0,488.1,53
2026-08-07 11:00:00,22.9,575.0,638.3,23
2026-08-07 12:00:00,23.8,669.0,763.5,25
2026-08-07 13:00:00,24.3,708.0,819.0,34
2026-08-07 14:00:00,23.2,663.0,748.7,42
2026-08-07 15:00:00,23.2,586.0,649.3,33
2026-08-07 16:00:00,23.6,538.0,588.8,50
2026-08-07 17:00:00,23.6,407.0,417.6,66
2026-08-07 18:00:00,23.0,280.0,260.9,43
2026-08-07 19:00:00,22.1,160.0,119.7,22
2026-08-07 20:00:00,21.0,58.0,29.2,23
2026-08-07 21:00:00,20.3,1.0,0.0,20
2026-08-07 22:00:00,19.9,0.0,0.0,44
2026-08-07 23:00:00,19.1,0.0,0.0,56
2026-08-08 00:00:00,18.5,0.0,0.0,64
2026-08-08 01:00:00,17.8,0.0,0.0,85
2026-08-08 02:00:00,16.7,0.0,0.0,95
2026-08-08 03:00:00,16.3,0.0,0.0,86
2026-08-08 04:00:00,16.1,0.0,0.0,35
2026-08-08 05:00:00,15.4,0.0,0.0,19
2026-08-08 06:00:00,15.0,10.0,6.5,6
2026-08-08 07:00:00,15.4,104.0,44.6,11
2026-08-08 08:00:00,16.7,253.0,203.6,96
2026-08-08 09:00:00,18.5,360.0,349.8,16
2026-08-08 10:00:00,20.1,558.0,602.2,1
2026-08-08 11:00:00,21.5,692.0,790.5,10
2026-08-08 12:00:00,22.2,757.0,883.6,34
2026-08-08 13:00:00,22.7,730.0,837.7,100
2026-08-08 14:00:00,23.1,447.0,457.1,77
2026-08-08 15:00:00,23.4,634.0,703.3,45
2026-08-08 16:00:00,23.0,496.0,520.4,55
2026-08-08 17:00:00,22.7,420.0,428.3,40
2026-08-08 18:00:00,22.3,325.0,304.2,5
2026-08-08 19:00:00,21.1,201.0,140.5,0
2026-08-08 20:00:00,19.4,63.0,28.4,0
2026-08-08 21:00:00,18.4,1.0,0.0,0
2026-08-08 22:00:00,17.4,0.0,0.0,0
2026-08-08 23:00:00,16.5,0.0,0.0,0
2026-08-09 00:00:00,15.8,0.0,0.0,0
2026-08-09 01:00:00,15.2,0.0,0.0,0
2026-08-09 02:00:00,14.0,0.0,0.0,0
2026-08-09 03:00:00,13.8,0.0,0.0,0
2026-08-09 04:00:00,13.5,0.0,0.0,0
2026-08-09 05:00:00,13.2,0.0,0.0,0
2026-08-09 06:00:00,13.3,9.0,5.6,0
2026-08-09 07:00:00,14.5,106.0,41.0,0
2026-08-09 08:00:00,16.2,261.0,209.1,0
2026-08-09 09:00:00,18.7,428.0,424.4,0
2026-08-09 10:00:00,20.7,580.0,633.5,0
2026-08-09 11:00:00,22.3,705.0,810.2,0
2026-08-09 12:00:00,23.4,790.0,933.0,2
2026-08-09 13:00:00,24.4,831.0,992.4,0
2026-08-09 14:00:00,25.6,822.0,980.0,0
2026-08-09 15:00:00,26.2,765.0,897.8,0
2026-08-09 16:00:00,26.4,666.0,756.2,10
2026-08-09 17:00:00,26.4,531.0,566.4,39
2026-08-09 18:00:00,26.0,366.0,344.5,67
2026-08-09 19:00:00,24.8,196.0,140.5,96
2026-08-09 20:00:00,22.7,51.0,37.3,98
2026-08-09 21:00:00,21.6,1.0,0.0,99
2026-08-09 22:00:00,20.7,0.0,0.0,64
2026-08-09 23:00:00,20.0,0.0,0.0,5
2026-08-10 00:00:00,19.2,0.0,0.0,0
2026-08-10 01:00:00,18.4,0.0,0.0,0
2026-08-10 02:00:00,16.7,0.0,0.0,0
2026-08-10 03:00:00,16.3,0.0,0.0,0
2026-08-10 04:00:00,15.9,0.0,0.0,0
2026-08-10 05:00:00,15.6,0.0,0.0,27
2026-08-10 06:00:00,15.7,8.0,4.7,45
2026-08-10 07:00:00,17.6,99.0,40.9,15
2026-08-10 08:00:00,20.1,251.0,202.1,30
2026-08-10 09:00:00,23.4,412.0,410.4,60
2026-08-10 10:00:00,25.6,541.0,587.2,93
2026-08-10 11:00:00,27.0,585.0,630.8,94
2026-08-10 12:00:00,28.7,692.0,780.2,84
2026-08-10 13:00:00,30.0,765.0,892.1,52
2026-08-10 14:00:00,30.9,763.0,893.6,80
2026-08-10 15:00:00,29.5,506.0,541.7,56
2026-08-10 16:00:00,29.9,520.0,565.7,16
2026-08-10 17:00:00,28.9,462.0,487.4,4
2026-08-10 18:00:00,29.2,323.0,305.0,14
2026-08-10 19:00:00,28.0,182.0,128.8,17
2026-08-10 20:00:00,25.5,53.0,23.7,17
2026-08-10 21:00:00,24.8,0.0,0.0,4
2026-08-10 22:00:00,23.6,0.0,0.0,1
2026-08-10 23:00:00,22.3,0.0,0.0,2
2026-08-11 00:00:00,21.3,0.0,0.0,13
2026-08-11 01:00:00,21.7,0.0,0.0,0
2026-08-11 02:00:00,19.8,0.0,0.0,9
2026-08-11 03:00:00,18.5,0.0,0.0,20
2026-08-11 04:00:00,18.1,0.0,0.0,41
2026-08-11 05:00:00,17.5,0.0,0.0,48
2026-08-11 06:00:00,17.2,6.0,4.7,7
2026-08-11 07:00:00,17.6,92.0,40.8,33
2026-08-11 08:00:00,17.9,236.0,193.7,43
2026-08-11 09:00:00,19.1,371.0,366.4,26
2026-08-11 10:00:00,20.5,516.0,555.3,37
2026-08-11 11:00:00,21.8,633.0,712.4,70
2026-08-11 12:00:00,22.4,595.0,666.4,98
2026-08-11 13:00:00,22.8,547.0,570.7,66
2026-08-11 14:00:00,23.4,700.0,794.7,77
2026-08-11 15:00:00,23.0,631.0,694.3,66
2026-08-11 16:00:00,23.1,642.0,726.7,0
2026-08-11 17:00:00,22.7,518.0,556.1,0
2026-08-11 18:00:00,21.6,360.0,341.9,0
2026-08-11 19:00:00,20.5,195.0,136.2,0
2026-08-11 20:00:00,19.1,55.0,24.6,0
2026-08-11 21:00:00,17.8,0.0,0.0,0
2026-08-11 22:00:00,16.8,0.0,0.0,2
2026-08-11 23:00:00,15.9,0.0,0.0,0
2026-08-12 00:00:00,15.0,0.0,0.0,2
2026-08-12 01:00:00,14.3,0.0,0.0,4
2026-08-12 02:00:00,12.8,0.0,0.0,5
2026-08-12 03:00:00,12.4,0.0,0.0,5
2026-08-12 04:00:00,12.0,0.0,0.0,9
2026-08-12 05:00:00,11.7,0.0,0.0,0
2026-08-12 06:00:00,11.6,7.0,4.7,0
2026-08-12 07:00:00,12.8,98.0,39.1,0
2026-08-12 08:00:00,14.5,252.0,205.7,0
2026-08-12 09:00:00,17.3,417.0,419.3,1
2026-08-12 10:00:00,19.2,568.0,627.3,13
2026-08-12 11:00:00,20.2,678.0,779.2,19
2026-08-12 12:00:00,20.9,732.0,853.1,7
2026-08-12 13:00:00,21.8,798.0,950.9,5
2026-08-12 14:00:00,22.5,800.0,957.6,2
2026-08-12 15:00:00,22.8,743.0,875.4,1
2026-08-12 16:00:00,23.1,653.0,747.9,2
2026-08-12 17:00:00,22.9,516.0,556.3,2
2026-08-12 18:00:00,22.3,354.0,337.7,1
2026-08-12 19:00:00,21.5,190.0,133.5,0
2026-08-12 20:00:00,20.0,47.0,20.0,0
2026-08-12 21:00:00,19.1,0.0,0.0,0
2026-08-12 22:00:00,18.2,0.0,0.0,0
2026-08-12 23:00:00,17.5,0.0,0.0,0
2026-08-13 00:00:00,16.4,0.0,0.0,0
2026-08-13 01:00:00,15.5,0.0,0.0,9
2026-08-13 02:00:00,13.9,0.0,0.0,0
2026-08-13 03:00:00,13.5,0.0,0.0,0
2026-08-13 04:00:00,13.1,0.0,0.0,0
2026-08-13 05:00:00,12.8,0.0,0.0,0
2026-08-13 06:00:00,12.7,6.0,3.7,0
2026-08-13 07:00:00,14.0,94.0,38.1,3
2026-08-13 08:00:00,15.8,246.0,202.0,37
2026-08-13 09:00:00,18.9,408.0,411.9,38
2026-08-13 10:00:00,20.9,557.0,615.7,36
2026-08-13 11:00:00,22.1,686.0,798.1,15
2026-08-13 12:00:00,23.0,772.0,922.1,29
2026-08-13 13:00:00,23.7,808.0,974.2,0
2026-08-13 14:00:00,24.7,801.0,965.8,5
2026-08-13 15:00:00,24.8,741.0,878.9,4
2026-08-13 16:00:00,24.8,641.0,737.0,0
2026-08-13 17:00:00,24.5,507.0,548.6,0
2026-08-13 18:00:00,24.0,349.0,334.5,0
2026-08-13 19:00:00,23.2,187.0,131.4,0
2026-08-13 20:00:00,21.8,48.0,21.8,0
2026-08-13 21:00:00,21.3,0.0,0.0,0
2026-08-13 22:00:00,20.4,0.0,0.0,0
2026-08-13 23:00:00,19.2,0.0,0.0,0
2026-08-14 00:00:00,18.2,0.0,0.0,0
2026-08-14 01:00:00,17.2,0.0,0.0,0
2026-08-14 02:00:00,15.5,0.0,0.0,0
2026-08-14 03:00:00,15.2,0.0,0.0,0
2026-08-14 04:00:00,14.8,0.0,0.0,0
2026-08-14 05:00:00,14.4,0.0,0.0,0
2026-08-14 06:00:00,14.1,5.0,3.7,0
2026-08-14 07:00:00,15.2,91.0,36.2,0
2026-08-14 08:00:00,17.1,243.0,200.7,0
2026-08-14 09:00:00,19.6,407.0,414.0,0
2026-08-14 10:00:00,21.9,559.0,623.8,2
2026-08-14 11:00:00,23.5,682.0,798.6,0
2026-08-14 12:00:00,24.8,767.0,921.0,0
2026-08-14 13:00:00,25.7,807.0,979.5,0
2026-08-14 14:00:00,26.9,797.0,965.4,0
2026-08-14 15:00:00,27.1,739.0,882.0,0
2026-08-14 16:00:00,27.2,637.0,736.1,0
2026-08-14 17:00:00,26.9,501.0,544.9,0
2026-08-14 18:00:00,26.2,343.0,330.3,0
2026-08-14 19:00:00,25.2,181.0,127.4,0
2026-08-14 20:00:00,23.8,45.0,19.0,0
2026-08-14 21:00:00,22.7,0.0,0.0,0
2026-08-14 22:00:00,21.3,0.0,0.0,0
2026-08-14 23:00:00,20.1,0.0,0.0,0
2026-08-15 00:00:00,19.3,0.0,0.0,0
2026-08-15 01:00:00,18.6,0.0,0.0,0
2026-08-15 02:00:00,17.2,0.0,0.0,0
2026-08-15 03:00:00,17.0,0.0,0.0,0
2026-08-15 04:00:00,16.3,0.0,0.0,0
2026-08-15 05:00:00,15.6,0.0,0.0,0
2026-08-15 06:00:00,15.0,4.0,2.8,0
2026-08-15 07:00:00,15.9,89.0,34.4,0
2026-08-15 08:00:00,17.9,241.0,200.1,0
2026-08-15 09:00:00,21.8,405.0,414.4,0
2026-08-15 10:00:00,25.1,556.0,623.9,0
2026-08-15 11:00:00,27.6,680.0,800.5,0
2026-08-15 12:00:00,29.3,765.0,923.5,0
2026-08-15 13:00:00,30.4,805.0,981.7,0
2026-08-15 14:00:00,31.6,794.0,966.0,0
2026-08-15 15:00:00,31.9,736.0,881.8,0
2026-08-15 16:00:00,32.2,634.0,735.9,0
2026-08-15 17:00:00,32.2,498.0,544.3,0
2026-08-15 18:00:00,31.7,340.0,329.1,0
2026-08-15 19:00:00,30.8,178.0,125.6,0
2026-08-15 20:00:00,28.1,42.0,18.0,0
2026-08-15 21:00:00,26.6,0.0,0.0,0
2026-08-15 22:00:00,24.6,0.0,0.0,0
2026-08-15 23:00:00,23.7,0.0,0.0,0
2026-08-16 00:00:00,23.3,0.0,0.0,0
2026-08-16 01:00:00,22.8,0.0,0.0,0
2026-08-16 02:00:00,21.1,0.0,0.0,0
2026-08-16 03:00:00,21.2,0.0,0.0,0
2026-08-16 04:00:00,20.9,0.0,0.0,0
2026-08-16 05:00:00,20.6,0.0,0.0,0
2026-08-16 06:00:00,20.4,4.0,2.8,0
2026-08-16 07:00:00,21.7,86.0,33.4,0
2026-08-16 08:00:00,23.5,237.0,198.2,0
2026-08-16 09:00:00,25.9,400.0,411.6,0
2026-08-16 10:00:00,27.7,548.0,617.7,0
2026-08-16 11:00:00,29.3,671.0,792.5,8
2026-08-16 12:00:00,30.6,754.0,911.8,41
2026-08-16 13:00:00,32.0,787.0,958.3,23
2026-08-16 14:00:00,33.1,720.0,872.5,66
2026-08-16 15:00:00,33.2,613.0,712.0,97
2026-08-16 16:00:00,32.7,501.0,549.0,93
2026-08-16 17:00:00,29.3,319.0,333.4,100
2026-08-16 18:00:00,26.8,152.0,142.2,98
2026-08-16 19:00:00,24.6,80.0,70.4,100
2026-08-16 20:00:00,23.8,11.0,9.3,62
2026-08-16 21:00:00,22.3,0.0,0.0,73
2026-08-16 22:00:00,21.2,0.0,0.0,38
2026-08-16 23:00:00,20.1,0.0,0.0,55
2026-08-17 00:00:00,19.4,0.0,0.0,80
2026-08-17 01:00:00,18.8,0.0,0.0,64
2026-08-17 02:00:00,17.9,0.0,0.0,46
2026-08-17 03:00:00,17.5,0.0,0.0,23
2026-08-17 04:00:00,16.9,0.0,0.0,100
2026-08-17 05:00:00,16.5,0.0,0.0,99
2026-08-17 06:00:00,16.3,2.0,1.9,100
2026-08-17 07:00:00,16.9,45.0,39.0,100
2026-08-17 08:00:00,17.3,45.0,41.7,100
2026-08-17 09:00:00,17.7,83.0,77.4,95
2026-08-17 10:00:00,20.9,432.0,457.3,97
2026-08-17 11:00:00,22.2,477.0,507.5,99
2026-08-17 12:00:00,23.7,593.0,647.4,48
2026-08-17 13:00:00,25.3,735.0,880.5,73
2026-08-17 14:00:00,26.3,738.0,878.7,88
2026-08-17 15:00:00,26.4,565.0,623.1,98
2026-08-17 16:00:00,26.5,419.0,429.0,97
2026-08-17 17:00:00,22.8,339.0,343.8,89
2026-08-17 18:00:00,19.9,211.0,199.5,99
2026-08-17 19:00:00,19.9,80.0,71.1,100
2026-08-17 20:00:00,18.7,14.0,13.0,100
2026-08-17 21:00:00,17.3,0.0,0.0,98
2026-08-17 22:00:00,16.0,0.0,0.0,100
2026-08-17 23:00:00,15.2,0.0,0.0,100
2026-08-18 00:00:00,14.8,0.0,0.0,100
2026-08-18 01:00:00,14.3,0.0,0.0,100
2026-08-18 02:00:00,13.8,0.0,0.0,96
2026-08-18 03:00:00,13.7,0.0,0.0,100
2026-08-18 04:00:00,13.7,0.0,0.0,97
2026-08-18 05:00:00,13.6,0.0,0.0,100
2026-08-18 06:00:00,13.5,1.0,0.9,100
2026-08-18 07:00:00,13.7,46.0,39.9,100
2026-08-18 08:00:00,14.1,110.0,101.2,57
2026-08-18 09:00:00,14.8,270.0,270.4,99
2026-08-18 10:00:00,14.9,265.0,263.8,100
2026-08-18 11:00:00,16.4,397.0,399.6,100
2026-08-18 12:00:00,16.9,346.0,333.1,59
2026-08-18 13:00:00,18.6,673.0,792.6,86
2026-08-18 14:00:00,18.5,637.0,737.1,98
2026-08-18 15:00:00,18.8,537.0,591.2,80
2026-08-18 16:00:00,19.4,505.0,564.0,49
2026-08-18 17:00:00,19.3,417.0,451.6,28
2026-08-18 18:00:00,18.9,284.0,276.8,69
2026-08-18 19:00:00,17.9,144.0,108.1,33
2026-08-18 20:00:00,16.6,31.0,16.0,66
2026-08-18 21:00:00,16.0,0.0,0.0,11
2026-08-18 22:00:00,15.4,0.0,0.0,53
2026-08-18 23:00:00,15.2,0.0,0.0,71
2026-08-19 00:00:00,14.7,0.0,0.0,62
2026-08-19 01:00:00,14.0,0.0,0.0,99
2026-08-19 02:00:00,14.3,0.0,0.0,100
2026-08-19 03:00:00,14.5,0.0,0.0,99
2026-08-19 04:00:00,14.3,0.0,0.0,41
2026-08-19 05:00:00,13.6,0.0,0.0,43
2026-08-19 06:00:00,13.8,2.0,1.9,78
2026-08-19 07:00:00,14.9,47.0,31.8,88
2026-08-19 08:00:00,15.8,197.0,171.8,56
2026-08-19 09:00:00,17.3,339.0,346.6,98
2026-08-19 10:00:00,18.3,337.0,345.8,98
2026-08-19 11:00:00,19.4,332.0,334.2,48
2026-08-19 12:00:00,21.1,640.0,757.4,61
2026-08-19 13:00:00,21.9,650.0,770.6,30
2026-08-19 14:00:00,22.2,731.0,890.0,93
2026-08-19 15:00:00,23.3,620.0,715.0,98
2026-08-19 16:00:00,22.2,305.0,309.2,96
2026-08-19 17:00:00,22.0,199.0,197.4,99
2026-08-19 18:00:00,21.5,108.0,101.3,97
2026-08-19 19:00:00,21.3,62.0,55.4,89
2026-08-19 20:00:00,20.5,20.0,14.9,63
2026-08-19 21:00:00,20.9,0.0,0.0,45
2026-08-19 22:00:00,19.9,0.0,0.0,98
2026-08-19 23:00:00,20.0,0.0,0.0,8
2026-08-20 00:00:00,20.0,0.0,0.0,26
2026-08-20 01:00:00,20.1,0.0,0.0,25
2026-08-20 02:00:00,19.7,0.0,0.0,2
2026-08-20 03:00:00,20.2,0.0,0.0,64
2026-08-20 04:00:00,21.1,0.0,0.0,41
2026-08-20 05:00:00,21.5,0.0,0.0,95
2026-08-20 06:00:00,18.7,1.0,0.9,63
2026-08-20 07:00:00,20.4,67.0,33.0,58
2026-08-20 08:00:00,21.5,201.0,175.9,9
2026-08-20 09:00:00,23.9,370.0,388.2,1
2026-08-20 10:00:00,25.3,514.0,587.4,27
2026-08-20 11:00:00,26.4,597.0,702.7,29
2026-08-20 12:00:00,27.1,701.0,850.4,48
2026-08-20 13:00:00,27.8,681.0,809.4,37
2026-08-20 14:00:00,26.5,665.0,793.9,55
2026-08-20 15:00:00,26.6,574.0,675.0,50
2026-08-20 16:00:00,24.9,497.0,568.3,69
2026-08-20 17:00:00,25.3,319.0,338.3,91
2026-08-20 18:00:00,24.5,184.0,176.4,98
2026-08-20 19:00:00,23.9,107.0,89.5,99
2026-08-20 20:00:00,20.5,10.0,9.3,100
2026-08-20 21:00:00,20.2,0.0,0.0,100
2026-08-20 22:00:00,19.5,0.0,0.0,100
2026-08-20 23:00:00,18.7,0.0,0.0,100
2026-08-21 00:00:00,18.7,0.0,0.0,100
2026-08-21 01:00:00,18.7,0.0,0.0,71
2026-08-21 02:00:00,18.0,0.0,0.0,85
2026-08-21 03:00:00,18.1,0.0,0.0,100
2026-08-21 04:00:00,18.2,0.0,0.0,100
2026-08-21 05:00:00,18.1,0.0,0.0,100
2026-08-21 06:00:00,18.0,1.0,0.9,98
2026-08-21 07:00:00,18.2,25.0,19.6,100
2026-08-21 08:00:00,18.4,48.0,44.5,100
2026-08-21 09:00:00,19.4,120.0,113.3,90
2026-08-21 10:00:00,21.1,310.0,332.5,38
2026-08-21 11:00:00,22.9,532.0,614.4,19
2026-08-21 12:00:00,24.0,649.0,778.2,48
2026-08-21 13:00:00,25.1,722.0,884.0,41
2026-08-21 14:00:00,25.7,677.0,825.5,88
2026-08-21 15:00:00,25.9,597.0,697.4,90
2026-08-21 16:00:00,25.9,503.0,569.6,75
2026-08-21 17:00:00,25.9,449.0,500.0,95
2026-08-21 18:00:00,25.6,245.0,240.3,98
2026-08-21 19:00:00,24.3,108.0,90.8,98
2026-08-21 20:00:00,22.4,19.0,14.9,94
2026-08-21 21:00:00,21.6,0.0,0.0,92
2026-08-21 22:00:00,19.4,0.0,0.0,99
2026-08-21 23:00:00,19.7,0.0,0.0,100
2026-08-22 00:00:00,19.8,0.0,0.0,88
2026-08-22 01:00:00,18.7,0.0,0.0,79
2026-08-22 02:00:00,20.0,0.0,0.0,100
2026-08-22 03:00:00,18.1,0.0,0.0,100
2026-08-22 04:00:00,15.2,0.0,0.0,100
2026-08-22 05:00:00,14.8,0.0,0.0,77
2026-08-22 06:00:00,14.7,1.0,0.0,26
2026-08-22 07:00:00,15.1,56.0,31.9,100
2026-08-22 08:00:00,15.5,132.0,120.9,100
2026-08-22 09:00:00,16.2,188.0,179.3,28
2026-08-22 10:00:00,17.7,436.0,477.9,99
2026-08-22 11:00:00,18.1,343.0,342.0,18
2026-08-22 12:00:00,20.1,627.0,748.1,30
2026-08-22 13:00:00,21.1,662.0,800.2,34
2026-08-22 14:00:00,20.8,617.0,739.1,39
2026-08-22 15:00:00,20.9,582.0,686.9,53
2026-08-22 16:00:00,18.8,416.0,463.7,9
2026-08-22 17:00:00,20.1,425.0,472.1,25
2026-08-22 18:00:00,19.3,263.0,261.8,2
2026-08-22 19:00:00,18.2,140.0,103.8,13
2026-08-22 20:00:00,16.3,21.0,12.2,4
2026-08-22 21:00:00,15.7,0.0,0.0,9
2026-08-22 22:00:00,14.9,0.0,0.0,9
2026-08-22 23:00:00,14.3,0.0,0.0,3
2026-08-23 00:00:00,14.0,0.0,0.0,3
2026-08-23 01:00:00,13.7,0.0,0.0,4
2026-08-23 02:00:00,12.7,0.0,0.0,2
2026-08-23 03:00:00,12.6,0.0,0.0,1
2026-08-23 04:00:00,12.3,0.0,0.0,0
2026-08-23 05:00:00,11.8,0.0,0.0,1
2026-08-23 06:00:00,11.5,1.0,0.0,0
2026-08-23 07:00:00,12.4,64.0,28.4,1
2026-08-23 08:00:00,13.8,209.0,185.4,1
2026-08-23 09:00:00,15.6,372.0,397.6,6
2026-08-23 10:00:00,16.9,525.0,609.2,13
2026-08-23 11:00:00,17.9,640.0,772.3,14
2026-08-23 12:00:00,18.6,701.0,860.7,22
2026-08-23 13:00:00,19.1,711.0,873.3,11
2026-08-23 14:00:00,19.5,714.0,877.8,25
2026-08-23 15:00:00,19.8,680.0,831.9,24
2026-08-23 16:00:00,19.7,522.0,602.7,13
2026-08-23 17:00:00,19.5,401.0,445.1,13
2026-08-23 18:00:00,19.1,288.0,290.0,9
2026-08-23 19:00:00,18.1,134.0,99.7,5
2026-08-23 20:00:00,16.5,20.0,10.4,5
2026-08-23 21:00:00,16.2,0.0,0.0,2
2026-08-23 22:00:00,15.5,0.0,0.0,2
2026-08-23 23:00:00,14.2,0.0,0.0,4
2026-08-24 00:00:00,13.3,0.0,0.0,2
2026-08-24 01:00:00,12.9,0.0,0.0,5
2026-08-24 02:00:00,11.5,0.0,0.0,0
2026-08-24 03:00:00,11.6,0.0,0.0,18
2026-08-24 04:00:00,11.2,0.0,0.0,6
2026-08-24 05:00:00,10.9,0.0,0.0,0
2026-08-24 06:00:00,10.5,1.0,0.0,1
2026-08-24 07:00:00,11.7,62.0,28.4,2
2026-08-24 08:00:00,12.8,206.0,184.3,7
2026-08-24 09:00:00,15.1,357.0,382.4,14
2026-08-24 10:00:00,16.7,500.0,576.6,3
2026-08-24 11:00:00,17.9,644.0,781.9,0
2026-08-24 12:00:00,18.8,736.0,916.7,0
2026-08-24 13:00:00,19.4,764.0,955.0,16
2026-08-24 14:00:00,20.4,711.0,872.7,58
2026-08-24 15:00:00,20.7,582.0,678.2,41
2026-08-24 16:00:00,20.6,516.0,587.7,84
2026-08-24 17:00:00,19.8,391.0,425.0,1
2026-08-24 18:00:00,19.3,298.0,302.4,4
2026-08-24 19:00:00,18.1,137.0,101.5,5
2026-08-24 20:00:00,16.5,19.0,10.3,2
2026-08-24 21:00:00,15.5,0.0,0.0,2
2026-08-24 22:00:00,14.5,0.0,0.0,21
2026-08-24 23:00:00,13.8,0.0,0.0,15
2026-08-25 00:00:00,13.2,0.0,0.0,4
2026-08-25 01:00:00,12.7,0.0,0.0,0
2026-08-25 02:00:00,11.5,0.0,0.0,1
2026-08-25 03:00:00,11.4,0.0,0.0,15
2026-08-25 04:00:00,11.4,0.0,0.0,30
2026-08-25 05:00:00,11.5,0.0,0.0,94
2026-08-25 06:00:00,11.6,0.0,0.0,100
2026-08-25 07:00:00,12.6,33.0,27.9,100
2026-08-25 08:00:00,13.6,72.0,66.8,100
2026-08-25 09:00:00,14.4,113.0,106.0,100
2026-08-25 10:00:00,15.7,177.0,170.2,100
2026-08-25 11:00:00,15.9,174.0,165.3,100
2026-08-25 12:00:00,15.6,154.0,148.1,100
2026-08-25 13:00:00,14.9,122.0,114.3,100
2026-08-25 14:00:00,14.0,100.0,92.8,100
2026-08-25 15:00:00,14.4,168.0,158.1,100
2026-08-25 16:00:00,14.0,68.0,66.1,100
2026-08-25 17:00:00,14.1,61.0,56.6,100
2026-08-25 18:00:00,13.8,20.0,18.6,100
2026-08-25 19:00:00,13.8,11.0,10.2,100
2026-08-25 20:00:00,13.5,3.0,2.8,100
2026-08-25 21:00:00,13.5,0.0,0.0,100
2026-08-25 22:00:00,13.6,0.0,0.0,100
2026-08-25 23:00:00,13.6,0.0,0.0,100
2026-08-26 00:00:00,13.6,0.0,0.0,100
2026-08-26 01:00:00,13.6,0.0,0.0,100
2026-08-26 02:00:00,13.3,0.0,0.0,100
2026-08-26 03:00:00,13.6,0.0,0.0,100
2026-08-26 04:00:00,13.5,0.0,0.0,100
2026-08-26 05:00:00,13.7,0.0,0.0,100
2026-08-26 06:00:00,13.6,0.0,0.0,100
2026-08-26 07:00:00,13.7,20.0,15.8,100
2026-08-26 08:00:00,14.4,68.0,63.0,100
2026-08-26 09:00:00,15.7,172.0,166.3,100
2026-08-26 10:00:00,16.9,265.0,256.3,99
2026-08-26 11:00:00,18.1,403.0,417.1,99
2026-08-26 12:00:00,19.7,564.0,633.1,57
2026-08-26 13:00:00,21.0,655.0,774.7,32
2026-08-26 14:00:00,22.5,667.0,802.6,67
2026-08-26 15:00:00,22.4,522.0,600.6,100
2026-08-26 16:00:00,21.9,274.0,283.4,49
2026-08-26 17:00:00,22.3,359.0,397.6,55
2026-08-26 18:00:00,21.5,216.0,215.2,98
2026-08-26 19:00:00,20.1,62.0,55.2,98
2026-08-26 20:00:00,18.4,10.0,8.4,97
2026-08-26 21:00:00,17.8,0.0,0.0,98
2026-08-26 22:00:00,16.9,0.0,0.0,56
2026-08-26 23:00:00,16.3,0.0,0.0,84
2026-08-27 00:00:00,15.6,0.0,0.0,61
2026-08-27 01:00:00,15.0,0.0,0.0,15
2026-08-27 02:00:00,15.1,0.0,0.0,89
2026-08-27 03:00:00,14.6,0.0,0.0,91
2026-08-27 04:00:00,13.9,0.0,0.0,26
2026-08-27 05:00:00,13.5,0.0,0.0,5
2026-08-27 06:00:00,13.3,0.0,0.0,1
2026-08-27 07:00:00,14.0,53.0,23.7,0
2026-08-27 08:00:00,15.4,196.0,180.0,0
2026-08-27 09:00:00,17.9,360.0,395.9,0
2026-08-27 10:00:00,19.9,514.0,611.0,0
2026-08-27 11:00:00,21.1,639.0,790.0,0
2026-08-27 12:00:00,21.8,725.0,914.7,0
2026-08-27 13:00:00,22.5,765.0,973.4,0
2026-08-27 14:00:00,23.3,754.0,957.5,0
2026-08-27 15:00:00,23.5,694.0,870.6,0
2026-08-27 16:00:00,23.5,589.0,718.5,0
2026-08-27 17:00:00,23.2,449.0,519.6,0
2026-08-27 18:00:00,22.1,287.0,297.0,0
2026-08-27 19:00:00,20.2,126.0,94.0,1
2026-08-27 20:00:00,18.5,14.0,7.5,0
2026-08-27 21:00:00,17.9,0.0,0.0,0
2026-08-27 22:00:00,17.3,0.0,0.0,9
2026-08-27 23:00:00,16.9,0.0,0.0,1
2026-08-28 00:00:00,16.6,0.0,0.0,38
2026-08-28 01:00:00,15.8,0.0,0.0,25
2026-08-28 02:00:00,15.4,0.0,0.0,4
2026-08-28 03:00:00,15.5,0.0,0.0,14
2026-08-28 04:00:00,15.5,0.0,0.0,32
2026-08-28 05:00:00,15.3,0.0,0.0,16
2026-08-28 06:00:00,15.0,0.0,0.0,28
2026-08-28 07:00:00,15.4,52.0,24.0,22
2026-08-28 08:00:00,16.8,192.0,178.0,18
2026-08-28 09:00:00,18.9,356.0,394.9,15
2026-08-28 10:00:00,20.8,503.0,601.6,90
2026-08-28 11:00:00,22.5,585.0,697.6,9
2026-08-28 12:00:00,24.3,704.0,890.1,53
2026-08-28 13:00:00,25.6,743.0,947.3,95
2026-08-28 14:00:00,26.5,677.0,817.6,83
2026-08-28 15:00:00,26.8,639.0,780.1,93
2026-08-28 16:00:00,26.8,548.0,658.4,85
2026-08-28 17:00:00,26.6,411.0,469.6,97
2026-08-28 18:00:00,25.5,230.0,229.9,85
2026-08-28 19:00:00,23.7,105.0,83.2,88
2026-08-28 20:00:00,21.9,10.0,8.4,91
2026-08-28 21:00:00,21.1,0.0,0.0,61
2026-08-28 22:00:00,20.3,0.0,0.0,68
2026-08-28 23:00:00,19.3,0.0,0.0,98
2026-08-29 00:00:00,19.1,0.0,0.0,98
2026-08-29 01:00:00,18.7,0.0,0.0,100
2026-08-29 02:00:00,18.0,0.0,0.0,100
2026-08-29 03:00:00,19.0,0.0,0.0,100
2026-08-29 04:00:00,18.6,0.0,0.0,100
2026-08-29 05:00:00,16.4,0.0,0.0,100
2026-08-29 06:00:00,16.4,0.0,0.0,100
2026-08-29 07:00:00,16.7,7.0,6.5,100
2026-08-29 08:00:00,16.8,17.0,15.8,98
2026-08-29 09:00:00,16.9,220.0,218.3,100
2026-08-29 10:00:00,17.3,160.0,155.4,52
2026-08-29 11:00:00,19.8,539.0,643.1,11
2026-08-29 12:00:00,21.7,695.0,879.2,38
2026-08-29 13:00:00,22.3,612.0,744.2,19
2026-08-29 14:00:00,22.7,597.0,727.5,33
2026-08-29 15:00:00,22.8,568.0,695.7,30
2026-08-29 16:00:00,23.2,497.0,595.7,11
2026-08-29 17:00:00,23.1,408.0,473.2,9
2026-08-29 18:00:00,22.4,251.0,261.2,7
2026-08-29 19:00:00,20.9,108.0,82.6,23
2026-08-29 20:00:00,19.4,10.0,6.5,13
2026-08-29 21:00:00,18.5,0.0,0.0,2
2026-08-29 22:00:00,17.3,0.0,0.0,2
2026-08-29 23:00:00,16.4,0.0,0.0,1
2026-08-30 00:00:00,15.6,0.0,0.0,2
2026-08-30 01:00:00,15.4,0.0,0.0,2
2026-08-30 02:00:00,14.1,0.0,0.0,12
2026-08-30 03:00:00,13.7,0.0,0.0,75
2026-08-30 04:00:00,13.7,0.0,0.0,54
2026-08-30 05:00:00,13.4,0.0,0.0,97
2026-08-30 06:00:00,13.3,0.0,0.0,24
2026-08-30 07:00:00,14.2,44.0,23.1,0
2026-08-30 08:00:00,16.0,184.0,173.8,37
2026-08-30 09:00:00,18.6,334.0,371.5,9
2026-08-30 10:00:00,21.3,479.0,572.2,0
2026-08-30 11:00:00,23.1,612.0,766.8,0
2026-08-30 12:00:00,24.3,694.0,885.7,0
2026-08-30 13:00:00,25.1,732.0,941.3,1
2026-08-30 14:00:00,26.1,718.0,921.2,30
2026-08-30 15:00:00,26.5,607.0,749.5,59
2026-08-30 16:00:00,26.3,414.0,459.6,65
2026-08-30 17:00:00,26.0,385.0,445.1,31
2026-08-30 18:00:00,25.5,230.0,238.5,36
2026-08-30 19:00:00,23.4,101.0,78.3,33
2026-08-30 20:00:00,22.0,7.0,4.7,27
2026-08-30 21:00:00,21.9,0.0,0.0,16
2026-08-30 22:00:00,21.0,0.0,0.0,33
2026-08-30 23:00:00,20.0,0.0,0.0,77
2026-08-31 00:00:00,19.3,0.0,0.0,97
2026-08-31 01:00:00,19.0,0.0,0.0,68
2026-08-31 02:00:00,17.0,0.0,0.0,88
2026-08-31 03:00:00,16.6,0.0,0.0,70
2026-08-31 04:00:00,16.3,0.0,0.0,57
2026-08-31 05:00:00,16.1,0.0,0.0,35
2026-08-31 06:00:00,15.9,0.0,0.0,47
2026-08-31 07:00:00,16.7,40.0,21.6,78
2026-08-31 08:00:00,18.5,162.0,153.6,59
2026-08-31 09:00:00,21.2,295.0,322.8,52
2026-08-31 10:00:00,23.1,378.0,437.4,75
2026-08-31 11:00:00,23.1,349.0,396.1,97
2026-08-31 12:00:00,24.0,404.0,434.2,99
2026-08-31 13:00:00,23.1,275.0,283.1,99
2026-08-31 14:00:00,22.8,323.0,346.4,41
2026-08-31 15:00:00,23.1,539.0,632.6,91
2026-08-31 16:00:00,23.3,365.0,395.0,30
2026-08-31 17:00:00,23.5,363.0,416.8,12
2026-08-31 18:00:00,23.2,238.0,250.1,16
2026-08-31 19:00:00,21.9,92.0,72.3,5
2026-08-31 20:00:00,20.9,7.0,4.7,22
2026-08-31 21:00:00,19.7,0.0,0.0,70
2026-08-31 22:00:00,19.0,0.0,0.0,95
2026-08-31 23:00:00,18.7,0.0,0.0,98
2026-09-01 00:00:00,18.5,0.0,0.0,99
2026-09-01 01:00:00,18.1,0.0,0.0,100
2026-09-01 02:00:00,17.9,0.0,0.0,98
2026-09-01 03:00:00,17.7,0.0,0.0,97
2026-09-01 04:00:00,17.1,0.0,0.0,0
2026-09-01 05:00:00,16.1,0.0,0.0,1
2026-09-01 06:00:00,15.3,0.0,0.0,0
2026-09-01 07:00:00,15.8,40.0,21.4,20
2026-09-01 08:00:00,17.0,163.0,156.4,6
2026-09-01 09:00:00,18.2,325.0,366.8,2
2026-09-01 10:00:00,19.1,483.0,586.0,24
2026-09-01 11:00:00,19.7,555.0,679.1,18
2026-09-01 12:00:00,20.2,612.0,766.6,47
2026-09-01 13:00:00,21.0,657.0,827.7,46
2026-09-01 14:00:00,21.3,614.0,758.3,56
2026-09-01 15:00:00,21.2,617.0,771.8,43
2026-09-01 16:00:00,20.9,493.0,600.8,52
2026-09-01 17:00:00,20.5,355.0,411.0,52
2026-09-01 18:00:00,20.2,214.0,224.5,24
2026-09-01 19:00:00,19.2,87.0,68.5,22
2026-09-01 20:00:00,17.9,6.0,3.7,15
2026-09-01 21:00:00,17.2,0.0,0.0,19
2026-09-01 22:00:00,16.3,0.0,0.0,38
2026-09-01 23:00:00,15.5,0.0,0.0,6
2026-09-02 00:00:00,15.0,0.0,0.0,5
2026-09-02 01:00:00,14.4,0.0,0.0,6
2026-09-02 02:00:00,13.7,0.0,0.0,2
2026-09-02 03:00:00,13.5,0.0,0.0,1
2026-09-02 04:00:00,13.3,0.0,0.0,1
2026-09-02 05:00:00,13.3,0.0,0.0,10
2026-09-02 06:00:00,13.1,0.0,0.0,31
2026-09-02 07:00:00,13.8,38.0,21.7,58
2026-09-02 08:00:00,14.9,166.0,161.0,75
2026-09-02 09:00:00,17.0,289.0,318.9,42
2026-09-02 10:00:00,18.7,382.0,442.5,25
2026-09-02 11:00:00,20.2,499.0,601.8,42
2026-09-02 12:00:00,21.1,534.0,632.3,9
2026-09-02 13:00:00,22.2,683.0,879.3,14
2026-09-02 14:00:00,22.2,632.0,805.8,6
2026-09-02 15:00:00,22.6,613.0,780.8,13
2026-09-02 16:00:00,22.6,500.0,618.1,75
2026-09-02 17:00:00,22.2,367.0,425.1,93
2026-09-02 18:00:00,21.6,232.0,246.5,100
2026-09-02 19:00:00,20.2,67.0,59.3,100
2026-09-02 20:00:00,19.1,4.0,3.7,79
2026-09-02 21:00:00,18.2,0.0,0.0,70
2026-09-02 22:00:00,17.2,0.0,0.0,9
2026-09-02 23:00:00,16.2,0.0,0.0,48
2026-09-03 00:00:00,15.7,0.0,0.0,13
2026-09-03 01:00:00,15.1,0.0,0.0,45
2026-09-03 02:00:00,14.3,0.0,0.0,70
2026-09-03 03:00:00,14.0,0.0,0.0,66
2026-09-03 04:00:00,13.7,0.0,0.0,57
2026-09-03 05:00:00,13.6,0.0,0.0,21
2026-09-03 06:00:00,13.0,0.0,0.0,91
2026-09-03 07:00:00,13.4,30.0,22.8,68
2026-09-03 08:00:00,14.7,152.0,147.8,69
2026-09-03 09:00:00,16.2,287.0,317.6,2
2026-09-03 10:00:00,18.2,471.0,578.5,47
2026-09-03 11:00:00,19.8,590.0,747.9,71
2026-09-03 12:00:00,20.8,664.0,847.2,35
2026-09-03 13:00:00,21.3,623.0,794.6,91
2026-09-03 14:00:00,21.9,584.0,704.7,100
2026-09-03 15:00:00,21.6,461.0,502.6,100
2026-09-03 16:00:00,21.4,302.0,299.3,100
2026-09-03 17:00:00,20.9,247.0,247.3,97
2026-09-03 18:00:00,20.5,165.0,162.3,45
2026-09-03 19:00:00,19.2,80.0,65.7,70
2026-09-03 20:00:00,18.2,3.0,2.8,83
2026-09-03 21:00:00,18.0,0.0,0.0,6
2026-09-03 22:00:00,17.4,0.0,0.0,2
2026-09-03 23:00:00,16.6,0.0,0.0,50
2026-09-04 00:00:00,16.0,0.0,0.0,98
2026-09-04 01:00:00,16.3,0.0,0.0,100
2026-09-04 02:00:00,17.2,0.0,0.0,100
2026-09-04 03:00:00,16.0,0.0,0.0,100
2026-09-04 04:00:00,16.2,0.0,0.0,100
2026-09-04 05:00:00,16.0,0.0,0.0,100
2026-09-04 06:00:00,15.8,0.0,0.0,99
2026-09-04 07:00:00,16.1,15.0,13.9,99
2026-09-04 08:00:00,17.1,71.0,67.3,100
2026-09-04 09:00:00,18.2,150.0,143.5,99
2026-09-04 10:00:00,19.5,249.0,251.1,94
2026-09-04 11:00:00,21.7,507.0,613.3,95
2026-09-04 12:00:00,22.8,593.0,735.9,98
2026-09-04 13:00:00,22.9,466.0,538.3,96
2026-09-04 14:00:00,23.9,521.0,622.8,96
2026-09-04 15:00:00,24.6,411.0,459.7,96
2026-09-04 16:00:00,25.0,330.0,359.6,98
2026-09-04 17:00:00,25.1,242.0,251.3,99
2026-09-04 18:00:00,24.6,171.0,174.2,98
2026-09-04 19:00:00,23.9,52.0,46.3,97
2026-09-04 20:00:00,23.4,2.0,1.9,97
2026-09-04 21:00:00,22.7,0.0,0.0,95
2026-09-04 22:00:00,22.6,0.0,0.0,60
2026-09-04 23:00:00,23.4,0.0,0.0,35
2026-09-05 00:00:00,21.6,0.0,0.0,30
2026-09-05 01:00:00,19.2,0.0,0.0,80
2026-09-05 02:00:00,16.2,0.0,0.0,76
2026-09-05 03:00:00,15.7,0.0,0.0,100
2026-09-05 04:00:00,15.7,0.0,0.0,90
2026-09-05 05:00:00,15.5,0.0,0.0,100
2026-09-05 06:00:00,15.6,0.0,0.0,100
2026-09-05 07:00:00,15.9,6.0,5.6,100
2026-09-05 08:00:00,14.8,30.0,27.8,100
2026-09-05 09:00:00,14.9,57.0,54.8,99
2026-09-05 10:00:00,15.9,158.0,151.3,68
2026-09-05 11:00:00,18.4,538.0,653.5,28
2026-09-05 12:00:00,19.6,585.0,734.8,38
2026-09-05 13:00:00,20.5,598.0,756.3,20
2026-09-05 14:00:00,20.4,656.0,845.5,48
2026-09-05 15:00:00,20.3,527.0,654.6,17
2026-09-05 16:00:00,20.7,498.0,623.6,11
2026-09-05 17:00:00,20.7,382.0,462.9,31
2026-09-05 18:00:00,19.8,201.0,218.7,28
2026-09-05 19:00:00,18.4,69.0,55.3,27
2026-09-05 20:00:00,17.8,2.0,1.9,23
2026-09-05 21:00:00,17.1,0.0,0.0,28
2026-09-05 22:00:00,16.6,0.0,0.0,41
2026-09-05 23:00:00,15.7,0.0,0.0,80
2026-09-06 00:00:00,15.1,0.0,0.0,39
2026-09-06 01:00:00,14.3,0.0,0.0,66
2026-09-06 02:00:00,14.1,0.0,0.0,20
2026-09-06 03:00:00,13.6,0.0,0.0,33
2026-09-06 04:00:00,12.7,0.0,0.0,70
2026-09-06 05:00:00,12.0,0.0,0.0,59
2026-09-06 06:00:00,12.4,0.0,0.0,36
2026-09-06 07:00:00,12.6,21.0,14.7,30
2026-09-06 08:00:00,13.1,128.0,127.2,25
2026-09-06 09:00:00,14.2,287.0,329.1,41
2026-09-06 10:00:00,15.0,386.0,461.9,55
2026-09-06 11:00:00,15.9,425.0,507.5,74
2026-09-06 12:00:00,16.5,475.0,552.5,95
2026-09-06 13:00:00,17.1,469.0,535.1,60
2026-09-06 14:00:00,17.6,525.0,625.4,80
2026-09-06 15:00:00,17.7,394.0,434.9,87
2026-09-06 16:00:00,17.7,322.0,344.2,55
2026-09-06 17:00:00,17.4,209.0,208.4,18
2026-09-06 18:00:00,17.0,177.0,186.9,57
2026-09-06 19:00:00,15.9,60.0,49.9,11
2026-09-06 20:00:00,14.6,1.0,0.9,2
2026-09-06 21:00:00,13.6,0.0,0.0,3
2026-09-06 22:00:00,12.8,0.0,0.0,6
2026-09-06 23:00:00,12.3,0.0,0.0,1
2026-09-07 00:00:00,11.9,0.0,0.0,0
2026-09-07 01:00:00,11.4,0.0,0.0,1
2026-09-07 02:00:00,9.5,0.0,0.0,25
2026-09-07 03:00:00,9.5,0.0,0.0,3
2026-09-07 04:00:00,9.2,0.0,0.0,10
2026-09-07 05:00:00,9.0,0.0,0.0,26
2026-09-07 06:00:00,8.9,0.0,0.0,46
2026-09-07 07:00:00,9.7,28.0,19.3,59
2026-09-07 08:00:00,11.3,151.0,153.6,20
2026-09-07 09:00:00,14.3,314.0,372.8,19
2026-09-07 10:00:00,16.9,466.0,588.6,43
2026-09-07 11:00:00,18.3,586.0,761.1,27
2026-09-07 12:00:00,19.6,670.0,885.9,88
2026-09-07 13:00:00,20.3,558.0,657.5,99
2026-09-07 14:00:00,20.9,582.0,690.0,98
2026-09-07 15:00:00,21.4,479.0,552.2,100
2026-09-07 16:00:00,20.9,195.0,186.5,94
2026-09-07 17:00:00,21.2,305.0,341.4,99
2026-09-07 18:00:00,20.3,132.0,127.2,100
2026-09-07 19:00:00,18.6,27.0,25.0,100
2026-09-07 20:00:00,18.0,0.0,0.0,77
2026-09-07 21:00:00,16.8,0.0,0.0,91
2026-09-07 22:00:00,16.1,0.0,0.0,98
2026-09-07 23:00:00,15.6,0.0,0.0,91
2026-09-08 00:00:00,15.0,0.0,0.0,55
2026-09-08 01:00:00,14.5,0.0,0.0,5
2026-09-08 02:00:00,13.7,0.0,0.0,4
2026-09-08 03:00:00,13.6,0.0,0.0,6
2026-09-08 04:00:00,13.8,0.0,0.0,1
2026-09-08 05:00:00,13.9,0.0,0.0,1
2026-09-08 06:00:00,14.1,0.0,0.0,0
2026-09-08 07:00:00,15.1,26.0,17.9,0
2026-09-08 08:00:00,17.2,150.0,156.7,0
2026-09-08 09:00:00,20.0,307.0,369.5,0
2026-09-08 10:00:00,22.2,454.0,578.8,0
2026-09-08 11:00:00,24.2,574.0,753.2,3
2026-09-08 12:00:00,25.9,656.0,873.5,1
2026-09-08 13:00:00,27.1,690.0,924.8,0
2026-09-08 14:00:00,28.8,675.0,902.4,1
2026-09-08 15:00:00,29.1,600.0,791.9,3
2026-09-08 16:00:00,29.0,498.0,644.7,0
2026-09-08 17:00:00,28.4,366.0,454.6,0
2026-09-08 18:00:00,27.2,211.0,238.4,0
2026-09-08 19:00:00,25.0,65.0,53.9,2
2026-09-08 20:00:00,24.3,1.0,0.0,9
2026-09-08 21:00:00,22.9,0.0,0.0,20
2026-09-08 22:00:00,21.9,0.0,0.0,25
2026-09-08 23:00:00,21.7,0.0,0.0,3
2026-09-09 00:00:00,21.2,0.0,0.0,2
2026-09-09 01:00:00,21.0,0.0,0.0,2
2026-09-09 02:00:00,20.8,0.0,0.0,0
2026-09-09 03:00:00,20.6,0.0,0.0,0
2026-09-09 04:00:00,20.6,0.0,0.0,0
2026-09-09 05:00:00,20.4,0.0,0.0,0
2026-09-09 06:00:00,20.1,0.0,0.0,0
2026-09-09 07:00:00,20.0,24.0,16.7,0
2026-09-09 08:00:00,21.5,149.0,158.0,29
2026-09-09 09:00:00,23.3,268.0,319.8,32
2026-09-09 10:00:00,25.5,416.0,520.8,6
2026-09-09 11:00:00,27.1,564.0,740.3,9
2026-09-09 12:00:00,27.8,637.0,844.9,1
2026-09-09 13:00:00,28.3,689.0,928.4,9
2026-09-09 14:00:00,29.3,652.0,869.0,12
2026-09-09 15:00:00,29.3,589.0,774.0,9
2026-09-09 16:00:00,29.1,495.0,643.0,0
2026-09-09 17:00:00,28.4,360.0,450.0,10
2026-09-09 18:00:00,27.5,201.0,228.2,7
2026-09-09 19:00:00,25.3,58.0,49.3,20
2026-09-09 20:00:00,23.5,0.0,0.0,19
2026-09-09 21:00:00,21.7,0.0,0.0,63
2026-09-09 22:00:00,19.2,0.0,0.0,73
2026-09-09 23:00:00,17.6,0.0,0.0,97
2026-09-10 00:00:00,17.0,0.0,0.0,93
2026-09-10 01:00:00,16.1,0.0,0.0,100
2026-09-10 02:00:00,14.4,0.0,0.0,100
2026-09-10 03:00:00,14.3,0.0,0.0,100
2026-09-10 04:00:00,14.1,0.0,0.0,100
2026-09-10 05:00:00,13.9,0.0,0.0,100
2026-09-10 06:00:00,13.7,0.0,0.0,100
2026-09-10 07:00:00,13.4,9.0,7.9,78
2026-09-10 08:00:00,13.4,126.0,128.4,93
2026-09-10 09:00:00,14.7,260.0,292.6,51
2026-09-10 10:00:00,15.9,382.0,469.8,80
2026-09-10 11:00:00,16.7,472.0,591.6,89
2026-09-10 12:00:00,17.7,550.0,674.4,100
2026-09-10 13:00:00,17.5,352.0,359.7,100
2026-09-10 14:00:00,17.0,293.0,288.6,100
2026-09-10 15:00:00,17.4,361.0,370.2,100
2026-09-10 16:00:00,17.4,333.0,347.3,100
2026-09-10 17:00:00,17.0,198.0,204.2,98
2026-09-10 18:00:00,16.5,97.0,92.8,99
2026-09-10 19:00:00,15.7,36.0,32.8,100
2026-09-10 20:00:00,14.9,0.0,0.0,99
2026-09-10 21:00:00,14.8,0.0,0.0,98
2026-09-10 22:00:00,14.3,0.0,0.0,42
2026-09-10 23:00:00,13.1,0.0,0.0,47
2026-09-11 00:00:00,12.6,0.0,0.0,85
2026-09-11 01:00:00,12.0,0.0,0.0,99
2026-09-11 02:00:00,11.1,0.0,0.0,99
2026-09-11 03:00:00,10.7,0.0,0.0,99
2026-09-11 04:00:00,10.4,0.0,0.0,97
2026-09-11 05:00:00,10.5,0.0,0.0,97
2026-09-11 06:00:00,10.4,0.0,0.0,99
2026-09-11 07:00:00,11.1,12.0,10.8,100
2026-09-11 08:00:00,11.1,69.0,64.7,100
2026-09-11 09:00:00,11.6,64.0,59.4,100
2026-09-11 10:00:00,11.6,60.0,55.7,100
2026-09-11 11:00:00,11.7,79.0,73.3,100
2026-09-11 12:00:00,12.0,122.0,113.2,100
2026-09-11 13:00:00,11.5,65.0,60.3,100
2026-09-11 14:00:00,11.5,86.0,80.3,100
2026-09-11 15:00:00,11.5,74.0,68.6,100
2026-09-11 16:00:00,11.5,62.0,57.5,100
2026-09-11 17:00:00,11.1,26.0,24.1,100
2026-09-11 18:00:00,11.0,38.0,35.3,100
2026-09-11 19:00:00,11.0,13.0,12.1,100
2026-09-11 20:00:00,10.9,0.0,0.0,100
2026-09-11 21:00:00,10.9,0.0,0.0,100
2026-09-11 22:00:00,10.8,0.0,0.0,89
2026-09-11 23:00:00,10.5,0.0,0.0,57
2026-09-12 00:00:00,10.0,0.0,0.0,53
2026-09-12 01:00:00,9.7,0.0,0.0,11
2026-09-12 02:00:00,9.2,0.0,0.0,76
2026-09-12 03:00:00,9.0,0.0,0.0,62
2026-09-12 04:00:00,8.6,0.0,0.0,40
2026-09-12 05:00:00,8.0,0.0,0.0,100
2026-09-12 06:00:00,8.0,0.0,0.0,100
2026-09-12 07:00:00,8.1,12.0,10.8,100
2026-09-12 08:00:00,8.8,105.0,106.4,91
2026-09-12 09:00:00,11.0,232.0,256.0,59
2026-09-12 10:00:00,13.1,407.0,509.5,14
2026-09-12 11:00:00,14.7,529.0,691.9,86
2026-09-12 12:00:00,15.6,531.0,655.7,92
2026-09-12 13:00:00,16.2,519.0,646.6,100
2026-09-12 14:00:00,16.2,343.0,357.4,100
2026-09-12 15:00:00,16.0,266.0,269.8,100
2026-09-12 16:00:00,15.7,191.0,183.5,100
2026-09-12 17:00:00,15.6,113.0,104.8,100
2026-09-12 18:00:00,15.6,97.0,94.8,100
2026-09-12 19:00:00,14.8,24.0,22.3,100
2026-09-12 20:00:00,13.8,0.0,0.0,99
2026-09-12 21:00:00,13.4,0.0,0.0,60
2026-09-12 22:00:00,12.7,0.0,0.0,18
2026-09-12 23:00:00,12.1,0.0,0.0,2
2026-09-13 00:00:00,11.1,0.0,0.0,4
2026-09-13 01:00:00,10.2,0.0,0.0,8
2026-09-13 02:00:00,10.8,0.0,0.0,66
2026-09-13 03:00:00,10.8,0.0,0.0,29
2026-09-13 04:00:00,10.3,0.0,0.0,100
2026-09-13 05:00:00,10.9,0.0,0.0,88
2026-09-13 06:00:00,10.8,0.0,0.0,100
2026-09-13 07:00:00,11.3,10.0,9.0,84
2026-09-13 08:00:00,12.1,119.0,128.3,95
2026-09-13 09:00:00,14.6,245.0,282.1,80
2026-09-13 10:00:00,16.4,342.0,417.3,91
2026-09-13 11:00:00,17.8,463.0,559.0,98
2026-09-13 12:00:00,18.4,479.0,559.8,92
2026-09-13 13:00:00,18.9,460.0,509.8,94
2026-09-13 14:00:00,19.2,448.0,505.7,100
2026-09-13 15:00:00,18.6,150.0,139.1,91
2026-09-13 16:00:00,19.3,338.0,388.0,73
2026-09-13 17:00:00,19.2,265.0,306.6,100
2026-09-13 18:00:00,17.9,66.0,67.4,100
2026-09-13 19:00:00,16.7,7.0,6.5,100
2026-09-13 20:00:00,16.4,0.0,0.0,100
2026-09-13 21:00:00,16.0,0.0,0.0,100
2026-09-13 22:00:00,15.3,0.0,0.0,100
2026-09-13 23:00:00,14.8,0.0,0.0,100
2026-09-14 00:00:00,14.7,0.0,0.0,100
2026-09-14 01:00:00,14.7,0.0,0.0,79
2026-09-14 02:00:00,12.9,0.0,0.0,38
2026-09-14 03:00:00,12.7,0.0,0.0,71
2026-09-14 04:00:00,12.6,0.0,0.0,70
2026-09-14 05:00:00,12.4,0.0,0.0,77
2026-09-14 06:00:00,12.3,0.0,0.0,98
2026-09-14 07:00:00,12.4,13.0,11.7,100
2026-09-14 08:00:00,13.7,73.0,68.3,100
2026-09-14 09:00:00,14.4,141.0,146.5,100
2026-09-14 10:00:00,15.9,245.0,250.9,93
2026-09-14 11:00:00,17.0,300.0,320.4,100
2026-09-14 12:00:00,18.0,352.0,371.1,100
2026-09-14 13:00:00,18.8,432.0,491.5,94
2026-09-14 14:00:00,19.2,531.0,659.9,100
2026-09-14 15:00:00,18.6,328.0,341.6,93
2026-09-14 16:00:00,17.8,260.0,289.0,45
2026-09-14 17:00:00,18.2,293.0,361.2,29
2026-09-14 18:00:00,15.5,156.0,178.3,97
2026-09-14 19:00:00,15.1,22.0,20.7,70
2026-09-14 20:00:00,15.3,0.0,0.0,34
2026-09-14 21:00:00,14.9,0.0,0.0,44
2026-09-14 22:00:00,14.4,0.0,0.0,32
2026-09-14 23:00:00,13.8,0.0,0.0,33
2026-09-15 00:00:00,13.2,0.0,0.0,16
2026-09-15 01:00:00,12.7,0.0,0.0,23
2026-09-15 02:00:00,12.6,0.0,0.0,38
2026-09-15 03:00:00,12.5,0.0,0.0,32
2026-09-15 04:00:00,11.8,0.0,0.0,33
2026-09-15 05:00:00,11.5,0.0,0.0,100
2026-09-15 06:00:00,11.3,0.0,0.0,100
2026-09-15 07:00:00,11.6,8.0,7.4,100
2026-09-15 08:00:00,12.6,65.0,60.6,100
2026-09-15 09:00:00,13.4,114.0,108.1,100
2026-09-15 10:00:00,15.1,209.0,207.0,100
2026-09-15 11:00:00,16.3,270.0,265.1,56
2026-09-15 12:00:00,17.8,448.0,540.7,40
2026-09-15 13:00:00,18.5,417.0,499.4,30
2026-09-15 14:00:00,19.8,515.0,651.0,10
2026-09-15 15:00:00,20.1,472.0,611.1,25
2026-09-15 16:00:00,20.2,390.0,485.2,16
2026-09-15 17:00:00,20.0,297.0,373.4,16
2026-09-15 18:00:00,19.1,165.0,197.0,36
2026-09-15 19:00:00,16.9,37.0,36.4,12
2026-09-15 20:00:00,16.0,0.0,0.0,0
2026-09-15 21:00:00,15.2,0.0,0.0,0
2026-09-15 22:00:00,14.4,0.0,0.0,0
2026-09-15 23:00:00,13.9,0.0,0.0,0
2026-09-16 00:00:00,13.6,0.0,0.0,0
2026-09-16 01:00:00,13.1,0.0,0.0,0
2026-09-16 02:00:00,12.2,0.0,0.0,1
2026-09-16 03:00:00,11.8,0.0,0.0,0
2026-09-16 04:00:00,11.2,0.0,0.0,2
2026-09-16 05:00:00,10.8,0.0,0.0,30
2026-09-16 06:00:00,10.6,0.0,0.0,43
2026-09-16 07:00:00,10.7,13.0,11.8,30
2026-09-16 08:00:00,12.5,120.0,137.5,13
2026-09-16 09:00:00,15.6,276.0,352.9,7
2026-09-16 10:00:00,18.4,423.0,565.3,16
2026-09-16 11:00:00,20.8,538.0,731.5,10
2026-09-16 12:00:00,22.3,625.0,864.6,38
2026-09-16 13:00:00,23.0,651.0,899.6,54
2026-09-16 14:00:00,23.8,621.0,846.2,70
2026-09-16 15:00:00,23.9,476.0,605.0,17
2026-09-16 16:00:00,23.5,451.0,606.4,80
2026-09-16 17:00:00,22.8,245.0,288.1,56
2026-09-16 18:00:00,22.0,150.0,176.9,55
2026-09-16 19:00:00,20.0,31.0,30.7,56
2026-09-16 20:00:00,20.2,0.0,0.0,98
2026-09-16 21:00:00,19.8,0.0,0.0,91
2026-09-16 22:00:00,18.6,0.0,0.0,76
2026-09-16 23:00:00,17.5,0.0,0.0,100
2026-09-17 00:00:00,16.3,0.0,0.0,100
2026-09-17 01:00:00,16.1,0.0,0.0,100
2026-09-17 02:00:00,16.1,0.0,0.0,100
2026-09-17 03:00:00,15.7,0.0,0.0,100
2026-09-17 04:00:00,15.5,0.0,0.0,100
2026-09-17 05:00:00,14.6,0.0,0.0,100
2026-09-17 06:00:00,14.0,0.0,0.0,100
2026-09-17 07:00:00,13.6,2.0,1.9,100
2026-09-17 08:00:00,13.4,24.0,22.7,100
2026-09-17 09:00:00,14.0,101.0,97.2,100
2026-09-17 10:00:00,14.9,187.0,187.2,100
2026-09-17 11:00:00,15.3,212.0,216.2,100
2026-09-17 12:00:00,16.1,317.0,328.7,100
2026-09-17 13:00:00,16.3,252.0,243.7,100
2026-09-17 14:00:00,16.3,280.0,280.2,20
2026-09-17 15:00:00,17.4,505.0,675.3,26
2026-09-17 16:00:00,17.5,409.0,545.2,10
2026-09-17 17:00:00,17.4,291.0,377.8,8
2026-09-17 18:00:00,16.8,151.0,183.0,23
2026-09-17 19:00:00,15.3,30.0,30.9,23
2026-09-17 20:00:00,14.3,0.0,0.0,17
2026-09-17 21:00:00,13.4,0.0,0.0,36
2026-09-17 22:00:00,12.9,0.0,0.0,29
2026-09-17 23:00:00,12.4,0.0,0.0,61
2026-09-18 00:00:00,12.0,0.0,0.0,34
2026-09-18 01:00:00,11.7,0.0,0.0,49
2026-09-18 02:00:00,11.2,0.0,0.0,65
2026-09-18 03:00:00,10.9,0.0,0.0,41
2026-09-18 04:00:00,10.7,0.0,0.0,2
2026-09-18 05:00:00,10.5,0.0,0.0,19
2026-09-18 06:00:00,10.0,0.0,0.0,34
2026-09-18 07:00:00,9.8,10.0,9.6,58
2026-09-18 08:00:00,10.4,106.0,121.1,91
2026-09-18 09:00:00,12.7,240.0,291.0,84
2026-09-18 10:00:00,15.6,373.0,470.4,8
2026-09-18 11:00:00,17.8,535.0,737.5,2
2026-09-18 12:00:00,19.2,614.0,857.2,62
2026-09-18 13:00:00,20.1,571.0,774.1,55
2026-09-18 14:00:00,20.3,515.0,676.9,100
2026-09-18 15:00:00,20.1,300.0,350.7,96
2026-09-18 16:00:00,19.8,227.0,246.2,85
2026-09-18 17:00:00,19.6,164.0,179.6,47
2026-09-18 18:00:00,18.7,136.0,158.5,79
2026-09-18 19:00:00,17.0,25.0,25.7,15
2026-09-18 20:00:00,16.5,0.0,0.0,16
2026-09-18 21:00:00,15.7,0.0,0.0,46
2026-09-18 22:00:00,15.0,0.0,0.0,55
2026-09-18 23:00:00,14.3,0.0,0.0,50
2026-09-19 00:00:00,13.8,0.0,0.0,16
2026-09-19 01:00:00,13.1,0.0,0.0,2
2026-09-19 02:00:00,11.9,0.0,0.0,4
2026-09-19 03:00:00,11.5,0.0,0.0,26
2026-09-19 04:00:00,11.5,0.0,0.0,0
2026-09-19 05:00:00,11.1,0.0,0.0,2
2026-09-19 06:00:00,10.5,0.0,0.0,8
2026-09-19 07:00:00,10.3,9.0,8.9,2
2026-09-19 08:00:00,12.2,111.0,133.0,34
2026-09-19 09:00:00,15.1,261.0,339.9,62
2026-09-19 10:00:00,17.3,399.0,532.8,39
2026-09-19 11:00:00,18.7,524.0,719.4,15
2026-09-19 12:00:00,19.5,609.0,851.0,16
2026-09-19 13:00:00,20.3,645.0,909.9,84
2026-09-19 14:00:00,20.8,380.0,427.8,50
2026-09-19 15:00:00,20.9,421.0,531.1,78
2026-09-19 16:00:00,20.8,309.0,385.1,43
2026-09-19 17:00:00,20.7,259.0,329.5,3
2026-09-19 18:00:00,19.5,147.0,184.5,12
2026-09-19 19:00:00,17.4,24.0,26.0,78
2026-09-19 20:00:00,17.2,0.0,0.0,73
2026-09-19 21:00:00,16.8,0.0,0.0,21
2026-09-19 22:00:00,16.4,0.0,0.0,5
2026-09-19 23:00:00,15.6,0.0,0.0,53
2026-09-20 00:00:00,15.0,0.0,0.0,90
2026-09-20 01:00:00,14.9,0.0,0.0,35
2026-09-20 02:00:00,14.2,0.0,0.0,12
2026-09-20 03:00:00,14.0,0.0,0.0,3
2026-09-20 04:00:00,13.8,0.0,0.0,11
2026-09-20 05:00:00,13.6,0.0,0.0,27
2026-09-20 06:00:00,13.1,0.0,0.0,66
2026-09-20 07:00:00,13.4,8.0,8.0,38
2026-09-20 08:00:00,14.7,106.0,128.6,38
2026-09-20 09:00:00,16.7,252.0,332.1,5
2026-09-20 10:00:00,18.5,402.0,554.7,41
2026-09-20 11:00:00,20.0,507.0,697.7,86
2026-09-20 12:00:00,20.7,429.0,521.1,74
2026-09-20 13:00:00,22.0,608.0,837.1,90
2026-09-20 14:00:00,22.7,541.0,696.5,89
2026-09-20 15:00:00,22.4,376.0,475.2,82
2026-09-20 16:00:00,22.4,354.0,439.9,89
2026-09-20 17:00:00,21.8,211.0,236.7,99
2026-09-20 18:00:00,20.8,74.0,72.4,100
2026-09-20 19:00:00,18.6,6.0,5.6,100
2026-09-20 20:00:00,16.2,0.0,0.0,100
2026-09-20 21:00:00,15.3,0.0,0.0,100
2026-09-20 22:00:00,15.0,0.0,0.0,100
2026-09-20 23:00:00,14.6,0.0,0.0,100
2026-09-21 00:00:00,14.1,0.0,0.0,100
2026-09-21 01:00:00,13.5,0.0,0.0,99
2026-09-21 02:00:00,12.1,0.0,0.0,31
2026-09-21 03:00:00,11.5,0.0,0.0,73
2026-09-21 04:00:00,10.9,0.0,0.0,38
2026-09-21 05:00:00,10.5,0.0,0.0,15
2026-09-21 06:00:00,10.0,0.0,0.0,33
2026-09-21 07:00:00,10.0,6.0,6.0,41
2026-09-21 08:00:00,10.5,90.0,103.7,78
2026-09-21 09:00:00,11.5,201.0,242.7,100
2026-09-21 10:00:00,12.3,226.0,225.9,100
2026-09-21 11:00:00,13.0,329.0,378.9,100
2026-09-21 12:00:00,11.7,164.0,155.7,95
2026-09-21 13:00:00,11.4,319.0,344.2,76
2026-09-21 14:00:00,13.8,419.0,511.2,100
2026-09-21 15:00:00,10.5,181.0,170.8,53
2026-09-21 16:00:00,12.6,375.0,493.3,35
2026-09-21 17:00:00,12.4,270.0,352.1,38
2026-09-21 18:00:00,11.6,112.0,136.3,29
2026-09-21 19:00:00,10.8,18.0,20.1,11
2026-09-21 20:00:00,10.7,0.0,0.0,83
2026-09-21 21:00:00,9.5,0.0,0.0,86
2026-09-21 22:00:00,9.8,0.0,0.0,64
2026-09-21 23:00:00,9.4,0.0,0.0,34
2026-09-22 00:00:00,9.0,0.0,0.0,74
2026-09-22 01:00:00,8.9,0.0,0.0,49
2026-09-22 02:00:00,8.9,0.0,0.0,57
2026-09-22 03:00:00,8.9,0.0,0.0,50
2026-09-22 04:00:00,8.8,0.0,0.0,48
2026-09-22 05:00:00,8.5,0.0,0.0,80
2026-09-22 06:00:00,8.4,0.0,0.0,100
2026-09-22 07:00:00,8.7,4.0,3.7,83
2026-09-22 08:00:00,9.0,61.0,65.1,32
2026-09-22 09:00:00,9.9,195.0,243.2,100
2026-09-22 10:00:00,10.6,173.0,170.0,72
2026-09-22 11:00:00,11.6,309.0,370.1,92
2026-09-22 12:00:00,12.4,269.0,296.7,100
2026-09-22 13:00:00,12.6,175.0,168.3,100
2026-09-22 14:00:00,12.4,317.0,346.1,63
2026-09-22 15:00:00,13.1,409.0,523.5,40
2026-09-22 16:00:00,13.9,319.0,411.2,41
2026-09-22 17:00:00,12.4,192.0,227.5,24
2026-09-22 18:00:00,12.0,115.0,143.3,17
2026-09-22 19:00:00,11.1,14.0,15.3,30
2026-09-22 20:00:00,10.5,0.0,0.0,34
2026-09-22 21:00:00,10.5,0.0,0.0,2
2026-09-22 22:00:00,10.0,0.0,0.0,30
2026-09-22 23:00:00,9.7,0.0,0.0,30
2026-09-23 00:00:00,9.5,0.0,0.0,27
2026-09-23 01:00:00,9.2,0.0,0.0,3
2026-09-23 02:00:00,8.7,0.0,0.0,14
2026-09-23 03:00:00,8.6,0.0,0.0,9
2026-09-23 04:00:00,8.2,0.0,0.0,5
2026-09-23 05:00:00,7.9,0.0,0.0,24
2026-09-23 06:00:00,7.7,0.0,0.0,100
2026-09-23 07:00:00,8.1,4.0,3.7,100
2026-09-23 08:00:00,8.5,35.0,32.5,100
2026-09-23 09:00:00,9.2,110.0,103.9,100
2026-09-23 10:00:00,10.1,179.0,173.9,100
2026-09-23 11:00:00,11.1,238.0,243.9,97
2026-09-23 12:00:00,11.9,321.0,366.4,30
2026-09-23 13:00:00,13.4,528.0,707.4,30
2026-09-23 14:00:00,13.1,524.0,710.5,41
2026-09-23 15:00:00,13.8,423.0,570.2,72
2026-09-23 16:00:00,11.3,251.0,309.1,57
2026-09-23 17:00:00,12.1,189.0,238.5,17
2026-09-23 18:00:00,11.3,110.0,140.1,62
2026-09-23 19:00:00,10.7,12.0,13.1,16
2026-09-23 20:00:00,10.1,0.0,0.0,15
2026-09-23 21:00:00,9.6,0.0,0.0,7
2026-09-23 22:00:00,9.1,0.0,0.0,7
2026-09-23 23:00:00,8.7,0.0,0.0,9
2026-09-24 00:00:00,8.3,0.0,0.0,6
2026-09-24 01:00:00,8.1,0.0,0.0,5
2026-09-24 02:00:00,7.4,0.0,0.0,5
2026-09-24 03:00:00,7.2,0.0,0.0,95
2026-09-24 04:00:00,7.2,0.0,0.0,93
2026-09-24 05:00:00,7.2,0.0,0.0,93
2026-09-24 06:00:00,7.4,0.0,0.0,99
2026-09-24 07:00:00,8.2,3.0,2.8,100
2026-09-24 08:00:00,8.9,42.0,44.9,94
2026-09-24 09:00:00,10.3,142.0,161.9,100
2026-09-24 10:00:00,10.7,99.0,99.3,100
2026-09-24 11:00:00,12.0,190.0,188.0,100
2026-09-24 12:00:00,12.6,162.0,152.1,100
2026-09-24 13:00:00,14.7,355.0,403.4,100
2026-09-24 14:00:00,15.2,294.0,303.6,100
2026-09-24 15:00:00,13.2,98.0,90.9,100
2026-09-24 16:00:00,11.9,82.0,76.1,100
2026-09-24 17:00:00,11.6,63.0,58.4,88
2026-09-24 18:00:00,11.0,49.0,52.1,100
2026-09-24 19:00:00,10.6,3.0,2.8,100
2026-09-24 20:00:00,11.0,0.0,0.0,100
2026-09-24 21:00:00,10.9,0.0,0.0,100
2026-09-24 22:00:00,10.8,0.0,0.0,100
2026-09-24 23:00:00,10.6,0.0,0.0,100
2026-09-25 00:00:00,10.4,0.0,0.0,100
2026-09-25 01:00:00,10.3,0.0,0.0,100
2026-09-25 02:00:00,10.1,0.0,0.0,100
2026-09-25 03:00:00,10.4,0.0,0.0,100
2026-09-25 04:00:00,10.4,0.0,0.0,100
2026-09-25 05:00:00,10.4,0.0,0.0,100
2026-09-25 06:00:00,10.3,0.0,0.0,100
2026-09-25 07:00:00,10.3,2.0,1.9,100
2026-09-25 08:00:00,10.6,29.0,26.9,98
2026-09-25 09:00:00,11.1,127.0,130.2,86
2026-09-25 10:00:00,12.2,254.0,299.9,98
2026-09-25 11:00:00,12.9,256.0,290.4,100
2026-09-25 12:00:00,13.6,308.0,332.2,100
2026-09-25 13:00:00,14.3,358.0,401.1,100
2026-09-25 14:00:00,13.9,281.0,303.4,92
2026-09-25 15:00:00,14.2,235.0,257.2,93
2026-09-25 16:00:00,14.1,170.0,171.7,97
2026-09-25 17:00:00,14.0,143.0,157.5,29
2026-09-25 18:00:00,13.5,84.0,97.5,25
2026-09-25 19:00:00,12.3,9.0,10.1,100
2026-09-25 20:00:00,12.3,0.0,0.0,98
2026-09-25 21:00:00,12.0,0.0,0.0,100
2026-09-25 22:00:00,11.7,0.0,0.0,99
2026-09-25 23:00:00,11.4,0.0,0.0,100
2026-09-26 00:00:00,11.2,0.0,0.0,95
2026-09-26 01:00:00,10.5,0.0,0.0,88
2026-09-26 02:00:00,9.6,0.0,0.0,88
2026-09-26 03:00:00,9.2,0.0,0.0,99
2026-09-26 04:00:00,9.1,0.0,0.0,91
2026-09-26 05:00:00,8.6,0.0,0.0,32
2026-09-26 06:00:00,8.2,0.0,0.0,96
2026-09-26 07:00:00,8.6,3.0,2.8,33
2026-09-26 08:00:00,9.4,83.0,109.3,55
2026-09-26 09:00:00,11.5,226.0,311.1,97
2026-09-26 10:00:00,13.3,302.0,364.8,99
2026-09-26 11:00:00,14.7,396.0,486.2,99
2026-09-26 12:00:00,16.0,504.0,661.0,98
2026-09-26 13:00:00,17.1,568.0,778.8,26
2026-09-26 14:00:00,18.1,581.0,841.2,16
2026-09-26 15:00:00,18.4,517.0,752.3,12
2026-09-26 16:00:00,18.5,407.0,589.5,5
2026-09-26 17:00:00,18.1,265.0,379.1,23
2026-09-26 18:00:00,16.3,114.0,158.4,9
2026-09-26 19:00:00,14.2,10.0,13.3,0
2026-09-26 20:00:00,13.6,0.0,0.0,0
2026-09-26 21:00:00,13.1,0.0,0.0,54
2026-09-26 22:00:00,12.6,0.0,0.0,99
2026-09-26 23:00:00,11.8,0.0,0.0,61
2026-09-27 00:00:00,11.1,0.0,0.0,50
2026-09-27 01:00:00,10.4,0.0,0.0,29
2026-09-27 02:00:00,9.6,0.0,0.0,73
2026-09-27 03:00:00,9.2,0.0,0.0,98
2026-09-27 04:00:00,9.0,0.0,0.0,100
2026-09-27 05:00:00,9.1,0.0,0.0,94
2026-09-27 06:00:00,8.5,0.0,0.0,96
2026-09-27 07:00:00,8.3,3.0,2.8,98
2026-09-27 08:00:00,9.2,68.0,74.3,99
2026-09-27 09:00:00,11.6,185.0,223.7,98
2026-09-27 10:00:00,13.8,286.0,337.3,98
2026-09-27 11:00:00,16.2,417.0,534.1,91
2026-09-27 12:00:00,17.8,545.0,767.9,15
2026-09-27 13:00:00,18.8,606.0,894.6,56
2026-09-27 14:00:00,19.6,571.0,824.0,28
2026-09-27 15:00:00,19.9,510.0,745.0,0
2026-09-27 16:00:00,20.0,403.0,590.6,0
2026-09-27 17:00:00,19.6,260.0,376.7,0
2026-09-27 18:00:00,17.6,109.0,154.7,0
2026-09-27 19:00:00,15.6,8.0,10.8,0
2026-09-27 20:00:00,14.8,0.0,0.0,0
2026-09-27 21:00:00,13.9,0.0,0.0,0
2026-09-27 22:00:00,13.0,0.0,0.0,0
2026-09-27 23:00:00,12.7,0.0,0.0,0
